usuario_id,nombre,apellido,edad,genero,region,tipo_usuario,fecha_registro,vendor,ingest_date
686579303,María,Pérez,65,Femenino,Ica,Nuevo,2023-04-15,crisol,2025-11-09
726600539,Camila,Herrera,52,Masculino,Piura,Nuevo,2023-01-31,crisol,2025-11-09
100604502,Ana,López,50,Otro,Lima,Nuevo,2024-07-12,crisol,2025-11-09
450455977,Ana,Torres,55,Femenino,Trujillo,Recurrente,2023-06-13,crisol,2025-11-09
749621470,José,Gonzales,35,Masculino,Ica,Recurrente,2023-12-11,crisol,2025-11-09
109747451,María,Ramos,24,Femenino,Cusco,Recurrente,2023-02-14,crisol,2025-11-09
783543540,Lucía,Díaz,25,Femenino,Huancayo,Nuevo,2024-01-06,crisol,2025-11-09
619927151,Ana,Ruiz,22,Masculino,Tacna,Nuevo,2023-10-24,crisol,2025-11-09
85675980,Rosa,López,24,Femenino,Pucallpa,Nuevo,2024-01-09,crisol,2025-11-09
174648506,Sofía,Gonzales,31,Otro,Pucallpa,Recurrente,2023-03-15,crisol,2025-11-09
654049436,Andrés,Rodríguez,52,Otro,Ica,Nuevo,2024-01-24,crisol,2025-11-09
289854268,Javier,Salazar,62,Otro,Ica,Recurrente,2023-02-27,crisol,2025-11-09
245938494,Rosa,Pérez,69,Femenino,Cajamarca,Nuevo,2023-08-05,crisol,2025-11-09
980472440,Valeria,Herrera,63,Femenino,Ica,Recurrente,2024-02-10,crisol,2025-11-09
949921299,Javier,Salazar,47,Masculino,Pucallpa,Nuevo,2024-07-28,crisol,2025-11-09
578722458,Luis,Ruiz,55,Femenino,Piura,Nuevo,2023-08-13,crisol,2025-11-09
148532577,Pedro,Torres,23,Masculino,Huancayo,Nuevo,2023-06-13,crisol,2025-11-09
850488739,Andrés,Ramos,56,Masculino,Cajamarca,Nuevo,2024-04-24,crisol,2025-11-09
568132202,Luis,Díaz,18,Otro,Ayacucho,Nuevo,2024-07-03,crisol,2025-11-09
806248900,Luis,Flores,59,Femenino,Huancayo,Nuevo,2023-06-11,crisol,2025-11-09
487182120,Juan,Ruiz,64,Femenino,Arequipa,Recurrente,2024-06-03,crisol,2025-11-09
979926683,María,Vásquez,58,Femenino,Tacna,Nuevo,2023-07-23,crisol,2025-11-09
164109919,Sofía,Flores,28,Otro,Trujillo,Recurrente,2023-01-01,crisol,2025-11-09
643111853,Sofía,Torres,19,Masculino,Cusco,Recurrente,2023-11-11,crisol,2025-11-09
257109965,Juan,López,54,Masculino,Huancayo,Recurrente,2023-03-12,crisol,2025-11-09
816690353,Pedro,Flores,26,Masculino,Tacna,Nuevo,2024-07-16,crisol,2025-11-09
177303722,Luis,Díaz,56,Femenino,Ica,Recurrente,2023-07-25,crisol,2025-11-09
765523129,Luis,Ramos,60,Otro,Cusco,Nuevo,2024-06-13,crisol,2025-11-09
484779555,María,López,32,Masculino,Cusco,Nuevo,2024-07-21,crisol,2025-11-09
247083812,Valeria,López,18,Masculino,Ayacucho,Recurrente,2023-08-23,crisol,2025-11-09
72370545,Javier,Pérez,39,Masculino,Arequipa,Nuevo,2024-05-12,crisol,2025-11-09
230035022,Pedro,Rodríguez,64,Otro,Piura,Nuevo,2024-04-29,crisol,2025-11-09
867043303,José,López,24,Masculino,Tacna,Nuevo,2024-03-09,crisol,2025-11-09
441417711,Lucía,Vásquez,64,Masculino,Tacna,Recurrente,2023-04-11,crisol,2025-11-09
65082363,José,Ruiz,39,Masculino,Ica,Nuevo,2024-07-03,crisol,2025-11-09
481695135,Carlos,Ramos,29,Femenino,Chiclayo,Nuevo,2023-03-19,crisol,2025-11-09
475808013,Diego,Vásquez,53,Masculino,Lima,Recurrente,2024-07-07,crisol,2025-11-09
897677788,Juan,García,66,Masculino,Huánuco,Nuevo,2024-05-07,crisol,2025-11-09
229509408,Rosa,Ramos,21,Masculino,Cajamarca,Nuevo,2024-02-04,crisol,2025-11-09
284759615,Javier,Flores,68,Femenino,Pucallpa,Nuevo,2024-07-23,crisol,2025-11-09
710678904,Camila,Torres,27,Masculino,Pucallpa,Nuevo,2023-03-01,crisol,2025-11-09
621890096,Camila,Díaz,21,Otro,Cusco,Nuevo,2024-08-21,crisol,2025-11-09
511947770,Pedro,Herrera,51,Masculino,Lima,Recurrente,2023-03-24,crisol,2025-11-09
914122100,Carlos,García,56,Masculino,Tacna,Recurrente,2024-02-18,crisol,2025-11-09
128727266,Javier,Castro,33,Otro,Piura,Nuevo,2023-03-25,crisol,2025-11-09
450139320,Andrés,Castro,54,Otro,Cusco,Recurrente,2023-07-29,crisol,2025-11-09
719112790,Camila,Gonzales,33,Femenino,Cajamarca,Nuevo,2023-11-04,crisol,2025-11-09
490941149,Sofía,Herrera,66,Masculino,Lima,Nuevo,2024-07-30,crisol,2025-11-09
107354053,María,Díaz,31,Otro,Pucallpa,Nuevo,2023-12-24,crisol,2025-11-09
945820704,María,Herrera,33,Femenino,Pucallpa,Nuevo,2024-07-10,crisol,2025-11-09
755420240,Luis,Castro,69,Otro,Arequipa,Nuevo,2024-07-21,crisol,2025-11-09
321455482,Javier,Salazar,24,Masculino,Pucallpa,Nuevo,2023-04-20,crisol,2025-11-09
797163846,Pedro,Rodríguez,35,Femenino,Piura,Nuevo,2023-12-18,crisol,2025-11-09
218610946,Andrés,Salazar,34,Otro,Chiclayo,Nuevo,2023-02-22,crisol,2025-11-09
99104722,Andrés,Ramos,35,Masculino,Lima,Nuevo,2023-05-14,crisol,2025-11-09
684095277,Luis,Rodríguez,65,Femenino,Arequipa,Recurrente,2024-07-28,crisol,2025-11-09
10382761,María,García,62,Masculino,Arequipa,Nuevo,2024-01-14,crisol,2025-11-09
625464884,Pedro,Rodríguez,45,Masculino,Lima,Nuevo,2023-02-10,crisol,2025-11-09
965212976,Sofía,López,61,Masculino,Tacna,Nuevo,2024-07-27,crisol,2025-11-09
949332407,Rosa,Ramos,57,Otro,Huánuco,Recurrente,2023-08-31,crisol,2025-11-09
928363301,Carlos,Flores,69,Masculino,Cajamarca,Nuevo,2023-12-07,crisol,2025-11-09
840081098,Javier,Ramos,69,Otro,Ayacucho,Recurrente,2023-10-01,crisol,2025-11-09
170937380,Diego,Ruiz,24,Femenino,Lima,Recurrente,2023-08-16,crisol,2025-11-09
214289692,Rosa,Herrera,47,Femenino,Pucallpa,Recurrente,2023-08-22,crisol,2025-11-09
239362341,Juan,Salazar,30,Femenino,Cusco,Nuevo,2023-03-13,crisol,2025-11-09
830353157,Luis,Gonzales,59,Otro,Cajamarca,Recurrente,2024-07-03,crisol,2025-11-09
355569462,Juan,García,34,Masculino,Piura,Recurrente,2023-09-29,crisol,2025-11-09
41078352,María,Castro,45,Femenino,Ayacucho,Recurrente,2024-03-22,crisol,2025-11-09
650911797,Pedro,García,42,Otro,Ica,Nuevo,2024-03-22,crisol,2025-11-09
1815992,Pedro,Herrera,69,Otro,Tacna,Recurrente,2023-07-21,crisol,2025-11-09
391079829,José,García,60,Femenino,Piura,Nuevo,2023-05-08,crisol,2025-11-09
772830248,Javier,Martínez,50,Femenino,Tacna,Nuevo,2024-02-17,crisol,2025-11-09
748621833,Luis,Díaz,26,Masculino,Cajamarca,Recurrente,2024-01-24,crisol,2025-11-09
727264603,Camila,Herrera,29,Otro,Piura,Nuevo,2024-07-15,crisol,2025-11-09
895205588,Juan,Martínez,36,Masculino,Cajamarca,Recurrente,2023-11-26,crisol,2025-11-09
499277266,Lucía,Torres,61,Masculino,Arequipa,Nuevo,2023-06-23,crisol,2025-11-09
707435606,María,Martínez,50,Otro,Tacna,Recurrente,2023-04-06,crisol,2025-11-09
878775497,Diego,López,61,Femenino,Ica,Recurrente,2023-05-31,crisol,2025-11-09
26226563,Juan,López,48,Otro,Trujillo,Nuevo,2024-02-29,crisol,2025-11-09
951482263,Andrés,Castro,30,Otro,Ayacucho,Nuevo,2024-02-14,crisol,2025-11-09
261976301,Carlos,Salazar,62,Masculino,Trujillo,Recurrente,2023-04-20,crisol,2025-11-09
835822550,José,López,29,Otro,Arequipa,Nuevo,2024-07-24,crisol,2025-11-09
267574609,Javier,Vásquez,25,Femenino,Huánuco,Recurrente,2024-06-27,crisol,2025-11-09
600141462,Valeria,Gonzales,66,Femenino,Piura,Recurrente,2024-05-31,crisol,2025-11-09
458209399,Rosa,Herrera,53,Femenino,Huánuco,Recurrente,2024-05-01,crisol,2025-11-09
483258726,Luis,Flores,33,Otro,Pucallpa,Recurrente,2024-06-17,crisol,2025-11-09
520332086,Andrés,López,35,Femenino,Huancayo,Recurrente,2023-08-29,crisol,2025-11-09
291751878,Sofía,Gonzales,52,Masculino,Huánuco,Nuevo,2024-01-28,crisol,2025-11-09
745122940,Carlos,Ruiz,31,Masculino,Cajamarca,Nuevo,2024-07-09,crisol,2025-11-09
500282414,José,Pérez,31,Femenino,Cajamarca,Recurrente,2024-08-21,crisol,2025-11-09
746812123,Juan,Vásquez,66,Otro,Cajamarca,Nuevo,2023-12-27,crisol,2025-11-09
320632895,Diego,Ramos,44,Otro,Ayacucho,Recurrente,2023-08-14,crisol,2025-11-09
524232414,Ana,Martínez,45,Femenino,Lima,Nuevo,2024-02-19,crisol,2025-11-09
777583839,Carlos,Vásquez,47,Masculino,Piura,Nuevo,2024-02-08,crisol,2025-11-09
635540030,Valeria,Salazar,19,Masculino,Tacna,Nuevo,2024-04-17,crisol,2025-11-09
195130056,Juan,Martínez,42,Femenino,Ica,Nuevo,2023-12-12,crisol,2025-11-09
817364173,Javier,Ramos,35,Femenino,Pucallpa,Recurrente,2024-04-26,crisol,2025-11-09
20812641,Camila,Díaz,21,Femenino,Ica,Recurrente,2023-02-11,crisol,2025-11-09
809851739,Juan,López,30,Masculino,Piura,Nuevo,2023-05-10,crisol,2025-11-09
508482316,Andrés,García,54,Masculino,Chiclayo,Recurrente,2024-01-13,crisol,2025-11-09
180162221,Valeria,Castro,65,Otro,Huancayo,Recurrente,2023-06-17,crisol,2025-11-09
333975497,María,Castro,19,Femenino,Piura,Recurrente,2024-01-20,crisol,2025-11-09
425904456,Camila,López,22,Otro,Ayacucho,Recurrente,2023-09-06,crisol,2025-11-09
109415691,Camila,Flores,37,Otro,Piura,Recurrente,2024-08-02,crisol,2025-11-09
840348305,Juan,Gonzales,52,Femenino,Tacna,Nuevo,2024-06-02,crisol,2025-11-09
695294275,Sofía,Pérez,44,Femenino,Huancayo,Nuevo,2024-01-06,crisol,2025-11-09
682454310,Javier,Vásquez,47,Otro,Huánuco,Nuevo,2024-06-18,crisol,2025-11-09
698423334,Luis,Castro,69,Otro,Trujillo,Nuevo,2024-03-22,crisol,2025-11-09
886625773,Camila,Castro,35,Femenino,Ica,Recurrente,2023-03-30,crisol,2025-11-09
299496923,Javier,Torres,33,Femenino,Piura,Recurrente,2024-01-24,crisol,2025-11-09
361203124,Juan,Torres,38,Masculino,Chiclayo,Nuevo,2023-09-22,crisol,2025-11-09
365436049,Luis,Herrera,56,Otro,Pucallpa,Nuevo,2024-06-13,crisol,2025-11-09
205145276,María,López,64,Femenino,Chiclayo,Nuevo,2023-09-04,crisol,2025-11-09
741536135,Lucía,Salazar,63,Femenino,Chiclayo,Recurrente,2023-04-06,crisol,2025-11-09
315933049,Ana,Ramos,62,Masculino,Pucallpa,Recurrente,2024-01-13,crisol,2025-11-09
508159580,Pedro,Díaz,40,Femenino,Ayacucho,Nuevo,2023-12-27,crisol,2025-11-09
754684750,Lucía,Martínez,37,Femenino,Ica,Nuevo,2023-07-17,crisol,2025-11-09
338817025,María,Ruiz,52,Otro,Huánuco,Nuevo,2024-05-10,crisol,2025-11-09
296889215,Camila,Castro,66,Otro,Piura,Nuevo,2023-04-13,crisol,2025-11-09
894027897,Ana,Martínez,32,Femenino,Huánuco,Nuevo,2024-06-30,crisol,2025-11-09
135917419,Luis,Pérez,21,Otro,Pucallpa,Recurrente,2023-05-10,crisol,2025-11-09
684907325,Rosa,Flores,49,Masculino,Lima,Nuevo,2024-04-25,crisol,2025-11-09
514015466,Lucía,Gonzales,29,Masculino,Pucallpa,Recurrente,2024-05-04,crisol,2025-11-09
122500131,Rosa,García,43,Femenino,Huancayo,Nuevo,2023-02-24,crisol,2025-11-09
162915636,Carlos,Flores,54,Femenino,Huancayo,Recurrente,2023-05-02,crisol,2025-11-09
599226355,Diego,Ramos,56,Otro,Trujillo,Recurrente,2024-06-19,crisol,2025-11-09
408427798,Lucía,Herrera,46,Femenino,Piura,Recurrente,2023-11-09,crisol,2025-11-09
610561240,Valeria,Pérez,57,Otro,Huancayo,Recurrente,2023-08-01,crisol,2025-11-09
671641650,Ana,Martínez,60,Masculino,Huánuco,Nuevo,2024-07-19,crisol,2025-11-09
80600295,Carlos,Pérez,44,Femenino,Ayacucho,Nuevo,2023-10-26,crisol,2025-11-09
35046782,Ana,Martínez,63,Femenino,Ayacucho,Recurrente,2023-03-14,crisol,2025-11-09
738073939,Ana,Herrera,34,Otro,Piura,Recurrente,2023-07-22,crisol,2025-11-09
456489494,María,Díaz,32,Otro,Huánuco,Recurrente,2023-05-26,crisol,2025-11-09
76675731,Juan,Rodríguez,68,Femenino,Piura,Recurrente,2024-08-05,crisol,2025-11-09
989122949,Luis,Torres,25,Femenino,Ayacucho,Nuevo,2024-02-17,crisol,2025-11-09
292322121,Pedro,Díaz,49,Femenino,Huancayo,Nuevo,2024-03-18,crisol,2025-11-09
788699799,Sofía,Castro,34,Masculino,Huancayo,Nuevo,2024-08-12,crisol,2025-11-09
630418447,Juan,Flores,61,Femenino,Piura,Nuevo,2023-06-29,crisol,2025-11-09
505196410,Pedro,Salazar,46,Femenino,Huánuco,Recurrente,2024-03-22,crisol,2025-11-09
681594897,Rosa,Torres,23,Femenino,Cusco,Nuevo,2023-11-25,crisol,2025-11-09
719550381,María,Vásquez,28,Femenino,Cajamarca,Recurrente,2023-10-23,crisol,2025-11-09
711443654,José,Vásquez,66,Otro,Lima,Nuevo,2023-11-19,crisol,2025-11-09
271011200,Sofía,García,67,Femenino,Arequipa,Recurrente,2023-01-02,crisol,2025-11-09
706157458,Rosa,Díaz,47,Femenino,Lima,Nuevo,2024-01-06,crisol,2025-11-09
668548027,Diego,Torres,58,Femenino,Trujillo,Nuevo,2023-10-01,crisol,2025-11-09
589720101,Carlos,Herrera,36,Femenino,Ayacucho,Nuevo,2023-01-30,crisol,2025-11-09
676481264,Valeria,Flores,33,Otro,Huánuco,Nuevo,2023-01-15,crisol,2025-11-09
592975437,José,García,32,Masculino,Chiclayo,Recurrente,2023-06-07,crisol,2025-11-09
535126623,Javier,Ruiz,36,Otro,Ayacucho,Nuevo,2024-05-09,crisol,2025-11-09
507042130,Ana,Torres,53,Masculino,Cajamarca,Nuevo,2024-06-04,crisol,2025-11-09
801325519,Javier,Rodríguez,22,Femenino,Trujillo,Recurrente,2024-02-29,crisol,2025-11-09
364938258,Javier,Flores,50,Femenino,Lima,Nuevo,2023-11-02,crisol,2025-11-09
899232921,Valeria,Castro,60,Femenino,Huánuco,Nuevo,2024-05-10,crisol,2025-11-09
370574014,Sofía,Díaz,66,Otro,Cajamarca,Nuevo,2023-11-26,crisol,2025-11-09
933727701,Ana,Ruiz,33,Otro,Cajamarca,Nuevo,2024-02-25,crisol,2025-11-09
46865930,Sofía,Ruiz,48,Otro,Trujillo,Nuevo,2023-06-05,crisol,2025-11-09
531855083,Juan,Rodríguez,50,Otro,Cusco,Recurrente,2024-03-26,crisol,2025-11-09
107064620,Pedro,Herrera,47,Masculino,Ayacucho,Nuevo,2023-06-08,crisol,2025-11-09
80346223,Lucía,Flores,34,Femenino,Piura,Recurrente,2023-03-24,crisol,2025-11-09
914576023,Sofía,Vásquez,61,Otro,Cajamarca,Recurrente,2024-05-14,crisol,2025-11-09
936714132,Pedro,Pérez,57,Masculino,Ica,Recurrente,2023-10-22,crisol,2025-11-09
244261532,Camila,García,45,Masculino,Trujillo,Recurrente,2023-04-13,crisol,2025-11-09
476396216,Carlos,Ruiz,37,Masculino,Lima,Nuevo,2023-02-27,crisol,2025-11-09
315001254,Sofía,Gonzales,45,Masculino,Ica,Nuevo,2024-08-02,crisol,2025-11-09
732077572,Diego,Rodríguez,28,Masculino,Huancayo,Recurrente,2024-01-27,crisol,2025-11-09
665408938,Andrés,López,49,Otro,Huánuco,Nuevo,2023-09-18,crisol,2025-11-09
493460064,Luis,Salazar,18,Femenino,Pucallpa,Recurrente,2023-06-11,crisol,2025-11-09
79308612,Lucía,Gonzales,55,Femenino,Tacna,Recurrente,2023-09-14,crisol,2025-11-09
490523712,Rosa,Martínez,30,Femenino,Chiclayo,Nuevo,2024-01-26,crisol,2025-11-09
614097318,Sofía,Castro,36,Otro,Pucallpa,Nuevo,2024-02-10,crisol,2025-11-09
294721069,Juan,Castro,61,Otro,Lima,Recurrente,2024-05-23,crisol,2025-11-09
894253959,Javier,Herrera,36,Masculino,Piura,Recurrente,2023-08-13,crisol,2025-11-09
683563240,Ana,Castro,34,Otro,Trujillo,Recurrente,2023-05-21,crisol,2025-11-09
674576271,María,Herrera,58,Otro,Lima,Nuevo,2024-03-27,crisol,2025-11-09
35824891,Valeria,Gonzales,64,Masculino,Huancayo,Recurrente,2023-12-01,crisol,2025-11-09
802601465,José,Rodríguez,30,Masculino,Trujillo,Nuevo,2024-01-10,crisol,2025-11-09
569998399,Pedro,Herrera,35,Masculino,Pucallpa,Recurrente,2024-05-08,crisol,2025-11-09
865960427,Luis,Ruiz,39,Masculino,Chiclayo,Recurrente,2023-05-25,crisol,2025-11-09
809763993,Ana,Vásquez,61,Otro,Tacna,Recurrente,2024-07-24,crisol,2025-11-09
392747974,María,Flores,43,Masculino,Pucallpa,Nuevo,2024-04-10,crisol,2025-11-09
395765839,Andrés,Ruiz,61,Femenino,Piura,Nuevo,2024-01-16,crisol,2025-11-09
116335741,Andrés,López,48,Masculino,Piura,Recurrente,2024-07-28,crisol,2025-11-09
352194058,Javier,Castro,32,Otro,Huancayo,Recurrente,2024-04-20,crisol,2025-11-09
976447539,Camila,Martínez,59,Femenino,Huancayo,Nuevo,2023-02-08,crisol,2025-11-09
326808977,Lucía,García,24,Masculino,Arequipa,Nuevo,2024-04-09,crisol,2025-11-09
398370582,Andrés,Ruiz,62,Otro,Cajamarca,Nuevo,2023-06-08,crisol,2025-11-09
950705815,José,Salazar,24,Femenino,Piura,Nuevo,2023-10-14,crisol,2025-11-09
35128844,Camila,Gonzales,31,Femenino,Chiclayo,Recurrente,2024-01-07,crisol,2025-11-09
106681214,Andrés,Gonzales,52,Otro,Cusco,Nuevo,2023-10-10,crisol,2025-11-09
203805386,María,Vásquez,70,Femenino,Huancayo,Recurrente,2023-01-22,crisol,2025-11-09
54308262,Diego,Gonzales,33,Masculino,Trujillo,Nuevo,2023-03-12,crisol,2025-11-09
891010113,Diego,Díaz,31,Otro,Ica,Recurrente,2023-08-27,crisol,2025-11-09
352788129,Diego,Rodríguez,68,Otro,Lima,Nuevo,2023-05-29,crisol,2025-11-09
139577989,Pedro,Martínez,69,Masculino,Huancayo,Recurrente,2023-01-27,crisol,2025-11-09
141522640,Juan,Gonzales,68,Masculino,Piura,Nuevo,2023-06-28,crisol,2025-11-09
284936197,Juan,Rodríguez,65,Femenino,Arequipa,Nuevo,2023-03-07,crisol,2025-11-09
511365210,Lucía,Flores,41,Otro,Piura,Nuevo,2024-05-30,crisol,2025-11-09
237887233,Valeria,Pérez,64,Otro,Arequipa,Nuevo,2023-02-01,crisol,2025-11-09
65310776,Lucía,Vásquez,43,Femenino,Tacna,Nuevo,2024-03-30,crisol,2025-11-09
78910051,Javier,García,38,Otro,Huánuco,Nuevo,2023-10-09,crisol,2025-11-09
670355806,Andrés,Castro,53,Otro,Cusco,Nuevo,2024-06-27,crisol,2025-11-09
316644047,Lucía,Díaz,56,Femenino,Huancayo,Recurrente,2023-04-28,crisol,2025-11-09
915679227,Andrés,Salazar,67,Otro,Ayacucho,Recurrente,2024-03-16,crisol,2025-11-09
484853393,Javier,López,44,Femenino,Chiclayo,Nuevo,2023-04-08,crisol,2025-11-09
335596237,José,Gonzales,60,Femenino,Cusco,Recurrente,2024-04-30,crisol,2025-11-09
72083844,María,Vásquez,23,Masculino,Cajamarca,Nuevo,2024-01-17,crisol,2025-11-09
871630639,Carlos,Díaz,21,Otro,Arequipa,Nuevo,2023-05-06,crisol,2025-11-09
441102414,Sofía,Vásquez,60,Femenino,Ayacucho,Nuevo,2023-10-22,crisol,2025-11-09
644685429,Luis,Gonzales,24,Otro,Arequipa,Nuevo,2024-05-08,crisol,2025-11-09
240781088,Rosa,García,40,Otro,Cusco,Nuevo,2023-10-13,crisol,2025-11-09
616435189,Ana,Flores,45,Otro,Trujillo,Recurrente,2024-07-24,crisol,2025-11-09
28189836,Valeria,Herrera,60,Otro,Pucallpa,Nuevo,2023-10-07,crisol,2025-11-09
754517058,Diego,Martínez,39,Femenino,Lima,Nuevo,2023-05-27,crisol,2025-11-09
608082645,Andrés,Ramos,22,Masculino,Ayacucho,Recurrente,2023-02-01,crisol,2025-11-09
98524063,Camila,Díaz,31,Femenino,Cajamarca,Nuevo,2023-06-11,crisol,2025-11-09
397341481,Luis,Ruiz,38,Otro,Piura,Nuevo,2023-02-23,crisol,2025-11-09
167052653,Carlos,Flores,57,Masculino,Tacna,Nuevo,2024-03-29,crisol,2025-11-09
710751262,José,Torres,56,Femenino,Cajamarca,Nuevo,2024-06-08,crisol,2025-11-09
122210617,Sofía,Ramos,25,Femenino,Tacna,Recurrente,2024-05-13,crisol,2025-11-09
565791188,Andrés,Martínez,20,Masculino,Cajamarca,Recurrente,2023-02-26,crisol,2025-11-09
8253947,Ana,Martínez,31,Masculino,Trujillo,Nuevo,2023-12-02,crisol,2025-11-09
128832213,Juan,Torres,65,Femenino,Huánuco,Nuevo,2024-06-29,crisol,2025-11-09
755561271,Ana,Díaz,53,Otro,Trujillo,Nuevo,2024-02-11,crisol,2025-11-09
925312439,Camila,Pérez,45,Masculino,Chiclayo,Recurrente,2023-11-17,crisol,2025-11-09
618216692,José,Castro,43,Otro,Tacna,Nuevo,2023-04-28,crisol,2025-11-09
434900128,Juan,Gonzales,28,Otro,Chiclayo,Recurrente,2024-01-06,crisol,2025-11-09
94628740,José,Vásquez,24,Masculino,Cajamarca,Nuevo,2024-06-20,crisol,2025-11-09
84446671,José,Vásquez,37,Otro,Cusco,Nuevo,2023-06-22,crisol,2025-11-09
82011731,Pedro,Salazar,25,Otro,Arequipa,Nuevo,2023-12-24,crisol,2025-11-09
376990466,Camila,Vásquez,59,Masculino,Ica,Nuevo,2023-09-20,crisol,2025-11-09
211818984,Carlos,Castro,27,Otro,Huancayo,Nuevo,2024-05-20,crisol,2025-11-09
498165815,Diego,Castro,66,Otro,Chiclayo,Recurrente,2024-08-01,crisol,2025-11-09
690407222,Andrés,Castro,38,Otro,Cusco,Nuevo,2023-03-11,crisol,2025-11-09
503500181,Lucía,Salazar,37,Femenino,Piura,Nuevo,2024-06-03,crisol,2025-11-09
79661615,Luis,Torres,46,Masculino,Lima,Nuevo,2023-10-21,crisol,2025-11-09
82389284,Andrés,Vásquez,23,Otro,Piura,Nuevo,2024-04-18,crisol,2025-11-09
623123952,Pedro,Flores,65,Masculino,Chiclayo,Recurrente,2024-08-08,crisol,2025-11-09
699905142,Ana,Gonzales,56,Femenino,Arequipa,Nuevo,2023-03-05,crisol,2025-11-09
483745511,María,Flores,39,Otro,Huancayo,Nuevo,2023-06-26,crisol,2025-11-09
42028540,Ana,Ruiz,46,Femenino,Arequipa,Nuevo,2023-06-12,crisol,2025-11-09
390732457,Sofía,Herrera,36,Femenino,Cajamarca,Recurrente,2023-02-23,crisol,2025-11-09
847425963,Andrés,Salazar,39,Masculino,Cusco,Nuevo,2024-01-31,crisol,2025-11-09
305100495,Luis,Ruiz,60,Otro,Huánuco,Nuevo,2024-08-19,crisol,2025-11-09
712548074,Carlos,Herrera,40,Femenino,Tacna,Recurrente,2024-02-06,crisol,2025-11-09
138460786,Valeria,Ruiz,23,Femenino,Arequipa,Nuevo,2023-12-03,crisol,2025-11-09
873150512,Carlos,Salazar,62,Otro,Tacna,Recurrente,2023-04-06,crisol,2025-11-09
693663866,Andrés,Ramos,50,Femenino,Lima,Nuevo,2023-07-04,crisol,2025-11-09
229987621,Sofía,Flores,49,Masculino,Ica,Recurrente,2023-06-08,crisol,2025-11-09
82855381,Luis,Vásquez,68,Masculino,Arequipa,Recurrente,2024-06-23,crisol,2025-11-09
40531056,Andrés,Gonzales,67,Otro,Huánuco,Nuevo,2023-06-07,crisol,2025-11-09
174211616,Carlos,Vásquez,62,Otro,Trujillo,Recurrente,2024-03-24,crisol,2025-11-09
46914391,José,Gonzales,61,Otro,Ica,Recurrente,2023-10-19,crisol,2025-11-09
807873857,Camila,Flores,46,Masculino,Arequipa,Nuevo,2024-04-25,crisol,2025-11-09
970635050,Rosa,López,41,Otro,Piura,Recurrente,2024-04-17,crisol,2025-11-09
826178355,Luis,Flores,42,Otro,Arequipa,Nuevo,2023-06-15,crisol,2025-11-09
877130288,Ana,Flores,56,Masculino,Pucallpa,Nuevo,2024-05-07,crisol,2025-11-09
938575923,Sofía,Díaz,24,Otro,Arequipa,Recurrente,2023-10-19,crisol,2025-11-09
90060226,Diego,Rodríguez,35,Femenino,Arequipa,Nuevo,2024-03-23,crisol,2025-11-09
98476695,Javier,López,70,Femenino,Cusco,Recurrente,2024-02-29,crisol,2025-11-09
57184151,José,Díaz,41,Masculino,Cajamarca,Recurrente,2024-01-19,crisol,2025-11-09
241096660,Juan,Gonzales,24,Otro,Tacna,Nuevo,2023-05-30,crisol,2025-11-09
147746438,Juan,Martínez,48,Otro,Huánuco,Recurrente,2024-04-25,crisol,2025-11-09
481682167,Valeria,Pérez,23,Masculino,Pucallpa,Nuevo,2023-06-03,crisol,2025-11-09
589274064,Camila,Castro,51,Femenino,Huancayo,Recurrente,2023-09-01,crisol,2025-11-09
323358638,María,Pérez,33,Femenino,Tacna,Recurrente,2024-04-13,crisol,2025-11-09
67438668,María,Vásquez,49,Otro,Arequipa,Nuevo,2024-06-11,crisol,2025-11-09
617452511,Ana,Ruiz,27,Femenino,Cajamarca,Nuevo,2023-12-28,crisol,2025-11-09
258303887,Valeria,Ramos,29,Otro,Tacna,Nuevo,2024-01-05,crisol,2025-11-09
72670118,Pedro,Díaz,50,Otro,Arequipa,Nuevo,2024-04-26,crisol,2025-11-09
46744734,Andrés,Ramos,41,Femenino,Ayacucho,Nuevo,2023-03-11,crisol,2025-11-09
370228863,Ana,Ruiz,60,Otro,Huancayo,Recurrente,2023-12-07,crisol,2025-11-09
143247463,Juan,Gonzales,52,Femenino,Tacna,Nuevo,2024-04-20,crisol,2025-11-09
746668526,Lucía,Salazar,29,Masculino,Huancayo,Recurrente,2024-04-13,crisol,2025-11-09
39711044,Luis,López,20,Masculino,Lima,Nuevo,2023-11-14,crisol,2025-11-09
553388913,José,Vásquez,52,Femenino,Pucallpa,Nuevo,2023-07-15,crisol,2025-11-09
307209235,Sofía,Vásquez,67,Masculino,Tacna,Nuevo,2023-05-08,crisol,2025-11-09
858287383,Sofía,Ramos,43,Otro,Chiclayo,Recurrente,2024-01-31,crisol,2025-11-09
364037804,Carlos,Torres,62,Femenino,Cusco,Recurrente,2024-06-15,crisol,2025-11-09
286389162,Diego,García,64,Femenino,Huancayo,Nuevo,2023-07-04,crisol,2025-11-09
585698675,Luis,Gonzales,24,Masculino,Cusco,Recurrente,2023-11-10,crisol,2025-11-09
478798403,Valeria,Ruiz,45,Masculino,Ayacucho,Nuevo,2024-04-02,crisol,2025-11-09
45478504,Camila,Vásquez,40,Otro,Cajamarca,Nuevo,2023-02-28,crisol,2025-11-09
80574838,Andrés,Salazar,43,Femenino,Arequipa,Recurrente,2023-06-13,crisol,2025-11-09
33436988,Carlos,Vásquez,56,Otro,Trujillo,Nuevo,2023-05-10,crisol,2025-11-09
72191273,Ana,Flores,59,Femenino,Cusco,Nuevo,2024-08-03,crisol,2025-11-09
34773472,Valeria,Rodríguez,61,Femenino,Cusco,Nuevo,2023-03-20,crisol,2025-11-09
616243819,Carlos,Díaz,41,Femenino,Cusco,Recurrente,2023-09-13,crisol,2025-11-09
121814525,Juan,Ruiz,29,Femenino,Arequipa,Nuevo,2024-07-29,crisol,2025-11-09
126444910,Luis,Flores,34,Otro,Chiclayo,Nuevo,2023-10-20,crisol,2025-11-09
745156039,Javier,Torres,30,Masculino,Huánuco,Recurrente,2024-04-07,crisol,2025-11-09
185388355,Javier,Ruiz,46,Masculino,Trujillo,Recurrente,2023-11-24,crisol,2025-11-09
717087513,Sofía,Ruiz,22,Otro,Arequipa,Nuevo,2023-11-04,crisol,2025-11-09
914143043,Carlos,Ruiz,63,Otro,Tacna,Nuevo,2024-01-06,crisol,2025-11-09
546272321,Ana,García,30,Masculino,Ica,Recurrente,2023-01-27,crisol,2025-11-09
387509692,Pedro,Castro,41,Femenino,Trujillo,Recurrente,2023-05-13,crisol,2025-11-09
657074545,Javier,García,22,Femenino,Cajamarca,Recurrente,2024-05-05,crisol,2025-11-09
564461415,José,Flores,44,Otro,Huancayo,Nuevo,2023-11-21,crisol,2025-11-09
689705810,María,Torres,47,Otro,Arequipa,Nuevo,2024-07-18,crisol,2025-11-09
686973497,Valeria,Rodríguez,67,Masculino,Cajamarca,Nuevo,2023-02-26,crisol,2025-11-09
892699085,María,Díaz,27,Femenino,Huánuco,Nuevo,2023-08-19,crisol,2025-11-09
371539452,Pedro,Herrera,36,Masculino,Pucallpa,Nuevo,2024-07-18,crisol,2025-11-09
294689553,Carlos,Salazar,37,Otro,Arequipa,Nuevo,2023-06-22,crisol,2025-11-09
635449477,Valeria,Rodríguez,28,Otro,Piura,Recurrente,2023-12-12,crisol,2025-11-09
904659703,Javier,Castro,20,Masculino,Huancayo,Nuevo,2024-08-13,crisol,2025-11-09
284172112,Andrés,López,67,Otro,Cajamarca,Recurrente,2023-02-01,crisol,2025-11-09
534764290,Javier,Salazar,52,Femenino,Tacna,Recurrente,2024-05-09,crisol,2025-11-09
262935648,Diego,Flores,61,Femenino,Pucallpa,Nuevo,2023-03-03,crisol,2025-11-09
169737590,Lucía,Ramos,48,Femenino,Ica,Nuevo,2023-05-28,crisol,2025-11-09
335632899,Rosa,Ruiz,38,Otro,Cusco,Recurrente,2023-05-14,crisol,2025-11-09
816757816,Sofía,Díaz,53,Masculino,Cusco,Nuevo,2023-05-06,crisol,2025-11-09
287195524,Lucía,López,27,Masculino,Lima,Nuevo,2024-01-29,crisol,2025-11-09
927888868,Valeria,Ramos,33,Masculino,Cusco,Recurrente,2023-11-17,crisol,2025-11-09
203832812,Diego,Rodríguez,49,Otro,Chiclayo,Nuevo,2023-11-12,crisol,2025-11-09
534047267,Juan,García,43,Otro,Chiclayo,Recurrente,2023-08-09,crisol,2025-11-09
626360971,Sofía,Pérez,21,Femenino,Chiclayo,Nuevo,2024-04-26,crisol,2025-11-09
306819991,Pedro,Pérez,24,Femenino,Huánuco,Recurrente,2024-01-10,crisol,2025-11-09
820184955,José,Gonzales,20,Femenino,Lima,Nuevo,2023-07-19,crisol,2025-11-09
389256938,Pedro,Martínez,22,Femenino,Arequipa,Nuevo,2024-07-17,crisol,2025-11-09
300347789,Rosa,Castro,61,Otro,Huancayo,Nuevo,2023-04-10,crisol,2025-11-09
422950895,Sofía,Flores,39,Otro,Cusco,Recurrente,2023-07-23,crisol,2025-11-09
646889670,Pedro,Ramos,50,Masculino,Lima,Nuevo,2023-12-08,crisol,2025-11-09
863251765,Lucía,Díaz,47,Masculino,Piura,Recurrente,2023-05-24,crisol,2025-11-09
352150647,Javier,Castro,38,Masculino,Cajamarca,Recurrente,2023-11-03,crisol,2025-11-09
637506993,Sofía,Díaz,50,Otro,Chiclayo,Recurrente,2023-11-03,crisol,2025-11-09
509912042,Rosa,Pérez,41,Femenino,Tacna,Nuevo,2024-03-02,crisol,2025-11-09
626745401,Luis,Flores,64,Otro,Tacna,Nuevo,2024-04-30,crisol,2025-11-09
285111130,Andrés,Flores,67,Otro,Piura,Nuevo,2023-02-22,crisol,2025-11-09
626553348,Lucía,Rodríguez,51,Otro,Ayacucho,Recurrente,2024-01-25,crisol,2025-11-09
158672959,Rosa,Salazar,33,Masculino,Piura,Recurrente,2023-04-23,crisol,2025-11-09
204853117,Juan,Torres,38,Femenino,Huánuco,Nuevo,2023-07-28,crisol,2025-11-09
440639384,Pedro,Flores,57,Femenino,Ayacucho,Recurrente,2023-05-22,crisol,2025-11-09
556931857,Ana,Díaz,38,Otro,Chiclayo,Nuevo,2023-11-18,crisol,2025-11-09
185953213,Lucía,Herrera,52,Femenino,Arequipa,Nuevo,2023-09-28,crisol,2025-11-09
655064741,Lucía,López,33,Femenino,Arequipa,Nuevo,2023-11-01,crisol,2025-11-09
828042067,Luis,Ruiz,31,Otro,Ayacucho,Nuevo,2024-05-06,crisol,2025-11-09
374524558,Pedro,Herrera,68,Otro,Pucallpa,Nuevo,2024-08-10,crisol,2025-11-09
726517607,Pedro,Ramos,43,Femenino,Trujillo,Recurrente,2023-10-25,crisol,2025-11-09
45168545,Luis,Ruiz,23,Femenino,Chiclayo,Recurrente,2024-05-05,crisol,2025-11-09
229766590,Ana,Vásquez,52,Femenino,Arequipa,Recurrente,2023-05-21,crisol,2025-11-09
117281149,Valeria,Ruiz,55,Masculino,Ica,Nuevo,2024-06-27,crisol,2025-11-09
242313086,Andrés,López,21,Masculino,Cajamarca,Nuevo,2024-04-28,crisol,2025-11-09
107959268,Andrés,Flores,26,Masculino,Arequipa,Recurrente,2023-06-11,crisol,2025-11-09
436913550,Andrés,Herrera,48,Femenino,Tacna,Nuevo,2023-10-22,crisol,2025-11-09
344851196,Luis,Salazar,21,Masculino,Tacna,Nuevo,2024-07-01,crisol,2025-11-09
793158610,Camila,Vásquez,20,Masculino,Cajamarca,Recurrente,2023-06-30,crisol,2025-11-09
987450363,Juan,Vásquez,43,Femenino,Huánuco,Recurrente,2023-10-24,crisol,2025-11-09
941395813,Juan,Pérez,37,Otro,Piura,Nuevo,2023-12-10,crisol,2025-11-09
305545745,Lucía,Salazar,52,Otro,Chiclayo,Recurrente,2023-05-18,crisol,2025-11-09
913818435,Pedro,Torres,35,Masculino,Trujillo,Nuevo,2023-06-16,crisol,2025-11-09
785033297,Lucía,Salazar,34,Otro,Huánuco,Nuevo,2023-12-12,crisol,2025-11-09
849080318,Luis,Castro,61,Masculino,Huánuco,Recurrente,2024-02-20,crisol,2025-11-09
887973565,José,Díaz,38,Masculino,Cajamarca,Recurrente,2023-07-09,crisol,2025-11-09
150980852,Lucía,Gonzales,33,Masculino,Pucallpa,Nuevo,2024-04-02,crisol,2025-11-09
809340042,Luis,Gonzales,37,Otro,Ayacucho,Nuevo,2023-09-25,crisol,2025-11-09
701887172,Sofía,Ruiz,33,Masculino,Tacna,Nuevo,2023-11-11,crisol,2025-11-09
171494637,José,Salazar,50,Otro,Trujillo,Nuevo,2023-05-01,crisol,2025-11-09
685811060,Javier,Martínez,41,Otro,Ica,Nuevo,2023-05-17,crisol,2025-11-09
513443905,Carlos,Torres,65,Otro,Cusco,Nuevo,2024-07-16,crisol,2025-11-09
980108198,Lucía,Flores,52,Otro,Ica,Recurrente,2023-03-25,crisol,2025-11-09
564258474,Lucía,Díaz,63,Femenino,Huancayo,Recurrente,2023-04-25,crisol,2025-11-09
66312199,Rosa,Díaz,50,Masculino,Piura,Nuevo,2023-06-18,crisol,2025-11-09
352313624,Rosa,Díaz,46,Masculino,Tacna,Nuevo,2024-08-20,crisol,2025-11-09
524875038,María,Herrera,50,Femenino,Trujillo,Nuevo,2023-05-16,crisol,2025-11-09
551095672,José,Torres,54,Masculino,Arequipa,Nuevo,2023-11-12,crisol,2025-11-09
776616079,Juan,Ramos,34,Masculino,Ayacucho,Nuevo,2023-03-16,crisol,2025-11-09
48629555,José,Gonzales,62,Masculino,Arequipa,Recurrente,2023-03-12,crisol,2025-11-09
506882594,Juan,Martínez,44,Masculino,Trujillo,Nuevo,2024-03-06,crisol,2025-11-09
402074351,Javier,Ramos,46,Femenino,Cajamarca,Nuevo,2024-07-06,crisol,2025-11-09
142796714,Andrés,Vásquez,40,Masculino,Huánuco,Recurrente,2024-02-07,crisol,2025-11-09
567840357,Carlos,Ruiz,32,Masculino,Trujillo,Nuevo,2023-11-02,crisol,2025-11-09
497146648,Andrés,Ruiz,52,Femenino,Arequipa,Nuevo,2023-08-24,crisol,2025-11-09
265764028,Lucía,Gonzales,27,Femenino,Ica,Recurrente,2023-04-26,crisol,2025-11-09
34593072,Diego,Salazar,44,Otro,Trujillo,Recurrente,2023-01-17,crisol,2025-11-09
258413465,Ana,García,24,Otro,Lima,Nuevo,2023-02-19,crisol,2025-11-09
262781292,Camila,Pérez,43,Femenino,Ica,Nuevo,2023-02-27,crisol,2025-11-09
150469429,Pedro,Martínez,32,Otro,Piura,Nuevo,2023-11-25,crisol,2025-11-09
254373770,Luis,Herrera,27,Otro,Arequipa,Nuevo,2023-11-04,crisol,2025-11-09
295444277,Juan,Díaz,55,Otro,Huánuco,Recurrente,2024-03-13,crisol,2025-11-09
596840109,Lucía,Pérez,40,Otro,Tacna,Nuevo,2024-06-21,crisol,2025-11-09
342238518,Camila,Ramos,44,Masculino,Pucallpa,Nuevo,2024-07-04,crisol,2025-11-09
508436962,Ana,Vásquez,32,Femenino,Ayacucho,Nuevo,2024-04-19,crisol,2025-11-09
982195860,Juan,Díaz,44,Femenino,Arequipa,Nuevo,2024-02-02,crisol,2025-11-09
260767346,Luis,López,39,Otro,Huancayo,Recurrente,2024-01-15,crisol,2025-11-09
99282456,Pedro,Ruiz,30,Masculino,Pucallpa,Nuevo,2023-02-10,crisol,2025-11-09
938042824,María,López,69,Otro,Ayacucho,Recurrente,2023-08-11,crisol,2025-11-09
514745610,Ana,Vásquez,39,Femenino,Lima,Nuevo,2023-07-14,crisol,2025-11-09
796152940,María,Ruiz,66,Femenino,Ica,Recurrente,2023-07-29,crisol,2025-11-09
425880424,Javier,López,53,Femenino,Trujillo,Nuevo,2024-04-22,crisol,2025-11-09
573002461,Andrés,Gonzales,37,Femenino,Cusco,Nuevo,2024-05-24,crisol,2025-11-09
500368062,María,Flores,64,Femenino,Trujillo,Recurrente,2023-07-28,crisol,2025-11-09
398041381,Sofía,Ramos,20,Otro,Ica,Recurrente,2023-01-17,crisol,2025-11-09
280004069,Pedro,Herrera,55,Otro,Ayacucho,Nuevo,2023-06-06,crisol,2025-11-09
210659326,Sofía,López,42,Otro,Ica,Nuevo,2023-12-12,crisol,2025-11-09
276302498,Diego,Vásquez,49,Otro,Tacna,Recurrente,2024-04-16,crisol,2025-11-09
180639501,Camila,Flores,40,Masculino,Huánuco,Recurrente,2024-05-15,crisol,2025-11-09
197619784,Javier,Herrera,52,Otro,Lima,Nuevo,2023-03-18,crisol,2025-11-09
878316418,Andrés,Pérez,66,Masculino,Cajamarca,Nuevo,2023-08-25,crisol,2025-11-09
72980019,Camila,Rodríguez,18,Masculino,Arequipa,Nuevo,2023-03-03,crisol,2025-11-09
663395529,Andrés,Salazar,57,Femenino,Tacna,Nuevo,2023-01-07,crisol,2025-11-09
571458801,Pedro,Ramos,18,Masculino,Arequipa,Recurrente,2024-07-02,crisol,2025-11-09
307829477,Juan,Díaz,70,Otro,Tacna,Nuevo,2023-07-03,crisol,2025-11-09
114908010,Javier,García,51,Masculino,Ica,Nuevo,2024-06-23,crisol,2025-11-09
271031968,Rosa,Gonzales,35,Femenino,Huancayo,Nuevo,2024-02-20,crisol,2025-11-09
492845076,Valeria,López,62,Masculino,Pucallpa,Recurrente,2023-03-24,crisol,2025-11-09
701943382,Rosa,Salazar,66,Masculino,Huancayo,Nuevo,2024-01-22,crisol,2025-11-09
593458652,Lucía,Pérez,58,Masculino,Ayacucho,Nuevo,2024-05-26,crisol,2025-11-09
907665954,José,Salazar,68,Femenino,Piura,Recurrente,2023-04-08,crisol,2025-11-09
960774744,Pedro,Herrera,20,Masculino,Ica,Recurrente,2024-08-03,crisol,2025-11-09
510564546,Luis,Pérez,22,Otro,Pucallpa,Recurrente,2024-07-31,crisol,2025-11-09
706639422,Juan,Rodríguez,38,Masculino,Ica,Nuevo,2024-02-12,crisol,2025-11-09
997371877,María,Martínez,28,Otro,Ica,Nuevo,2024-02-03,crisol,2025-11-09
726960759,Javier,Díaz,39,Femenino,Trujillo,Recurrente,2023-03-22,crisol,2025-11-09
537722224,Camila,Gonzales,21,Masculino,Cajamarca,Nuevo,2023-03-19,crisol,2025-11-09
365708674,Valeria,Flores,57,Otro,Cajamarca,Recurrente,2023-12-01,crisol,2025-11-09
31810311,Andrés,Martínez,68,Femenino,Chiclayo,Nuevo,2024-07-20,crisol,2025-11-09
403111666,José,Rodríguez,61,Otro,Tacna,Nuevo,2023-10-30,crisol,2025-11-09
856905222,Ana,Ruiz,22,Masculino,Pucallpa,Nuevo,2023-06-07,crisol,2025-11-09
794198823,José,Gonzales,41,Masculino,Huancayo,Nuevo,2023-11-12,crisol,2025-11-09
477531502,Sofía,Flores,35,Masculino,Huánuco,Nuevo,2024-03-17,crisol,2025-11-09
481942228,Pedro,Díaz,50,Femenino,Huancayo,Nuevo,2023-12-29,crisol,2025-11-09
595088987,María,Castro,56,Femenino,Cajamarca,Nuevo,2024-02-28,crisol,2025-11-09
416396603,Diego,García,64,Otro,Ica,Nuevo,2023-06-23,crisol,2025-11-09
735852444,José,Rodríguez,26,Femenino,Pucallpa,Nuevo,2023-05-30,crisol,2025-11-09
67932588,Carlos,Ramos,35,Femenino,Pucallpa,Nuevo,2023-03-20,crisol,2025-11-09
387754927,Luis,López,64,Otro,Chiclayo,Nuevo,2023-07-20,crisol,2025-11-09
491625191,María,Rodríguez,37,Masculino,Cajamarca,Nuevo,2024-01-25,crisol,2025-11-09
863370520,Rosa,Gonzales,46,Femenino,Cajamarca,Recurrente,2023-05-20,crisol,2025-11-09
322589929,Sofía,Castro,62,Masculino,Chiclayo,Nuevo,2024-02-12,crisol,2025-11-09
342671456,Luis,Ruiz,62,Otro,Chiclayo,Recurrente,2023-09-06,crisol,2025-11-09
349917685,José,Martínez,70,Femenino,Cusco,Nuevo,2024-07-31,crisol,2025-11-09
214533665,Valeria,Díaz,29,Otro,Trujillo,Nuevo,2024-04-17,crisol,2025-11-09
760603328,Ana,Torres,69,Femenino,Ayacucho,Nuevo,2024-02-23,crisol,2025-11-09
722604249,Lucía,Rodríguez,58,Femenino,Ica,Nuevo,2023-06-07,crisol,2025-11-09
767979226,José,Flores,42,Masculino,Chiclayo,Recurrente,2024-05-05,crisol,2025-11-09
625179752,José,Díaz,50,Otro,Cajamarca,Nuevo,2024-01-04,crisol,2025-11-09
753374076,Javier,Flores,52,Otro,Tacna,Recurrente,2023-04-22,crisol,2025-11-09
825658123,Ana,Salazar,60,Femenino,Huánuco,Recurrente,2023-02-15,crisol,2025-11-09
604753177,Andrés,Salazar,59,Femenino,Trujillo,Nuevo,2024-03-16,crisol,2025-11-09
113757100,Juan,García,34,Masculino,Arequipa,Recurrente,2024-07-25,crisol,2025-11-09
623326773,Camila,Castro,32,Femenino,Cusco,Nuevo,2024-05-27,crisol,2025-11-09
161861139,Sofía,Pérez,48,Masculino,Pucallpa,Nuevo,2023-03-29,crisol,2025-11-09
124628497,Rosa,Ruiz,27,Femenino,Pucallpa,Nuevo,2023-07-31,crisol,2025-11-09
559542785,Lucía,Gonzales,48,Masculino,Chiclayo,Recurrente,2024-04-08,crisol,2025-11-09
342426442,María,Martínez,20,Otro,Huancayo,Nuevo,2023-12-18,crisol,2025-11-09
695752405,María,Salazar,69,Masculino,Ayacucho,Nuevo,2023-06-28,crisol,2025-11-09
592609167,Carlos,Gonzales,53,Femenino,Chiclayo,Nuevo,2024-02-19,crisol,2025-11-09
676199993,Carlos,Rodríguez,58,Otro,Cajamarca,Nuevo,2023-07-22,crisol,2025-11-09
482727494,Valeria,Ramos,42,Masculino,Ayacucho,Nuevo,2023-10-13,crisol,2025-11-09
807803348,Camila,Flores,68,Masculino,Piura,Nuevo,2024-07-03,crisol,2025-11-09
200746596,Sofía,Gonzales,30,Femenino,Huancayo,Nuevo,2024-05-16,crisol,2025-11-09
566629680,Andrés,Gonzales,56,Femenino,Piura,Nuevo,2023-04-27,crisol,2025-11-09
373581239,Sofía,Vásquez,47,Otro,Huánuco,Recurrente,2023-11-01,crisol,2025-11-09
986427907,Valeria,Castro,23,Otro,Huánuco,Nuevo,2023-09-02,crisol,2025-11-09
327899285,María,Rodríguez,41,Otro,Huánuco,Nuevo,2024-03-04,crisol,2025-11-09
640407346,Carlos,Castro,42,Femenino,Huánuco,Nuevo,2024-07-04,crisol,2025-11-09
744567935,Javier,Salazar,29,Otro,Huánuco,Nuevo,2023-05-24,crisol,2025-11-09
200895568,Sofía,Vásquez,46,Otro,Lima,Recurrente,2023-01-10,crisol,2025-11-09
520344871,Carlos,López,70,Femenino,Arequipa,Nuevo,2024-05-21,crisol,2025-11-09
439304662,Andrés,Torres,44,Otro,Chiclayo,Nuevo,2023-03-26,crisol,2025-11-09
607091264,Juan,Flores,66,Masculino,Pucallpa,Nuevo,2023-08-19,crisol,2025-11-09
577252858,Luis,Rodríguez,67,Femenino,Piura,Recurrente,2024-05-22,crisol,2025-11-09
590263993,Pedro,García,54,Masculino,Pucallpa,Recurrente,2024-01-11,crisol,2025-11-09
582014641,Rosa,Flores,20,Otro,Chiclayo,Nuevo,2024-03-11,crisol,2025-11-09
109968815,Camila,Vásquez,59,Masculino,Pucallpa,Recurrente,2023-02-03,crisol,2025-11-09
482896428,Luis,Gonzales,70,Masculino,Chiclayo,Recurrente,2023-05-01,crisol,2025-11-09
832828137,Diego,López,31,Otro,Piura,Recurrente,2024-03-14,crisol,2025-11-09
178221407,Valeria,Rodríguez,68,Masculino,Ica,Recurrente,2024-08-06,crisol,2025-11-09
376685251,Pedro,Martínez,56,Otro,Huánuco,Nuevo,2023-10-27,crisol,2025-11-09
310669201,Valeria,Martínez,50,Otro,Huancayo,Nuevo,2024-02-26,crisol,2025-11-09
986520398,Juan,Martínez,59,Masculino,Ayacucho,Recurrente,2023-09-13,crisol,2025-11-09
157027702,Camila,Gonzales,33,Otro,Cajamarca,Nuevo,2024-08-14,crisol,2025-11-09
679036456,Luis,Salazar,44,Femenino,Chiclayo,Nuevo,2023-04-06,crisol,2025-11-09
432557724,Pedro,Ruiz,35,Otro,Cusco,Nuevo,2024-05-14,crisol,2025-11-09
351424185,Valeria,Pérez,67,Otro,Huancayo,Recurrente,2024-04-14,crisol,2025-11-09
681654847,Andrés,Ruiz,40,Masculino,Trujillo,Nuevo,2023-08-12,crisol,2025-11-09
461325766,Rosa,López,49,Femenino,Cusco,Recurrente,2023-12-12,crisol,2025-11-09
587670209,Valeria,Rodríguez,54,Femenino,Trujillo,Nuevo,2023-02-19,crisol,2025-11-09
49330844,María,Salazar,68,Femenino,Lima,Nuevo,2023-06-11,crisol,2025-11-09
473827182,Lucía,Pérez,45,Masculino,Ayacucho,Recurrente,2023-11-06,crisol,2025-11-09
170700744,Rosa,Herrera,35,Masculino,Tacna,Nuevo,2023-03-26,crisol,2025-11-09
399264207,Andrés,Herrera,59,Masculino,Lima,Nuevo,2023-11-09,crisol,2025-11-09
779524067,Camila,Flores,32,Femenino,Tacna,Nuevo,2023-04-08,crisol,2025-11-09
1166414,Ana,Torres,22,Masculino,Piura,Nuevo,2024-03-31,crisol,2025-11-09
9971784,Juan,Ruiz,39,Masculino,Cajamarca,Recurrente,2024-05-04,crisol,2025-11-09
76051319,Ana,Ramos,23,Otro,Trujillo,Nuevo,2023-11-17,crisol,2025-11-09
394666352,Javier,Martínez,26,Femenino,Trujillo,Recurrente,2023-05-17,crisol,2025-11-09
688887139,Andrés,Rodríguez,22,Otro,Piura,Nuevo,2023-06-18,crisol,2025-11-09
472553155,Sofía,Ruiz,31,Otro,Ayacucho,Nuevo,2024-02-26,crisol,2025-11-09
661506578,Andrés,Torres,31,Masculino,Huancayo,Nuevo,2023-05-07,crisol,2025-11-09
633050169,Camila,Ramos,40,Femenino,Cusco,Recurrente,2023-09-11,crisol,2025-11-09
297391755,Andrés,García,33,Otro,Piura,Recurrente,2023-10-19,crisol,2025-11-09
836412291,Camila,Pérez,60,Femenino,Ica,Nuevo,2024-06-05,crisol,2025-11-09
202557660,Camila,Ramos,36,Otro,Lima,Recurrente,2023-09-03,crisol,2025-11-09
531381642,José,García,33,Femenino,Tacna,Nuevo,2024-06-24,crisol,2025-11-09
954260690,Juan,Gonzales,38,Masculino,Cajamarca,Recurrente,2024-08-05,crisol,2025-11-09
451898779,Sofía,Díaz,61,Masculino,Trujillo,Nuevo,2023-03-16,crisol,2025-11-09
17920106,Valeria,García,18,Femenino,Ica,Nuevo,2023-03-03,crisol,2025-11-09
847493681,José,Díaz,36,Otro,Ayacucho,Nuevo,2024-03-01,crisol,2025-11-09
454810443,Camila,Ramos,23,Otro,Arequipa,Nuevo,2023-06-06,crisol,2025-11-09
297928718,María,Martínez,23,Otro,Ica,Recurrente,2023-06-09,crisol,2025-11-09
575944565,Sofía,Ramos,55,Otro,Trujillo,Recurrente,2023-03-09,crisol,2025-11-09
333041955,Camila,Ramos,64,Masculino,Lima,Nuevo,2024-03-20,crisol,2025-11-09
124539647,Lucía,Castro,56,Masculino,Pucallpa,Recurrente,2023-06-29,crisol,2025-11-09
128250953,Juan,Ruiz,26,Otro,Lima,Nuevo,2023-12-22,crisol,2025-11-09
561572729,Pedro,Flores,70,Otro,Pucallpa,Nuevo,2023-05-10,crisol,2025-11-09
805066256,Diego,Vásquez,35,Otro,Huancayo,Recurrente,2023-01-31,crisol,2025-11-09
359715348,Diego,Ramos,35,Otro,Huancayo,Nuevo,2024-08-13,crisol,2025-11-09
673808249,María,Torres,47,Otro,Cusco,Nuevo,2024-08-03,crisol,2025-11-09
179187532,Sofía,Rodríguez,34,Masculino,Piura,Recurrente,2023-04-29,crisol,2025-11-09
245247378,Camila,Díaz,18,Masculino,Lima,Nuevo,2024-04-28,crisol,2025-11-09
390816787,José,Herrera,27,Masculino,Lima,Nuevo,2024-03-05,crisol,2025-11-09
241071485,Sofía,López,44,Otro,Cusco,Nuevo,2023-03-21,crisol,2025-11-09
613682070,Sofía,García,50,Otro,Lima,Nuevo,2024-06-12,crisol,2025-11-09
49315449,José,García,47,Femenino,Trujillo,Recurrente,2023-12-02,crisol,2025-11-09
92755745,Pedro,Torres,18,Femenino,Ica,Nuevo,2023-11-08,crisol,2025-11-09
794113665,Valeria,López,47,Femenino,Piura,Recurrente,2023-07-20,crisol,2025-11-09
786476517,Javier,Díaz,66,Masculino,Huánuco,Nuevo,2024-02-24,crisol,2025-11-09
25673445,Ana,Díaz,40,Otro,Ayacucho,Recurrente,2023-12-10,crisol,2025-11-09
1569849,Diego,Salazar,42,Otro,Ayacucho,Nuevo,2023-07-30,crisol,2025-11-09
568883968,Ana,Ramos,49,Masculino,Huánuco,Recurrente,2023-04-06,crisol,2025-11-09
47137549,Javier,López,51,Femenino,Ayacucho,Recurrente,2024-04-14,crisol,2025-11-09
803050869,María,Castro,24,Otro,Huánuco,Recurrente,2024-02-08,crisol,2025-11-09
80348617,Valeria,Castro,21,Femenino,Tacna,Recurrente,2023-08-31,crisol,2025-11-09
313184748,Luis,Vásquez,38,Femenino,Ayacucho,Recurrente,2023-12-01,crisol,2025-11-09
341511874,Lucía,Martínez,32,Masculino,Ica,Nuevo,2024-08-21,crisol,2025-11-09
117008688,Carlos,García,28,Femenino,Chiclayo,Nuevo,2023-05-04,crisol,2025-11-09
575444604,Sofía,Flores,31,Femenino,Pucallpa,Nuevo,2023-05-03,crisol,2025-11-09
97088689,Carlos,Flores,61,Femenino,Ayacucho,Recurrente,2023-02-11,crisol,2025-11-09
230876810,Rosa,Vásquez,38,Masculino,Huancayo,Recurrente,2023-12-31,crisol,2025-11-09
425464250,Pedro,Pérez,61,Femenino,Pucallpa,Recurrente,2023-06-28,crisol,2025-11-09
33374137,José,Vásquez,46,Otro,Ayacucho,Nuevo,2023-04-07,crisol,2025-11-09
496115163,María,Flores,68,Masculino,Huancayo,Nuevo,2023-08-16,crisol,2025-11-09
140354421,Ana,Vásquez,43,Femenino,Tacna,Recurrente,2023-03-28,crisol,2025-11-09
625265416,Valeria,Martínez,70,Masculino,Lima,Recurrente,2023-07-22,crisol,2025-11-09
969047785,Andrés,Torres,69,Masculino,Huancayo,Recurrente,2023-12-06,crisol,2025-11-09
131563076,Juan,Torres,21,Masculino,Piura,Nuevo,2024-02-09,crisol,2025-11-09
532711663,Juan,Ramos,61,Femenino,Huánuco,Nuevo,2023-07-11,crisol,2025-11-09
295259429,Luis,Torres,27,Masculino,Piura,Recurrente,2023-09-09,crisol,2025-11-09
695009888,Luis,Torres,44,Otro,Chiclayo,Nuevo,2023-10-14,crisol,2025-11-09
411259527,Carlos,Ramos,30,Otro,Trujillo,Nuevo,2024-07-10,crisol,2025-11-09
853459662,Juan,Ramos,68,Otro,Cusco,Nuevo,2024-05-11,crisol,2025-11-09
369403820,Javier,Castro,50,Femenino,Cajamarca,Nuevo,2023-01-27,crisol,2025-11-09
342392183,Valeria,López,19,Femenino,Lima,Recurrente,2024-04-28,crisol,2025-11-09
568473595,Sofía,Flores,55,Masculino,Huánuco,Nuevo,2023-09-04,crisol,2025-11-09
286181187,Pedro,Vásquez,68,Otro,Lima,Recurrente,2023-08-13,crisol,2025-11-09
618144695,Rosa,Flores,42,Femenino,Huánuco,Nuevo,2023-11-22,crisol,2025-11-09
865661638,Camila,Ruiz,40,Otro,Lima,Recurrente,2023-12-27,crisol,2025-11-09
609511014,Valeria,Rodríguez,54,Masculino,Trujillo,Recurrente,2024-05-19,crisol,2025-11-09
582101860,Luis,Rodríguez,49,Masculino,Huancayo,Nuevo,2023-08-13,crisol,2025-11-09
21397518,Pedro,Torres,18,Femenino,Piura,Nuevo,2023-05-14,crisol,2025-11-09
365887237,Camila,Rodríguez,69,Femenino,Lima,Nuevo,2024-08-23,crisol,2025-11-09
756661933,Javier,Rodríguez,67,Masculino,Arequipa,Recurrente,2023-03-16,crisol,2025-11-09
401140044,Camila,Salazar,43,Otro,Huancayo,Nuevo,2023-11-27,crisol,2025-11-09
146513857,Carlos,Ruiz,45,Otro,Chiclayo,Recurrente,2023-06-28,crisol,2025-11-09
759331874,Pedro,Ruiz,57,Femenino,Ica,Recurrente,2023-06-29,crisol,2025-11-09
406286844,Luis,Ruiz,62,Femenino,Huánuco,Nuevo,2023-01-02,crisol,2025-11-09
753775825,Valeria,Ramos,67,Otro,Lima,Nuevo,2023-11-22,crisol,2025-11-09
988957253,Diego,Castro,32,Otro,Piura,Nuevo,2024-05-23,crisol,2025-11-09
151014666,Sofía,Ruiz,22,Masculino,Cusco,Recurrente,2023-06-21,crisol,2025-11-09
683100341,Javier,García,70,Otro,Tacna,Recurrente,2023-12-10,crisol,2025-11-09
479565240,Juan,Martínez,31,Masculino,Ayacucho,Nuevo,2023-09-20,crisol,2025-11-09
845056299,María,Ruiz,18,Masculino,Cajamarca,Nuevo,2024-03-05,crisol,2025-11-09
178604541,Javier,Ramos,49,Femenino,Cusco,Nuevo,2023-04-14,crisol,2025-11-09
889924715,Lucía,Flores,54,Otro,Trujillo,Recurrente,2023-06-16,crisol,2025-11-09
484566178,María,Flores,20,Femenino,Lima,Nuevo,2023-04-18,crisol,2025-11-09
79672074,Sofía,Rodríguez,42,Masculino,Ayacucho,Nuevo,2023-04-06,crisol,2025-11-09
362871672,Valeria,Castro,48,Otro,Lima,Nuevo,2023-06-18,crisol,2025-11-09
652102334,Javier,Ramos,28,Masculino,Huancayo,Nuevo,2023-07-14,crisol,2025-11-09
439460908,Camila,Díaz,64,Otro,Arequipa,Nuevo,2023-10-16,crisol,2025-11-09
319331516,Ana,García,21,Femenino,Piura,Nuevo,2024-05-17,crisol,2025-11-09
164915937,Juan,Gonzales,18,Femenino,Huancayo,Nuevo,2024-05-06,crisol,2025-11-09
214399191,María,Pérez,31,Masculino,Tacna,Nuevo,2023-03-25,crisol,2025-11-09
508492614,Rosa,García,37,Femenino,Chiclayo,Nuevo,2023-09-29,crisol,2025-11-09
97857474,Andrés,Díaz,42,Masculino,Cusco,Recurrente,2024-01-14,crisol,2025-11-09
200341906,Lucía,Pérez,34,Femenino,Chiclayo,Nuevo,2023-10-03,crisol,2025-11-09
605855162,Juan,Rodríguez,66,Otro,Tacna,Nuevo,2023-12-19,crisol,2025-11-09
867776836,Pedro,Ramos,66,Otro,Ica,Nuevo,2024-02-01,crisol,2025-11-09
878755907,Pedro,Ramos,52,Otro,Chiclayo,Nuevo,2023-08-30,crisol,2025-11-09
511382735,Luis,García,43,Otro,Lima,Nuevo,2024-06-13,crisol,2025-11-09
859477004,Valeria,Salazar,57,Masculino,Huancayo,Recurrente,2024-04-04,crisol,2025-11-09
185627380,Carlos,López,69,Masculino,Huánuco,Nuevo,2023-03-22,crisol,2025-11-09
733500385,José,López,70,Otro,Huánuco,Recurrente,2023-09-22,crisol,2025-11-09
343328397,Javier,Ruiz,69,Masculino,Huancayo,Nuevo,2024-02-11,crisol,2025-11-09
592763677,Sofía,Vásquez,35,Otro,Chiclayo,Recurrente,2023-01-13,crisol,2025-11-09
844552318,Camila,Castro,55,Otro,Trujillo,Nuevo,2024-02-29,crisol,2025-11-09
160677223,Carlos,Castro,55,Otro,Trujillo,Recurrente,2023-04-13,crisol,2025-11-09
993134057,María,Castro,67,Masculino,Trujillo,Nuevo,2024-07-02,crisol,2025-11-09
945038601,Sofía,Herrera,44,Femenino,Cajamarca,Recurrente,2024-08-08,crisol,2025-11-09
653868135,Lucía,Pérez,29,Femenino,Cajamarca,Nuevo,2024-02-16,crisol,2025-11-09
41642429,José,Herrera,39,Otro,Ica,Nuevo,2024-05-01,crisol,2025-11-09
988739032,Luis,Herrera,41,Masculino,Cusco,Recurrente,2023-11-07,crisol,2025-11-09
333879270,Luis,Vásquez,49,Otro,Tacna,Nuevo,2023-08-22,crisol,2025-11-09
144295352,Luis,Ruiz,46,Femenino,Pucallpa,Recurrente,2023-04-02,crisol,2025-11-09
201794412,Lucía,López,70,Femenino,Ayacucho,Nuevo,2024-06-12,crisol,2025-11-09
931137066,Sofía,Vásquez,21,Otro,Trujillo,Nuevo,2023-11-15,crisol,2025-11-09
761894343,Pedro,Ramos,26,Otro,Piura,Nuevo,2023-07-17,crisol,2025-11-09
939717965,Rosa,López,21,Masculino,Lima,Nuevo,2024-01-05,crisol,2025-11-09
756594938,Ana,Martínez,41,Femenino,Arequipa,Nuevo,2023-05-07,crisol,2025-11-09
731405402,Juan,López,41,Femenino,Piura,Nuevo,2024-04-30,crisol,2025-11-09
630157871,Pedro,Gonzales,40,Masculino,Pucallpa,Recurrente,2023-04-03,crisol,2025-11-09
306090918,Juan,Ramos,21,Masculino,Piura,Recurrente,2023-08-08,crisol,2025-11-09
920316134,Ana,Salazar,32,Otro,Ica,Nuevo,2024-02-24,crisol,2025-11-09
551131533,Juan,Vásquez,67,Otro,Lima,Nuevo,2023-05-16,crisol,2025-11-09
695109916,Carlos,Castro,69,Masculino,Ica,Nuevo,2023-11-09,crisol,2025-11-09
765299271,Camila,Salazar,35,Femenino,Cajamarca,Recurrente,2024-04-15,crisol,2025-11-09
270581558,Ana,Torres,37,Otro,Arequipa,Recurrente,2024-02-11,crisol,2025-11-09
627588309,María,Pérez,50,Otro,Cusco,Nuevo,2023-10-17,crisol,2025-11-09
320486085,Andrés,García,48,Masculino,Cusco,Recurrente,2023-11-29,crisol,2025-11-09
925019561,Luis,Martínez,59,Otro,Tacna,Nuevo,2023-06-03,crisol,2025-11-09
555439758,Diego,López,21,Otro,Cajamarca,Recurrente,2023-05-24,crisol,2025-11-09
774471936,Juan,Salazar,49,Femenino,Pucallpa,Recurrente,2024-02-19,crisol,2025-11-09
416907018,Camila,Pérez,55,Otro,Piura,Recurrente,2023-12-18,crisol,2025-11-09
780126986,Camila,López,61,Otro,Tacna,Recurrente,2024-01-03,crisol,2025-11-09
544725181,Luis,Vásquez,28,Otro,Arequipa,Nuevo,2023-04-10,crisol,2025-11-09
505497119,Carlos,Ruiz,34,Otro,Trujillo,Nuevo,2023-07-07,crisol,2025-11-09
729835592,Javier,Gonzales,59,Masculino,Ica,Nuevo,2023-11-11,crisol,2025-11-09
451478978,Diego,Herrera,39,Femenino,Pucallpa,Nuevo,2024-04-19,crisol,2025-11-09
913983958,María,Torres,21,Otro,Piura,Nuevo,2023-03-14,crisol,2025-11-09
507042021,Javier,López,50,Masculino,Tacna,Nuevo,2023-11-02,crisol,2025-11-09
443570539,Juan,Vásquez,27,Masculino,Ica,Nuevo,2024-08-06,crisol,2025-11-09
958685151,Javier,Torres,27,Femenino,Ayacucho,Nuevo,2023-03-24,crisol,2025-11-09
523535947,Sofía,Salazar,29,Femenino,Tacna,Nuevo,2024-04-07,crisol,2025-11-09
293698307,Ana,Flores,67,Masculino,Piura,Recurrente,2024-05-16,crisol,2025-11-09
843113786,Diego,Flores,23,Masculino,Piura,Nuevo,2024-03-15,crisol,2025-11-09
433140455,José,Torres,42,Masculino,Lima,Nuevo,2024-01-18,crisol,2025-11-09
15115189,Javier,Gonzales,66,Otro,Ica,Nuevo,2023-01-05,crisol,2025-11-09
672899961,Camila,López,32,Otro,Cusco,Nuevo,2023-04-16,crisol,2025-11-09
411834185,Pedro,Castro,37,Masculino,Huancayo,Recurrente,2023-11-02,crisol,2025-11-09
312273967,Lucía,Ruiz,51,Otro,Arequipa,Nuevo,2023-05-18,crisol,2025-11-09
368006578,Javier,Torres,40,Masculino,Huánuco,Recurrente,2024-02-18,crisol,2025-11-09
20535029,Ana,López,64,Masculino,Ica,Recurrente,2024-05-31,crisol,2025-11-09
181445989,María,Gonzales,63,Otro,Trujillo,Nuevo,2023-09-19,crisol,2025-11-09
828123020,Pedro,Castro,21,Otro,Lima,Recurrente,2023-01-21,crisol,2025-11-09
51791998,Camila,García,44,Femenino,Cajamarca,Nuevo,2023-09-16,crisol,2025-11-09
509379184,Camila,Rodríguez,31,Otro,Tacna,Recurrente,2023-11-05,crisol,2025-11-09
451907286,Andrés,García,60,Otro,Pucallpa,Recurrente,2023-05-21,crisol,2025-11-09
449710722,Rosa,Herrera,24,Otro,Ayacucho,Recurrente,2023-10-17,crisol,2025-11-09
122420042,Diego,García,49,Masculino,Piura,Nuevo,2023-09-27,crisol,2025-11-09
892815061,Pedro,López,40,Otro,Cajamarca,Nuevo,2023-02-10,crisol,2025-11-09
588559516,Lucía,Herrera,31,Otro,Chiclayo,Nuevo,2023-01-03,crisol,2025-11-09
13689561,Andrés,García,25,Otro,Tacna,Nuevo,2023-04-03,crisol,2025-11-09
837009907,Pedro,García,64,Otro,Huancayo,Recurrente,2023-08-25,crisol,2025-11-09
490432899,Luis,Martínez,47,Masculino,Huancayo,Recurrente,2023-02-10,crisol,2025-11-09
915095060,Luis,Gonzales,69,Otro,Cusco,Nuevo,2023-04-29,crisol,2025-11-09
102003827,Rosa,Flores,20,Masculino,Huánuco,Recurrente,2023-06-24,crisol,2025-11-09
352896879,Sofía,Herrera,46,Otro,Pucallpa,Recurrente,2023-04-06,crisol,2025-11-09
400099988,Rosa,Gonzales,29,Masculino,Cajamarca,Nuevo,2024-04-12,crisol,2025-11-09
291878557,Rosa,Ramos,62,Femenino,Trujillo,Nuevo,2023-06-20,crisol,2025-11-09
121393557,Carlos,Ruiz,64,Masculino,Huánuco,Nuevo,2024-05-09,crisol,2025-11-09
861425250,Valeria,Salazar,46,Masculino,Piura,Nuevo,2024-01-03,crisol,2025-11-09
656441105,Juan,Vásquez,61,Otro,Huánuco,Nuevo,2024-05-14,crisol,2025-11-09
121265692,Javier,Ramos,46,Masculino,Huancayo,Nuevo,2023-11-18,crisol,2025-11-09
13271672,Camila,Vásquez,61,Otro,Trujillo,Recurrente,2024-08-01,crisol,2025-11-09
240501969,Andrés,Vásquez,39,Otro,Arequipa,Recurrente,2023-04-08,crisol,2025-11-09
464766900,Andrés,Ruiz,33,Femenino,Cusco,Recurrente,2024-01-30,crisol,2025-11-09
159616499,Rosa,Vásquez,53,Otro,Lima,Nuevo,2023-06-10,crisol,2025-11-09
542849045,Rosa,Torres,49,Masculino,Huancayo,Recurrente,2023-11-25,crisol,2025-11-09
258655621,Sofía,Martínez,21,Otro,Ica,Nuevo,2024-01-23,crisol,2025-11-09
433015368,Rosa,López,23,Femenino,Chiclayo,Recurrente,2024-04-03,crisol,2025-11-09
94510603,Rosa,Torres,46,Femenino,Huancayo,Recurrente,2023-01-19,crisol,2025-11-09
110212429,José,Ramos,20,Otro,Arequipa,Nuevo,2023-04-04,crisol,2025-11-09
850170825,Valeria,Castro,58,Femenino,Arequipa,Nuevo,2024-04-12,crisol,2025-11-09
365989408,Sofía,Vásquez,21,Masculino,Chiclayo,Nuevo,2024-04-29,crisol,2025-11-09
769505738,Andrés,Gonzales,63,Femenino,Huancayo,Nuevo,2023-08-16,crisol,2025-11-09
2358958,Sofía,Gonzales,58,Femenino,Arequipa,Nuevo,2023-04-19,crisol,2025-11-09
49153870,Javier,Rodríguez,49,Masculino,Ayacucho,Recurrente,2024-02-24,crisol,2025-11-09
114849044,Luis,Castro,30,Masculino,Huancayo,Recurrente,2024-02-07,crisol,2025-11-09
231487470,Lucía,Vásquez,68,Masculino,Ayacucho,Nuevo,2024-02-29,crisol,2025-11-09
49929379,Javier,Salazar,61,Otro,Huancayo,Recurrente,2024-04-06,crisol,2025-11-09
491116494,Andrés,Castro,50,Masculino,Chiclayo,Nuevo,2023-02-19,crisol,2025-11-09
594022242,Javier,Ramos,55,Femenino,Arequipa,Recurrente,2023-07-01,crisol,2025-11-09
742833609,Valeria,Rodríguez,64,Masculino,Huancayo,Nuevo,2023-11-26,crisol,2025-11-09
541284117,Javier,Ramos,44,Otro,Ayacucho,Recurrente,2023-10-08,crisol,2025-11-09
427209652,Sofía,Martínez,46,Masculino,Huánuco,Nuevo,2024-06-08,crisol,2025-11-09
320955532,Rosa,Ruiz,53,Femenino,Ayacucho,Recurrente,2024-07-20,crisol,2025-11-09
679231134,Ana,López,31,Otro,Ayacucho,Nuevo,2023-12-20,crisol,2025-11-09
989122121,Andrés,Rodríguez,63,Otro,Huánuco,Nuevo,2023-11-27,crisol,2025-11-09
762735437,María,Flores,40,Otro,Chiclayo,Nuevo,2024-03-03,crisol,2025-11-09
723963430,Camila,Herrera,52,Femenino,Cajamarca,Recurrente,2024-06-19,crisol,2025-11-09
114321799,Juan,Ramos,27,Masculino,Tacna,Nuevo,2023-10-01,crisol,2025-11-09
805505027,Diego,Rodríguez,36,Otro,Pucallpa,Nuevo,2023-03-05,crisol,2025-11-09
741520570,Diego,Martínez,31,Otro,Lima,Nuevo,2024-04-08,crisol,2025-11-09
110037068,Valeria,Vásquez,61,Otro,Arequipa,Recurrente,2024-07-28,crisol,2025-11-09
417563874,Ana,Díaz,68,Otro,Pucallpa,Recurrente,2023-02-18,crisol,2025-11-09
994805491,José,Ramos,44,Otro,Cusco,Recurrente,2023-02-25,crisol,2025-11-09
13921319,Camila,Martínez,30,Otro,Trujillo,Recurrente,2024-03-29,crisol,2025-11-09
891187981,Ana,Herrera,58,Otro,Ayacucho,Recurrente,2024-07-13,crisol,2025-11-09
792904680,Valeria,López,67,Otro,Ica,Nuevo,2023-07-01,crisol,2025-11-09
732999366,María,Rodríguez,29,Otro,Arequipa,Nuevo,2023-02-11,crisol,2025-11-09
460106760,Luis,Díaz,34,Masculino,Huánuco,Nuevo,2023-09-19,crisol,2025-11-09
6061417,Sofía,Torres,63,Masculino,Lima,Nuevo,2023-11-27,crisol,2025-11-09
640895381,Juan,Flores,58,Otro,Tacna,Nuevo,2024-08-09,crisol,2025-11-09
590729993,Sofía,García,68,Otro,Cusco,Nuevo,2023-07-08,crisol,2025-11-09
558996745,María,Flores,50,Masculino,Cajamarca,Nuevo,2024-02-18,crisol,2025-11-09
98725784,Sofía,López,31,Otro,Cusco,Nuevo,2023-10-28,crisol,2025-11-09
234553833,Diego,Castro,51,Femenino,Arequipa,Recurrente,2023-01-10,crisol,2025-11-09
123181755,Andrés,Gonzales,46,Masculino,Tacna,Recurrente,2023-09-07,crisol,2025-11-09
42817871,Andrés,Herrera,38,Femenino,Trujillo,Recurrente,2024-01-31,crisol,2025-11-09
275512010,Pedro,Ruiz,36,Masculino,Arequipa,Recurrente,2024-01-19,crisol,2025-11-09
552235149,Diego,Díaz,46,Femenino,Lima,Nuevo,2023-07-17,crisol,2025-11-09
343933202,Pedro,García,24,Masculino,Trujillo,Nuevo,2023-01-08,crisol,2025-11-09
673164268,María,López,60,Otro,Trujillo,Nuevo,2024-03-10,crisol,2025-11-09
897288545,María,López,52,Otro,Ayacucho,Recurrente,2023-03-15,crisol,2025-11-09
801967913,Andrés,Rodríguez,19,Femenino,Ayacucho,Nuevo,2023-03-31,crisol,2025-11-09
78649475,Juan,Rodríguez,68,Femenino,Arequipa,Nuevo,2023-08-22,crisol,2025-11-09
978164385,Luis,Ramos,42,Femenino,Tacna,Nuevo,2023-11-20,crisol,2025-11-09
18136542,José,Salazar,25,Otro,Lima,Recurrente,2023-03-06,crisol,2025-11-09
811706504,Camila,Castro,20,Otro,Huancayo,Nuevo,2024-05-29,crisol,2025-11-09
113962171,Luis,Flores,61,Femenino,Piura,Nuevo,2024-03-24,crisol,2025-11-09
409539711,José,Vásquez,60,Masculino,Chiclayo,Nuevo,2023-08-14,crisol,2025-11-09
146438473,Camila,Ramos,68,Otro,Pucallpa,Recurrente,2023-05-28,crisol,2025-11-09
320035728,Andrés,Herrera,68,Otro,Tacna,Nuevo,2023-01-12,crisol,2025-11-09
594342064,Rosa,Díaz,27,Masculino,Lima,Nuevo,2024-02-08,crisol,2025-11-09
576762622,Pedro,García,37,Masculino,Ayacucho,Recurrente,2023-12-19,crisol,2025-11-09
227350811,José,Herrera,59,Otro,Huánuco,Nuevo,2023-08-15,crisol,2025-11-09
662375136,Rosa,Martínez,30,Masculino,Huánuco,Recurrente,2024-08-03,crisol,2025-11-09
915097685,Juan,Vásquez,66,Otro,Chiclayo,Recurrente,2023-03-16,crisol,2025-11-09
312085927,Andrés,García,34,Masculino,Ica,Recurrente,2024-05-13,crisol,2025-11-09
355248480,Sofía,Rodríguez,60,Otro,Ica,Nuevo,2023-03-13,crisol,2025-11-09
966494980,Ana,Gonzales,49,Femenino,Cusco,Recurrente,2023-11-10,crisol,2025-11-09
744594995,Valeria,Rodríguez,54,Otro,Cusco,Recurrente,2024-03-14,crisol,2025-11-09
181075299,Juan,Gonzales,33,Masculino,Ayacucho,Recurrente,2024-03-22,crisol,2025-11-09
297082704,Rosa,Gonzales,26,Otro,Ayacucho,Nuevo,2024-05-06,crisol,2025-11-09
496979657,Lucía,Gonzales,67,Femenino,Chiclayo,Nuevo,2023-06-29,crisol,2025-11-09
693155758,Valeria,García,35,Masculino,Arequipa,Nuevo,2023-03-20,crisol,2025-11-09
781067043,María,Herrera,19,Otro,Tacna,Nuevo,2024-08-18,crisol,2025-11-09
621589989,José,Flores,55,Masculino,Lima,Nuevo,2024-07-10,crisol,2025-11-09
959910081,Pedro,Torres,59,Masculino,Cusco,Nuevo,2023-10-25,crisol,2025-11-09
143753906,Lucía,Díaz,50,Masculino,Cajamarca,Nuevo,2023-01-11,crisol,2025-11-09
711545609,Ana,Vásquez,69,Otro,Tacna,Nuevo,2024-06-10,crisol,2025-11-09
150721880,Lucía,Rodríguez,29,Otro,Piura,Recurrente,2023-05-30,crisol,2025-11-09
790187877,Camila,Torres,40,Masculino,Ica,Recurrente,2023-08-26,crisol,2025-11-09
67496657,Luis,Gonzales,32,Masculino,Tacna,Nuevo,2024-01-05,crisol,2025-11-09
416711804,Lucía,Herrera,47,Masculino,Lima,Recurrente,2023-11-28,crisol,2025-11-09
110837014,Camila,Díaz,58,Femenino,Ayacucho,Nuevo,2024-07-11,crisol,2025-11-09
612204801,Carlos,Ramos,59,Femenino,Cusco,Nuevo,2023-03-21,crisol,2025-11-09
554762561,Luis,Ramos,32,Otro,Cajamarca,Nuevo,2023-12-20,crisol,2025-11-09
522763616,Diego,Torres,56,Masculino,Arequipa,Recurrente,2024-03-26,crisol,2025-11-09
177817899,Ana,García,50,Otro,Pucallpa,Nuevo,2023-07-11,crisol,2025-11-09
168961168,Sofía,Castro,63,Masculino,Tacna,Nuevo,2023-12-05,crisol,2025-11-09
773368624,María,Torres,61,Femenino,Chiclayo,Nuevo,2023-06-15,crisol,2025-11-09
694989306,Rosa,Ramos,19,Masculino,Lima,Nuevo,2023-06-14,crisol,2025-11-09
144658840,Andrés,Díaz,20,Otro,Huánuco,Nuevo,2023-09-22,crisol,2025-11-09
990469789,Carlos,Díaz,43,Otro,Piura,Recurrente,2023-10-18,crisol,2025-11-09
92071758,Ana,Torres,56,Femenino,Chiclayo,Nuevo,2024-02-25,crisol,2025-11-09
645145663,Carlos,Flores,55,Masculino,Piura,Recurrente,2023-09-28,crisol,2025-11-09
180089806,Camila,Salazar,39,Femenino,Piura,Nuevo,2023-08-24,crisol,2025-11-09
406101350,José,Rodríguez,24,Masculino,Ica,Nuevo,2024-05-31,crisol,2025-11-09
734834366,José,Vásquez,27,Otro,Huancayo,Nuevo,2023-02-09,crisol,2025-11-09
942479718,Diego,Díaz,50,Masculino,Huancayo,Nuevo,2023-05-14,crisol,2025-11-09
968498754,Valeria,Díaz,70,Masculino,Trujillo,Recurrente,2024-03-17,crisol,2025-11-09
560540722,José,Gonzales,20,Otro,Arequipa,Nuevo,2024-05-08,crisol,2025-11-09
847778851,Diego,Ramos,40,Otro,Trujillo,Recurrente,2024-08-12,crisol,2025-11-09
104922732,José,Rodríguez,34,Femenino,Trujillo,Nuevo,2023-03-27,crisol,2025-11-09
304155269,Valeria,Herrera,52,Femenino,Pucallpa,Nuevo,2023-01-08,crisol,2025-11-09
620608968,Pedro,García,51,Masculino,Cajamarca,Recurrente,2023-11-20,crisol,2025-11-09
438994061,Sofía,García,27,Femenino,Tacna,Nuevo,2023-09-25,crisol,2025-11-09
918024486,Pedro,Ramos,54,Femenino,Piura,Nuevo,2024-02-11,crisol,2025-11-09
810644910,Ana,Ramos,53,Otro,Chiclayo,Nuevo,2024-07-26,crisol,2025-11-09
595831533,Lucía,Martínez,37,Otro,Cusco,Recurrente,2024-02-12,crisol,2025-11-09
790040374,Carlos,Vásquez,60,Masculino,Ayacucho,Nuevo,2023-06-15,crisol,2025-11-09
107673349,Ana,Díaz,43,Femenino,Trujillo,Nuevo,2023-02-23,crisol,2025-11-09
172591127,José,Salazar,18,Masculino,Huánuco,Nuevo,2024-03-21,crisol,2025-11-09
94640346,María,Martínez,32,Femenino,Huancayo,Recurrente,2024-01-29,crisol,2025-11-09
999315397,José,Castro,59,Otro,Pucallpa,Recurrente,2023-02-28,crisol,2025-11-09
830655747,Rosa,Rodríguez,58,Femenino,Chiclayo,Nuevo,2024-06-14,crisol,2025-11-09
307097155,Ana,Pérez,68,Otro,Arequipa,Nuevo,2023-08-26,crisol,2025-11-09
660555221,Carlos,Salazar,20,Femenino,Ica,Recurrente,2023-06-11,crisol,2025-11-09
93246752,Luis,Flores,43,Femenino,Tacna,Nuevo,2024-08-23,crisol,2025-11-09
215081636,Pedro,Pérez,65,Otro,Huancayo,Recurrente,2024-07-16,crisol,2025-11-09
305472873,Camila,Vásquez,53,Otro,Cusco,Nuevo,2023-10-11,crisol,2025-11-09
242982954,Valeria,López,47,Femenino,Piura,Nuevo,2023-06-29,crisol,2025-11-09
437157475,Pedro,García,53,Masculino,Arequipa,Nuevo,2023-04-30,crisol,2025-11-09
862152669,Pedro,Martínez,52,Otro,Pucallpa,Recurrente,2024-01-22,crisol,2025-11-09
604697685,Lucía,Flores,33,Femenino,Trujillo,Nuevo,2024-04-16,crisol,2025-11-09
962635127,Valeria,Vásquez,19,Femenino,Huancayo,Nuevo,2024-01-27,crisol,2025-11-09
680389168,Diego,López,61,Otro,Ica,Recurrente,2024-02-27,crisol,2025-11-09
379134231,Pedro,Díaz,18,Otro,Pucallpa,Nuevo,2023-04-06,crisol,2025-11-09
428348505,Andrés,Ruiz,70,Femenino,Huancayo,Nuevo,2023-07-02,crisol,2025-11-09
511697526,Sofía,Gonzales,31,Otro,Pucallpa,Nuevo,2023-07-14,crisol,2025-11-09
535796460,Camila,López,33,Otro,Ica,Recurrente,2023-07-31,crisol,2025-11-09
246109712,Ana,Vásquez,33,Otro,Cusco,Nuevo,2023-04-20,crisol,2025-11-09
128718546,Javier,García,61,Otro,Chiclayo,Recurrente,2024-07-08,crisol,2025-11-09
45379683,Rosa,Torres,41,Otro,Cusco,Nuevo,2024-08-11,crisol,2025-11-09
932833438,Luis,Torres,29,Otro,Pucallpa,Nuevo,2024-08-13,crisol,2025-11-09
137703046,Juan,Díaz,69,Femenino,Chiclayo,Recurrente,2023-02-03,crisol,2025-11-09
539528648,Sofía,Ramos,61,Masculino,Chiclayo,Recurrente,2024-06-14,crisol,2025-11-09
493997037,Sofía,Ruiz,18,Masculino,Tacna,Nuevo,2024-08-17,crisol,2025-11-09
108177158,Sofía,Gonzales,57,Femenino,Huánuco,Nuevo,2023-08-31,crisol,2025-11-09
289274886,Lucía,Castro,39,Femenino,Huánuco,Nuevo,2023-08-04,crisol,2025-11-09
449997617,Camila,Flores,41,Femenino,Cajamarca,Nuevo,2023-07-04,crisol,2025-11-09
613546516,Carlos,Castro,61,Masculino,Huancayo,Recurrente,2023-08-30,crisol,2025-11-09
596291839,José,Vásquez,42,Masculino,Huánuco,Recurrente,2023-06-03,crisol,2025-11-09
507865951,Diego,Pérez,29,Femenino,Chiclayo,Nuevo,2024-06-13,crisol,2025-11-09
573359435,Camila,Gonzales,68,Femenino,Pucallpa,Nuevo,2024-08-04,crisol,2025-11-09
51227475,José,García,62,Masculino,Lima,Nuevo,2023-09-18,crisol,2025-11-09
511680307,Rosa,Salazar,24,Femenino,Ayacucho,Nuevo,2024-01-05,crisol,2025-11-09
386876247,Pedro,Díaz,69,Femenino,Cusco,Nuevo,2023-05-05,crisol,2025-11-09
376980538,Rosa,Salazar,56,Masculino,Piura,Nuevo,2024-07-05,crisol,2025-11-09
187409640,Diego,Martínez,40,Femenino,Tacna,Nuevo,2024-04-02,crisol,2025-11-09
955235573,María,Ramos,57,Femenino,Chiclayo,Recurrente,2023-05-29,crisol,2025-11-09
932284555,Carlos,Salazar,69,Femenino,Cajamarca,Recurrente,2024-08-08,crisol,2025-11-09
434621392,Rosa,Herrera,22,Masculino,Huánuco,Nuevo,2023-11-18,crisol,2025-11-09
340245422,Andrés,Martínez,63,Femenino,Piura,Recurrente,2023-10-05,crisol,2025-11-09
953151819,Lucía,Flores,41,Otro,Piura,Nuevo,2024-04-06,crisol,2025-11-09
444517369,Carlos,Rodríguez,19,Masculino,Ayacucho,Nuevo,2023-09-15,crisol,2025-11-09
798730065,Camila,Ruiz,23,Masculino,Huánuco,Nuevo,2023-04-08,crisol,2025-11-09
68496565,Javier,Herrera,48,Otro,Lima,Nuevo,2024-02-11,crisol,2025-11-09
562622237,Diego,García,24,Femenino,Piura,Nuevo,2024-02-04,crisol,2025-11-09
332184213,Ana,López,65,Femenino,Chiclayo,Recurrente,2023-05-15,crisol,2025-11-09
565585273,Rosa,Rodríguez,19,Masculino,Tacna,Nuevo,2023-11-30,crisol,2025-11-09
927971861,Lucía,Torres,52,Femenino,Arequipa,Nuevo,2024-07-06,crisol,2025-11-09
190091645,Valeria,Castro,47,Otro,Ayacucho,Recurrente,2024-07-31,crisol,2025-11-09
467053396,Pedro,Salazar,58,Otro,Pucallpa,Recurrente,2024-05-08,crisol,2025-11-09
579464236,Ana,Flores,23,Femenino,Pucallpa,Nuevo,2023-09-24,crisol,2025-11-09
167200433,Luis,Pérez,18,Otro,Trujillo,Recurrente,2023-12-19,crisol,2025-11-09
307908620,Lucía,Díaz,18,Otro,Chiclayo,Recurrente,2024-05-03,crisol,2025-11-09
321704344,Juan,Flores,45,Femenino,Piura,Nuevo,2023-01-08,crisol,2025-11-09
588638365,Sofía,López,44,Otro,Cajamarca,Nuevo,2023-06-17,crisol,2025-11-09
767658814,Camila,Salazar,42,Femenino,Ica,Nuevo,2024-03-08,crisol,2025-11-09
671435478,Ana,Díaz,66,Otro,Trujillo,Recurrente,2023-10-06,crisol,2025-11-09
305669440,Andrés,Ruiz,52,Femenino,Cajamarca,Nuevo,2023-03-12,crisol,2025-11-09
195858216,Carlos,Martínez,25,Otro,Chiclayo,Recurrente,2023-10-06,crisol,2025-11-09
752126726,Valeria,Torres,30,Femenino,Lima,Nuevo,2024-07-01,crisol,2025-11-09
23762858,Carlos,García,36,Femenino,Huánuco,Recurrente,2023-01-09,crisol,2025-11-09
249978373,María,Rodríguez,18,Femenino,Ica,Nuevo,2023-11-16,crisol,2025-11-09
843666157,Diego,Torres,41,Femenino,Ayacucho,Recurrente,2023-12-05,crisol,2025-11-09
86138889,Rosa,Flores,27,Masculino,Pucallpa,Recurrente,2023-03-15,crisol,2025-11-09
583247918,Lucía,Rodríguez,30,Femenino,Cajamarca,Recurrente,2023-05-05,crisol,2025-11-09
824790131,Camila,López,42,Femenino,Ica,Recurrente,2023-02-04,crisol,2025-11-09
213867761,Lucía,Ruiz,67,Masculino,Arequipa,Recurrente,2023-08-02,crisol,2025-11-09
507692567,José,Salazar,37,Femenino,Huánuco,Recurrente,2023-02-13,crisol,2025-11-09
799641923,Javier,Díaz,51,Masculino,Pucallpa,Nuevo,2023-11-02,crisol,2025-11-09
213377873,Sofía,Herrera,21,Otro,Ica,Recurrente,2023-08-30,crisol,2025-11-09
679580831,José,Gonzales,18,Masculino,Trujillo,Nuevo,2023-05-03,crisol,2025-11-09
424995927,Diego,López,18,Masculino,Piura,Recurrente,2024-05-01,crisol,2025-11-09
739170893,Valeria,Rodríguez,41,Masculino,Ica,Nuevo,2023-04-04,crisol,2025-11-09
736527450,Valeria,Gonzales,66,Otro,Lima,Nuevo,2023-06-07,crisol,2025-11-09
753045356,Pedro,Flores,24,Masculino,Chiclayo,Nuevo,2024-07-25,crisol,2025-11-09
846711815,Andrés,Flores,40,Femenino,Ayacucho,Nuevo,2024-01-22,crisol,2025-11-09
384579421,Camila,Rodríguez,34,Masculino,Chiclayo,Recurrente,2024-07-26,crisol,2025-11-09
316447391,Pedro,Ruiz,49,Masculino,Piura,Nuevo,2023-12-23,crisol,2025-11-09
347549695,Camila,Torres,35,Otro,Arequipa,Nuevo,2024-06-27,crisol,2025-11-09
166457342,Lucía,Martínez,70,Femenino,Arequipa,Nuevo,2023-01-01,crisol,2025-11-09
833135507,Andrés,Díaz,42,Otro,Huánuco,Recurrente,2024-01-08,crisol,2025-11-09
833241446,Valeria,López,38,Otro,Huancayo,Recurrente,2024-07-05,crisol,2025-11-09
879447956,José,López,51,Otro,Chiclayo,Recurrente,2023-06-07,crisol,2025-11-09
658245879,Luis,Gonzales,44,Otro,Cusco,Nuevo,2024-06-19,crisol,2025-11-09
707478862,María,Pérez,26,Masculino,Lima,Nuevo,2024-05-12,crisol,2025-11-09
205746804,María,Pérez,54,Otro,Cajamarca,Recurrente,2024-06-22,crisol,2025-11-09
669983207,Camila,Castro,34,Masculino,Cusco,Nuevo,2023-03-14,crisol,2025-11-09
14051099,Javier,Herrera,31,Otro,Chiclayo,Recurrente,2023-03-23,crisol,2025-11-09
502574675,Diego,Salazar,21,Femenino,Arequipa,Recurrente,2024-03-01,crisol,2025-11-09
882644252,Sofía,Flores,63,Masculino,Piura,Nuevo,2023-02-11,crisol,2025-11-09
788448988,María,Vásquez,37,Masculino,Ica,Recurrente,2023-04-10,crisol,2025-11-09
108689641,Camila,López,52,Femenino,Ica,Nuevo,2023-09-12,crisol,2025-11-09
612062546,Andrés,Rodríguez,53,Otro,Arequipa,Nuevo,2023-04-19,crisol,2025-11-09
822790554,Andrés,Castro,40,Otro,Chiclayo,Recurrente,2024-03-13,crisol,2025-11-09
947925077,María,Rodríguez,68,Masculino,Arequipa,Nuevo,2023-12-12,crisol,2025-11-09
706019487,Carlos,Díaz,56,Femenino,Cusco,Recurrente,2024-07-17,crisol,2025-11-09
348594692,Rosa,Gonzales,44,Otro,Cajamarca,Recurrente,2023-11-28,crisol,2025-11-09
653278884,Ana,Castro,52,Masculino,Cajamarca,Recurrente,2023-09-18,crisol,2025-11-09
386556226,Lucía,Torres,43,Masculino,Ayacucho,Nuevo,2023-10-19,crisol,2025-11-09
639695468,Juan,Díaz,26,Femenino,Lima,Nuevo,2023-08-16,crisol,2025-11-09
230664237,Rosa,Gonzales,19,Otro,Pucallpa,Recurrente,2024-06-07,crisol,2025-11-09
597347361,Valeria,Herrera,54,Masculino,Huancayo,Nuevo,2023-12-31,crisol,2025-11-09
167618731,Carlos,Martínez,41,Otro,Ica,Nuevo,2023-11-04,crisol,2025-11-09
98682372,Valeria,Ramos,54,Masculino,Ayacucho,Nuevo,2023-11-29,crisol,2025-11-09
851374399,Lucía,Rodríguez,49,Otro,Ayacucho,Nuevo,2023-04-08,crisol,2025-11-09
639124632,Andrés,Martínez,20,Otro,Trujillo,Nuevo,2023-03-22,crisol,2025-11-09
837649523,Juan,Herrera,67,Femenino,Cusco,Recurrente,2024-03-20,crisol,2025-11-09
447236783,Javier,Vásquez,25,Masculino,Ayacucho,Recurrente,2023-01-12,crisol,2025-11-09
680631093,Diego,Salazar,42,Masculino,Pucallpa,Nuevo,2023-11-23,crisol,2025-11-09
579745130,Valeria,Rodríguez,38,Otro,Ayacucho,Nuevo,2023-02-21,crisol,2025-11-09
723310328,Camila,Ramos,46,Otro,Piura,Nuevo,2023-08-16,crisol,2025-11-09
463787397,Luis,Flores,43,Masculino,Huánuco,Nuevo,2024-05-02,crisol,2025-11-09
613579662,Camila,Pérez,53,Femenino,Pucallpa,Nuevo,2024-05-28,crisol,2025-11-09
466531276,Diego,Ruiz,26,Masculino,Chiclayo,Nuevo,2024-05-14,crisol,2025-11-09
424470332,Andrés,Castro,30,Otro,Piura,Recurrente,2024-06-20,crisol,2025-11-09
264404457,Ana,García,35,Femenino,Cusco,Recurrente,2024-08-12,crisol,2025-11-09
96201527,María,Salazar,44,Femenino,Cusco,Nuevo,2023-11-25,crisol,2025-11-09
369930807,Valeria,Salazar,19,Femenino,Huánuco,Recurrente,2024-03-28,crisol,2025-11-09
669136744,Carlos,Torres,20,Masculino,Ica,Recurrente,2023-06-09,crisol,2025-11-09
813610452,Camila,Vásquez,23,Masculino,Ayacucho,Nuevo,2023-06-01,crisol,2025-11-09
932815732,Rosa,Vásquez,36,Masculino,Cusco,Recurrente,2023-04-24,crisol,2025-11-09
327618008,Lucía,Torres,19,Femenino,Ica,Recurrente,2023-08-05,crisol,2025-11-09
218830034,Pedro,Díaz,66,Femenino,Arequipa,Nuevo,2023-05-25,crisol,2025-11-09
746326954,Camila,Salazar,19,Femenino,Piura,Recurrente,2024-06-23,crisol,2025-11-09
46688450,Luis,Rodríguez,21,Femenino,Ica,Recurrente,2023-10-05,crisol,2025-11-09
56999852,Lucía,Salazar,18,Masculino,Cajamarca,Recurrente,2024-01-04,crisol,2025-11-09
928016025,María,Pérez,36,Otro,Cajamarca,Nuevo,2024-01-25,crisol,2025-11-09
546041020,Camila,García,38,Femenino,Piura,Nuevo,2023-07-10,crisol,2025-11-09
213540619,Pedro,Torres,53,Otro,Lima,Nuevo,2024-06-26,crisol,2025-11-09
327413432,Sofía,Torres,43,Otro,Huánuco,Nuevo,2023-12-27,crisol,2025-11-09
381584364,Andrés,Martínez,33,Otro,Pucallpa,Recurrente,2023-09-21,crisol,2025-11-09
943472542,José,Herrera,70,Masculino,Arequipa,Recurrente,2023-08-19,crisol,2025-11-09
162895422,Sofía,Herrera,43,Otro,Huánuco,Nuevo,2024-01-27,crisol,2025-11-09
559116527,Andrés,Castro,58,Otro,Ica,Nuevo,2024-08-09,crisol,2025-11-09
164013159,José,Martínez,56,Femenino,Chiclayo,Nuevo,2023-07-31,crisol,2025-11-09
700587168,Carlos,Castro,52,Otro,Trujillo,Nuevo,2023-05-22,crisol,2025-11-09
331784498,Camila,Ruiz,51,Masculino,Cajamarca,Recurrente,2023-05-29,crisol,2025-11-09
704623475,Javier,Castro,28,Femenino,Huancayo,Nuevo,2023-05-02,crisol,2025-11-09
197713683,Sofía,Vásquez,27,Otro,Lima,Recurrente,2024-02-28,crisol,2025-11-09
441578219,Luis,Torres,65,Otro,Ayacucho,Nuevo,2023-07-12,crisol,2025-11-09
114644955,Carlos,Rodríguez,19,Otro,Piura,Nuevo,2024-08-03,crisol,2025-11-09
657518717,Ana,Castro,32,Masculino,Tacna,Nuevo,2023-03-23,crisol,2025-11-09
738886075,Diego,Torres,26,Otro,Piura,Nuevo,2024-01-18,crisol,2025-11-09
197543237,Rosa,Ramos,49,Femenino,Huánuco,Nuevo,2023-08-20,crisol,2025-11-09
34606221,José,Flores,18,Femenino,Cajamarca,Nuevo,2023-07-27,crisol,2025-11-09
813656416,Ana,García,29,Femenino,Piura,Nuevo,2023-11-29,crisol,2025-11-09
930692464,Lucía,Herrera,33,Femenino,Cajamarca,Recurrente,2024-01-25,crisol,2025-11-09
773309842,Sofía,Ramos,57,Otro,Piura,Nuevo,2024-06-21,crisol,2025-11-09
688691372,Javier,Ruiz,68,Masculino,Arequipa,Nuevo,2024-04-12,crisol,2025-11-09
887995334,Javier,Pérez,33,Otro,Arequipa,Nuevo,2023-02-10,crisol,2025-11-09
598826833,José,Díaz,66,Otro,Lima,Nuevo,2024-03-26,crisol,2025-11-09
427392079,Javier,Martínez,67,Femenino,Chiclayo,Nuevo,2023-10-29,crisol,2025-11-09
658347916,Javier,Pérez,62,Otro,Huánuco,Nuevo,2024-04-07,crisol,2025-11-09
97110078,Camila,Díaz,25,Masculino,Trujillo,Nuevo,2024-07-13,crisol,2025-11-09
145284437,José,Ramos,38,Femenino,Lima,Nuevo,2023-07-26,crisol,2025-11-09
947629180,Lucía,García,34,Femenino,Ayacucho,Recurrente,2023-06-17,crisol,2025-11-09
771348981,Camila,García,23,Masculino,Ayacucho,Nuevo,2024-01-07,crisol,2025-11-09
91597206,Pedro,Ruiz,42,Otro,Trujillo,Recurrente,2023-06-13,crisol,2025-11-09
406603082,Pedro,Ramos,20,Masculino,Cusco,Nuevo,2023-06-03,crisol,2025-11-09
174079423,Rosa,Rodríguez,29,Otro,Lima,Nuevo,2023-11-13,crisol,2025-11-09
784005207,Diego,Torres,36,Otro,Huánuco,Nuevo,2023-05-15,crisol,2025-11-09
217810361,Juan,Castro,66,Femenino,Lima,Nuevo,2024-05-25,crisol,2025-11-09
583579921,Diego,Pérez,56,Femenino,Ica,Nuevo,2024-05-02,crisol,2025-11-09
487197988,José,Torres,23,Otro,Piura,Nuevo,2024-07-14,crisol,2025-11-09
298621490,Valeria,Salazar,53,Masculino,Lima,Nuevo,2023-02-26,crisol,2025-11-09
701450705,Sofía,Pérez,27,Masculino,Tacna,Nuevo,2023-11-02,crisol,2025-11-09
355527819,Javier,García,21,Masculino,Cajamarca,Recurrente,2023-06-15,crisol,2025-11-09
721651676,Luis,Castro,60,Otro,Ayacucho,Nuevo,2024-07-29,crisol,2025-11-09
190502484,Lucía,Ruiz,55,Femenino,Lima,Nuevo,2023-11-03,crisol,2025-11-09
346627326,Sofía,Herrera,42,Masculino,Trujillo,Nuevo,2024-07-17,crisol,2025-11-09
69713616,Luis,Torres,26,Masculino,Ayacucho,Recurrente,2023-12-04,crisol,2025-11-09
565918566,José,Díaz,31,Otro,Ica,Recurrente,2023-04-22,crisol,2025-11-09
613500721,Camila,Salazar,51,Masculino,Chiclayo,Recurrente,2023-10-22,crisol,2025-11-09
458545314,Valeria,Vásquez,38,Femenino,Arequipa,Nuevo,2023-12-29,crisol,2025-11-09
995471813,Carlos,Castro,54,Femenino,Arequipa,Recurrente,2024-05-24,crisol,2025-11-09
528822629,Diego,Rodríguez,57,Masculino,Ayacucho,Nuevo,2023-07-18,crisol,2025-11-09
1697496,María,Pérez,47,Otro,Trujillo,Nuevo,2023-08-01,crisol,2025-11-09
858525681,Valeria,Ramos,44,Masculino,Cusco,Nuevo,2023-08-06,crisol,2025-11-09
12130346,Andrés,López,62,Femenino,Pucallpa,Recurrente,2023-11-12,crisol,2025-11-09
322427487,Pedro,Díaz,38,Masculino,Huancayo,Recurrente,2023-12-16,crisol,2025-11-09
425254727,Camila,Castro,57,Masculino,Huánuco,Nuevo,2023-12-13,crisol,2025-11-09
990290356,Andrés,Torres,48,Masculino,Tacna,Nuevo,2023-06-09,crisol,2025-11-09
673451395,Lucía,Herrera,52,Femenino,Chiclayo,Recurrente,2024-02-28,crisol,2025-11-09
996206898,Camila,Pérez,51,Femenino,Piura,Recurrente,2023-11-20,crisol,2025-11-09
596116984,Pedro,Pérez,31,Otro,Tacna,Nuevo,2023-12-29,crisol,2025-11-09
71095709,Carlos,Martínez,19,Femenino,Cajamarca,Recurrente,2023-06-19,crisol,2025-11-09
613086866,Valeria,Ramos,29,Otro,Huancayo,Recurrente,2023-11-12,crisol,2025-11-09
757273798,Rosa,Gonzales,63,Masculino,Pucallpa,Nuevo,2024-05-23,crisol,2025-11-09
941723910,Ana,Gonzales,46,Femenino,Ica,Nuevo,2023-06-29,crisol,2025-11-09
120507410,Sofía,Flores,20,Masculino,Huancayo,Nuevo,2023-01-26,crisol,2025-11-09
857946858,Lucía,Herrera,50,Masculino,Ica,Nuevo,2024-05-10,crisol,2025-11-09
786452604,Rosa,Díaz,37,Femenino,Huánuco,Recurrente,2023-04-11,crisol,2025-11-09
882764505,Pedro,Salazar,26,Masculino,Ayacucho,Nuevo,2024-02-01,crisol,2025-11-09
766305263,Rosa,Díaz,25,Masculino,Pucallpa,Recurrente,2023-03-31,crisol,2025-11-09
357867151,Lucía,Herrera,20,Masculino,Arequipa,Recurrente,2023-11-16,crisol,2025-11-09
24137992,Valeria,Flores,37,Otro,Ica,Nuevo,2023-07-17,crisol,2025-11-09
307699378,Luis,Díaz,38,Femenino,Tacna,Nuevo,2023-06-02,crisol,2025-11-09
169110063,Luis,García,18,Otro,Arequipa,Nuevo,2023-07-31,crisol,2025-11-09
582535775,Sofía,Díaz,38,Femenino,Huánuco,Recurrente,2023-10-18,crisol,2025-11-09
616416868,Ana,Rodríguez,22,Femenino,Piura,Recurrente,2024-07-07,crisol,2025-11-09
476363024,Juan,Rodríguez,19,Femenino,Tacna,Nuevo,2024-01-28,crisol,2025-11-09
57767179,María,Ramos,43,Masculino,Ayacucho,Nuevo,2024-04-01,crisol,2025-11-09
661763552,Sofía,Martínez,39,Masculino,Ayacucho,Recurrente,2024-06-30,crisol,2025-11-09
84337702,Javier,Flores,66,Femenino,Piura,Nuevo,2024-04-24,crisol,2025-11-09
104435349,Lucía,Martínez,61,Otro,Ayacucho,Recurrente,2024-04-26,crisol,2025-11-09
248779766,Ana,Rodríguez,57,Femenino,Cusco,Nuevo,2023-12-05,crisol,2025-11-09
846944681,Rosa,Herrera,38,Femenino,Chiclayo,Nuevo,2024-05-01,crisol,2025-11-09
121211559,Sofía,Torres,47,Masculino,Pucallpa,Recurrente,2024-08-11,crisol,2025-11-09
136788265,Pedro,García,43,Otro,Trujillo,Nuevo,2024-07-23,crisol,2025-11-09
697343144,María,Flores,37,Otro,Chiclayo,Nuevo,2024-02-28,crisol,2025-11-09
256168265,Valeria,López,53,Masculino,Chiclayo,Nuevo,2023-12-15,crisol,2025-11-09
223594003,Rosa,Ruiz,55,Femenino,Trujillo,Recurrente,2024-08-03,crisol,2025-11-09
845385686,Sofía,Díaz,62,Masculino,Huánuco,Recurrente,2023-03-21,crisol,2025-11-09
793889313,Javier,Ruiz,54,Femenino,Huancayo,Nuevo,2024-04-19,crisol,2025-11-09
349372065,Pedro,García,70,Femenino,Huánuco,Nuevo,2024-02-20,crisol,2025-11-09
74740628,Valeria,García,61,Otro,Trujillo,Recurrente,2023-12-02,crisol,2025-11-09
530745374,Andrés,Salazar,21,Masculino,Ica,Recurrente,2024-08-17,crisol,2025-11-09
969863748,Diego,Salazar,69,Masculino,Trujillo,Nuevo,2023-06-02,crisol,2025-11-09
486377578,Pedro,Martínez,42,Otro,Piura,Nuevo,2023-07-30,crisol,2025-11-09
731773074,Javier,Gonzales,37,Otro,Trujillo,Recurrente,2023-11-08,crisol,2025-11-09
986233607,Javier,Ramos,63,Femenino,Huancayo,Nuevo,2024-06-06,crisol,2025-11-09
434003670,Rosa,Rodríguez,36,Masculino,Cusco,Recurrente,2023-02-24,crisol,2025-11-09
905503,Camila,Díaz,70,Femenino,Huancayo,Recurrente,2023-02-01,crisol,2025-11-09
252588284,José,Ruiz,55,Femenino,Tacna,Nuevo,2024-01-27,crisol,2025-11-09
435974242,José,Ramos,52,Masculino,Tacna,Nuevo,2023-05-23,crisol,2025-11-09
202107025,Pedro,Ramos,41,Femenino,Huánuco,Nuevo,2023-05-09,crisol,2025-11-09
144179313,Juan,García,59,Masculino,Huánuco,Recurrente,2024-05-13,crisol,2025-11-09
706443412,José,Rodríguez,23,Masculino,Tacna,Recurrente,2024-04-11,crisol,2025-11-09
959476868,Diego,Ruiz,56,Femenino,Piura,Nuevo,2024-06-05,crisol,2025-11-09
455400410,Pedro,Vásquez,46,Femenino,Cusco,Nuevo,2024-03-10,crisol,2025-11-09
649155592,Juan,Castro,49,Otro,Ica,Recurrente,2023-10-03,crisol,2025-11-09
441133739,Javier,Díaz,54,Femenino,Lima,Recurrente,2024-08-04,crisol,2025-11-09
518905205,Camila,Gonzales,25,Otro,Chiclayo,Recurrente,2023-03-23,crisol,2025-11-09
152565264,Camila,Ruiz,51,Femenino,Chiclayo,Nuevo,2024-06-19,crisol,2025-11-09
955539471,Valeria,García,33,Femenino,Tacna,Recurrente,2023-03-21,crisol,2025-11-09
734518883,Andrés,Díaz,69,Otro,Pucallpa,Recurrente,2023-12-18,crisol,2025-11-09
574487589,Diego,Pérez,48,Femenino,Arequipa,Recurrente,2024-08-10,crisol,2025-11-09
787927373,Sofía,Ramos,40,Femenino,Pucallpa,Nuevo,2023-11-08,crisol,2025-11-09
780579928,Diego,Castro,34,Masculino,Tacna,Nuevo,2023-06-23,crisol,2025-11-09
615103737,Juan,Salazar,36,Otro,Piura,Nuevo,2024-05-11,crisol,2025-11-09
88594622,Carlos,Díaz,22,Femenino,Pucallpa,Nuevo,2023-10-15,crisol,2025-11-09
295512122,Rosa,Martínez,18,Otro,Huancayo,Recurrente,2023-06-04,crisol,2025-11-09
707762976,Lucía,Gonzales,69,Masculino,Pucallpa,Recurrente,2023-08-30,crisol,2025-11-09
520677295,Carlos,Flores,51,Masculino,Cusco,Recurrente,2023-05-29,crisol,2025-11-09
639460592,Javier,Vásquez,27,Femenino,Trujillo,Recurrente,2024-01-28,crisol,2025-11-09
255494114,Andrés,Torres,64,Otro,Huánuco,Nuevo,2023-12-20,crisol,2025-11-09
58331864,Andrés,Martínez,66,Masculino,Lima,Nuevo,2024-02-13,crisol,2025-11-09
511350152,Luis,Torres,65,Otro,Ica,Nuevo,2024-02-04,crisol,2025-11-09
509586681,Luis,Rodríguez,51,Femenino,Lima,Nuevo,2024-04-04,crisol,2025-11-09
410173769,Andrés,Gonzales,51,Otro,Lima,Nuevo,2024-06-28,crisol,2025-11-09
684428973,Sofía,Vásquez,45,Otro,Tacna,Recurrente,2023-12-10,crisol,2025-11-09
290260461,Luis,Flores,24,Femenino,Tacna,Nuevo,2024-04-17,crisol,2025-11-09
830164576,Andrés,Ruiz,33,Otro,Tacna,Nuevo,2023-07-19,crisol,2025-11-09
558294552,Sofía,Salazar,62,Masculino,Cusco,Nuevo,2023-01-09,crisol,2025-11-09
893019801,María,Pérez,44,Masculino,Arequipa,Nuevo,2024-04-01,crisol,2025-11-09
377437882,Ana,Ruiz,36,Femenino,Ica,Nuevo,2023-04-05,crisol,2025-11-09
61076482,Valeria,Salazar,31,Otro,Tacna,Nuevo,2023-05-03,crisol,2025-11-09
92756659,Rosa,Castro,26,Femenino,Tacna,Recurrente,2024-08-02,crisol,2025-11-09
862429499,Carlos,Herrera,25,Otro,Huánuco,Nuevo,2024-04-23,crisol,2025-11-09
709182681,Javier,García,58,Femenino,Pucallpa,Recurrente,2023-11-28,crisol,2025-11-09
276313067,Carlos,Flores,22,Femenino,Trujillo,Nuevo,2024-02-02,crisol,2025-11-09
357185297,Juan,Martínez,70,Femenino,Huánuco,Nuevo,2024-05-18,crisol,2025-11-09
997061945,Ana,Castro,43,Masculino,Tacna,Nuevo,2023-05-28,crisol,2025-11-09
580499353,Diego,Ramos,31,Otro,Tacna,Nuevo,2024-03-28,crisol,2025-11-09
768155245,Luis,García,20,Masculino,Huancayo,Nuevo,2023-09-14,crisol,2025-11-09
834552051,Lucía,Pérez,49,Masculino,Tacna,Recurrente,2023-02-08,crisol,2025-11-09
713615080,José,Martínez,27,Otro,Cusco,Recurrente,2024-08-11,crisol,2025-11-09
3976873,Pedro,Ruiz,67,Femenino,Chiclayo,Nuevo,2023-03-13,crisol,2025-11-09
579958795,Ana,Pérez,42,Otro,Trujillo,Nuevo,2024-08-03,crisol,2025-11-09
574778368,Javier,Gonzales,39,Otro,Pucallpa,Nuevo,2023-04-03,crisol,2025-11-09
392297332,Pedro,Vásquez,39,Masculino,Chiclayo,Recurrente,2023-10-24,crisol,2025-11-09
695561982,Ana,Rodríguez,53,Masculino,Cajamarca,Recurrente,2023-11-03,crisol,2025-11-09
747197907,José,Herrera,24,Otro,Ayacucho,Nuevo,2023-03-28,crisol,2025-11-09
950491458,Andrés,Torres,65,Masculino,Huánuco,Nuevo,2023-01-26,crisol,2025-11-09
772813901,Valeria,López,49,Femenino,Huancayo,Recurrente,2023-11-12,crisol,2025-11-09
536531772,Pedro,Vásquez,69,Femenino,Lima,Nuevo,2023-02-27,crisol,2025-11-09
362622584,Diego,Ruiz,20,Femenino,Huancayo,Nuevo,2024-06-19,crisol,2025-11-09
492171427,Andrés,Vásquez,52,Masculino,Ayacucho,Nuevo,2023-03-15,crisol,2025-11-09
39597095,Camila,Rodríguez,49,Otro,Lima,Nuevo,2023-02-16,crisol,2025-11-09
260578402,Camila,Salazar,26,Masculino,Huánuco,Recurrente,2023-11-11,crisol,2025-11-09
881262028,Diego,García,47,Otro,Huánuco,Recurrente,2023-03-07,crisol,2025-11-09
878106253,Rosa,García,25,Femenino,Piura,Recurrente,2023-08-14,crisol,2025-11-09
67763965,Diego,López,45,Femenino,Trujillo,Recurrente,2024-02-16,crisol,2025-11-09
348144622,María,Salazar,54,Otro,Huánuco,Nuevo,2023-08-07,crisol,2025-11-09
820583443,Juan,Castro,29,Femenino,Huancayo,Nuevo,2023-05-25,crisol,2025-11-09
813413214,José,Rodríguez,62,Femenino,Arequipa,Nuevo,2023-09-07,crisol,2025-11-09
993936529,Valeria,Pérez,26,Masculino,Trujillo,Recurrente,2024-01-21,crisol,2025-11-09
835007826,Carlos,Pérez,49,Masculino,Lima,Nuevo,2023-04-02,crisol,2025-11-09
758857635,Andrés,Castro,36,Femenino,Ayacucho,Recurrente,2024-05-02,crisol,2025-11-09
743414103,Carlos,López,27,Otro,Pucallpa,Nuevo,2024-02-26,crisol,2025-11-09
256896763,Carlos,Castro,62,Masculino,Piura,Nuevo,2024-05-26,crisol,2025-11-09
657183487,María,Salazar,70,Femenino,Cusco,Nuevo,2024-07-25,crisol,2025-11-09
253015458,Ana,García,51,Masculino,Piura,Nuevo,2024-07-06,crisol,2025-11-09
544967737,Ana,Torres,67,Otro,Tacna,Nuevo,2023-02-24,crisol,2025-11-09
208004185,María,Flores,27,Otro,Chiclayo,Nuevo,2023-06-13,crisol,2025-11-09
719560168,Javier,Pérez,21,Otro,Cusco,Nuevo,2024-03-21,crisol,2025-11-09
269919135,Sofía,Castro,69,Femenino,Lima,Nuevo,2023-02-23,crisol,2025-11-09
993062310,Pedro,Rodríguez,28,Masculino,Chiclayo,Nuevo,2023-03-14,crisol,2025-11-09
961083946,Ana,Ruiz,46,Otro,Piura,Nuevo,2023-07-23,crisol,2025-11-09
802178290,Andrés,Herrera,38,Masculino,Trujillo,Nuevo,2023-08-22,crisol,2025-11-09
105295567,Ana,Ruiz,44,Masculino,Cajamarca,Recurrente,2023-03-17,crisol,2025-11-09
505721937,Valeria,Torres,21,Femenino,Huánuco,Nuevo,2024-04-10,crisol,2025-11-09
191191291,José,Gonzales,26,Femenino,Ayacucho,Nuevo,2024-01-03,crisol,2025-11-09
289582299,Ana,Gonzales,26,Masculino,Ayacucho,Nuevo,2023-10-15,crisol,2025-11-09
146567370,María,Vásquez,47,Femenino,Cajamarca,Nuevo,2023-12-18,crisol,2025-11-09
236065965,Javier,Martínez,56,Masculino,Trujillo,Recurrente,2023-06-24,crisol,2025-11-09
620753175,Pedro,Vásquez,32,Masculino,Cajamarca,Recurrente,2024-05-15,crisol,2025-11-09
925779181,Ana,Castro,48,Femenino,Pucallpa,Nuevo,2024-03-14,crisol,2025-11-09
790466024,Rosa,López,33,Femenino,Cajamarca,Nuevo,2023-06-02,crisol,2025-11-09
981136657,Valeria,Herrera,18,Femenino,Lima,Nuevo,2024-04-26,crisol,2025-11-09
787564180,Diego,Díaz,20,Femenino,Arequipa,Nuevo,2023-04-11,crisol,2025-11-09
485805219,Lucía,López,23,Otro,Trujillo,Nuevo,2024-02-21,crisol,2025-11-09
234082685,Carlos,Gonzales,36,Masculino,Tacna,Recurrente,2023-01-17,crisol,2025-11-09
515163018,Andrés,Martínez,28,Otro,Chiclayo,Recurrente,2024-08-20,crisol,2025-11-09
26213767,Lucía,Torres,67,Masculino,Ayacucho,Nuevo,2024-01-15,crisol,2025-11-09
673033141,Lucía,Ruiz,58,Masculino,Tacna,Nuevo,2023-12-07,crisol,2025-11-09
570071366,Juan,Martínez,45,Femenino,Ayacucho,Recurrente,2024-07-09,crisol,2025-11-09
617647827,Diego,López,68,Otro,Huancayo,Recurrente,2023-12-10,crisol,2025-11-09
790017125,Javier,Pérez,50,Otro,Cusco,Recurrente,2023-04-24,crisol,2025-11-09
411194794,Sofía,Torres,57,Masculino,Cusco,Nuevo,2024-07-26,crisol,2025-11-09
756852333,María,Díaz,63,Masculino,Huánuco,Recurrente,2023-09-02,crisol,2025-11-09
579427414,María,Salazar,48,Otro,Trujillo,Nuevo,2023-08-03,crisol,2025-11-09
808713884,Camila,Flores,32,Femenino,Cusco,Recurrente,2024-05-30,crisol,2025-11-09
730387900,José,Martínez,21,Masculino,Cusco,Nuevo,2024-05-12,crisol,2025-11-09
538427940,Pedro,Vásquez,25,Femenino,Ayacucho,Nuevo,2024-06-29,crisol,2025-11-09
965778370,Luis,Torres,57,Femenino,Trujillo,Recurrente,2023-03-09,crisol,2025-11-09
202243117,Javier,Herrera,47,Masculino,Huancayo,Nuevo,2023-07-03,crisol,2025-11-09
309637808,María,García,28,Femenino,Huancayo,Recurrente,2024-05-23,crisol,2025-11-09
161596070,Rosa,López,51,Otro,Lima,Nuevo,2024-07-08,crisol,2025-11-09
141763305,Lucía,Gonzales,44,Femenino,Ayacucho,Recurrente,2023-10-26,crisol,2025-11-09
203002339,María,Pérez,69,Masculino,Arequipa,Recurrente,2024-02-26,crisol,2025-11-09
621379342,Sofía,Salazar,59,Femenino,Chiclayo,Nuevo,2024-06-26,crisol,2025-11-09
903991695,Pedro,Torres,47,Femenino,Piura,Nuevo,2023-11-10,crisol,2025-11-09
184401329,Diego,Martínez,32,Femenino,Cusco,Recurrente,2023-02-18,crisol,2025-11-09
159277073,Sofía,Martínez,47,Masculino,Piura,Recurrente,2024-07-02,crisol,2025-11-09
306281188,Carlos,Rodríguez,63,Otro,Tacna,Recurrente,2023-06-15,crisol,2025-11-09
255448903,María,Pérez,38,Otro,Huánuco,Nuevo,2024-01-14,crisol,2025-11-09
198101702,Ana,Díaz,63,Masculino,Tacna,Nuevo,2023-12-19,crisol,2025-11-09
158853889,Sofía,Torres,52,Masculino,Arequipa,Nuevo,2023-01-26,crisol,2025-11-09
434395495,Javier,Torres,67,Masculino,Chiclayo,Recurrente,2023-06-09,crisol,2025-11-09
4610971,Camila,Díaz,50,Femenino,Tacna,Recurrente,2024-04-30,crisol,2025-11-09
962048466,Luis,Flores,54,Otro,Huánuco,Recurrente,2024-03-28,crisol,2025-11-09
363659637,Camila,García,64,Femenino,Lima,Nuevo,2024-07-18,crisol,2025-11-09
125494759,Luis,Pérez,43,Otro,Ica,Nuevo,2023-04-05,crisol,2025-11-09
350433330,Juan,Castro,59,Masculino,Piura,Nuevo,2023-10-12,crisol,2025-11-09
210148111,Juan,García,52,Femenino,Tacna,Recurrente,2023-03-31,crisol,2025-11-09
549527664,José,López,49,Femenino,Piura,Recurrente,2023-02-27,crisol,2025-11-09
975437485,Andrés,Gonzales,43,Masculino,Ayacucho,Recurrente,2024-01-14,crisol,2025-11-09
414585268,Sofía,Pérez,36,Femenino,Cusco,Nuevo,2024-04-01,crisol,2025-11-09
938774341,Pedro,García,31,Otro,Chiclayo,Recurrente,2024-03-01,crisol,2025-11-09
862950738,Lucía,Martínez,28,Otro,Cajamarca,Recurrente,2024-02-29,crisol,2025-11-09
149859658,Rosa,Castro,56,Masculino,Huánuco,Nuevo,2024-05-01,crisol,2025-11-09
931498757,Pedro,Gonzales,22,Otro,Trujillo,Nuevo,2023-01-07,crisol,2025-11-09
439655012,Andrés,Herrera,35,Femenino,Huánuco,Nuevo,2024-08-04,crisol,2025-11-09
810936792,Javier,Rodríguez,30,Masculino,Cajamarca,Nuevo,2024-05-17,crisol,2025-11-09
45347243,Rosa,Vásquez,37,Otro,Pucallpa,Nuevo,2024-04-19,crisol,2025-11-09
241076755,Juan,Flores,18,Masculino,Pucallpa,Nuevo,2024-04-28,crisol,2025-11-09
133333957,Andrés,Salazar,36,Femenino,Huánuco,Nuevo,2023-09-08,crisol,2025-11-09
30539998,María,Flores,35,Femenino,Huancayo,Nuevo,2024-01-06,crisol,2025-11-09
623914616,Lucía,Castro,45,Femenino,Tacna,Recurrente,2023-05-03,crisol,2025-11-09
400722831,Pedro,Ruiz,54,Masculino,Pucallpa,Nuevo,2023-03-01,crisol,2025-11-09
156913540,Sofía,Torres,62,Masculino,Cusco,Nuevo,2023-10-07,crisol,2025-11-09
387796299,José,Salazar,40,Masculino,Pucallpa,Nuevo,2023-03-20,crisol,2025-11-09
551759949,Ana,Flores,58,Masculino,Trujillo,Nuevo,2023-06-21,crisol,2025-11-09
583806675,Sofía,Vásquez,38,Otro,Trujillo,Nuevo,2024-01-07,crisol,2025-11-09
102900339,Pedro,Castro,40,Masculino,Lima,Nuevo,2023-10-16,crisol,2025-11-09
400520940,Diego,Torres,44,Femenino,Huánuco,Nuevo,2023-06-08,crisol,2025-11-09
540503265,Ana,Vásquez,30,Otro,Piura,Recurrente,2024-06-22,crisol,2025-11-09
908460479,Pedro,Ruiz,53,Otro,Trujillo,Recurrente,2024-03-03,crisol,2025-11-09
494448830,Javier,García,25,Masculino,Lima,Nuevo,2023-11-16,crisol,2025-11-09
742010046,Sofía,Rodríguez,70,Femenino,Piura,Nuevo,2023-12-17,crisol,2025-11-09
184906027,Camila,Martínez,19,Otro,Huancayo,Nuevo,2023-05-26,crisol,2025-11-09
738785008,Ana,Martínez,26,Masculino,Huánuco,Recurrente,2024-03-11,crisol,2025-11-09
741760327,Diego,Flores,25,Masculino,Lima,Recurrente,2024-03-17,crisol,2025-11-09
45652216,Ana,García,20,Otro,Arequipa,Nuevo,2024-04-25,crisol,2025-11-09
127691754,Javier,Martínez,20,Masculino,Pucallpa,Recurrente,2023-04-09,crisol,2025-11-09
840064269,María,Herrera,56,Masculino,Piura,Recurrente,2023-07-09,crisol,2025-11-09
720051966,Sofía,Pérez,23,Masculino,Ayacucho,Recurrente,2024-08-16,crisol,2025-11-09
373486641,Sofía,Rodríguez,50,Otro,Piura,Nuevo,2024-08-06,crisol,2025-11-09
73376339,María,Vásquez,55,Masculino,Arequipa,Nuevo,2023-07-16,crisol,2025-11-09
302641424,Carlos,Herrera,66,Otro,Lima,Recurrente,2023-04-12,crisol,2025-11-09
992386663,Ana,Herrera,50,Otro,Chiclayo,Nuevo,2023-07-09,crisol,2025-11-09
472087589,Andrés,García,29,Femenino,Cajamarca,Nuevo,2024-06-10,crisol,2025-11-09
244334478,José,García,66,Femenino,Huancayo,Nuevo,2024-06-16,crisol,2025-11-09
145934792,Lucía,Flores,41,Otro,Pucallpa,Nuevo,2023-02-11,crisol,2025-11-09
88313058,Sofía,Torres,25,Femenino,Pucallpa,Nuevo,2023-11-16,crisol,2025-11-09
737710623,Rosa,Torres,32,Otro,Cajamarca,Nuevo,2024-03-14,crisol,2025-11-09
202706330,Rosa,García,69,Femenino,Tacna,Nuevo,2023-01-14,crisol,2025-11-09
723872620,Lucía,Salazar,24,Femenino,Chiclayo,Nuevo,2023-03-29,crisol,2025-11-09
128009184,Carlos,Ramos,43,Otro,Piura,Recurrente,2023-06-22,crisol,2025-11-09
69482279,Sofía,López,39,Masculino,Piura,Recurrente,2024-02-18,crisol,2025-11-09
131814874,Ana,Vásquez,45,Otro,Chiclayo,Nuevo,2024-08-18,crisol,2025-11-09
637426805,Luis,Flores,68,Otro,Cajamarca,Nuevo,2024-02-19,crisol,2025-11-09
520263193,Pedro,Martínez,27,Femenino,Huancayo,Nuevo,2024-05-16,crisol,2025-11-09
533943662,Ana,Salazar,26,Masculino,Huancayo,Recurrente,2023-03-11,crisol,2025-11-09
534868281,Andrés,Pérez,29,Femenino,Piura,Recurrente,2023-06-06,crisol,2025-11-09
325078141,Valeria,Castro,24,Masculino,Tacna,Recurrente,2024-05-19,crisol,2025-11-09
851188873,Lucía,López,36,Otro,Chiclayo,Nuevo,2023-09-25,crisol,2025-11-09
582438493,Sofía,Flores,52,Otro,Lima,Recurrente,2023-02-02,crisol,2025-11-09
462145358,Javier,Herrera,25,Femenino,Chiclayo,Nuevo,2024-01-21,crisol,2025-11-09
475191040,Lucía,Pérez,20,Masculino,Arequipa,Recurrente,2023-11-07,crisol,2025-11-09
949939633,Camila,Rodríguez,49,Femenino,Huánuco,Nuevo,2024-02-03,crisol,2025-11-09
523400737,Diego,García,54,Otro,Chiclayo,Recurrente,2024-07-06,crisol,2025-11-09
614406057,Lucía,Torres,53,Masculino,Arequipa,Nuevo,2023-09-27,crisol,2025-11-09
531170553,Valeria,Ramos,57,Otro,Cusco,Recurrente,2023-10-19,crisol,2025-11-09
344115773,Juan,Pérez,55,Masculino,Huánuco,Recurrente,2023-12-24,crisol,2025-11-09
869251370,Camila,Castro,19,Otro,Cusco,Nuevo,2024-03-14,crisol,2025-11-09
370594501,Sofía,Ramos,40,Masculino,Tacna,Nuevo,2023-08-29,crisol,2025-11-09
695873638,Luis,Castro,23,Otro,Huancayo,Recurrente,2023-04-28,crisol,2025-11-09
362489075,Carlos,Pérez,52,Femenino,Lima,Nuevo,2024-03-08,crisol,2025-11-09
609938401,Pedro,Herrera,44,Femenino,Lima,Recurrente,2023-01-23,crisol,2025-11-09
339854673,José,Castro,42,Femenino,Piura,Nuevo,2024-05-15,crisol,2025-11-09
107435042,Camila,Salazar,31,Femenino,Chiclayo,Nuevo,2023-12-14,crisol,2025-11-09
178914614,Valeria,Martínez,41,Femenino,Ica,Nuevo,2023-03-19,crisol,2025-11-09
902351672,Rosa,Díaz,31,Femenino,Pucallpa,Nuevo,2024-08-10,crisol,2025-11-09
431673580,Diego,López,57,Otro,Huancayo,Recurrente,2024-08-15,crisol,2025-11-09
101719440,Valeria,Gonzales,35,Masculino,Piura,Recurrente,2024-05-01,crisol,2025-11-09
458601461,Ana,Gonzales,68,Masculino,Tacna,Recurrente,2024-05-31,crisol,2025-11-09
863424487,Luis,Ramos,60,Otro,Cusco,Nuevo,2024-02-16,crisol,2025-11-09
269793513,Valeria,Díaz,47,Otro,Trujillo,Nuevo,2023-01-20,crisol,2025-11-09
674142288,Camila,Díaz,29,Otro,Chiclayo,Nuevo,2024-04-23,crisol,2025-11-09
287694035,Javier,Salazar,52,Otro,Trujillo,Recurrente,2024-08-02,crisol,2025-11-09
780196990,Andrés,Pérez,51,Masculino,Cusco,Nuevo,2023-09-04,crisol,2025-11-09
161568779,Camila,Salazar,66,Femenino,Cajamarca,Nuevo,2023-03-07,crisol,2025-11-09
680674456,Ana,Vásquez,44,Femenino,Pucallpa,Recurrente,2023-09-20,crisol,2025-11-09
737504834,Valeria,López,43,Masculino,Huancayo,Nuevo,2023-01-29,crisol,2025-11-09
263696611,Diego,Vásquez,37,Femenino,Chiclayo,Nuevo,2024-03-22,crisol,2025-11-09
453139585,Andrés,Herrera,20,Masculino,Huánuco,Nuevo,2023-01-30,crisol,2025-11-09
277451497,Diego,Flores,35,Otro,Arequipa,Nuevo,2023-02-13,crisol,2025-11-09
775750551,Lucía,Flores,19,Masculino,Huancayo,Nuevo,2023-11-02,crisol,2025-11-09
931118610,María,Herrera,44,Femenino,Tacna,Recurrente,2023-04-03,crisol,2025-11-09
426162812,Rosa,Ruiz,26,Masculino,Huancayo,Nuevo,2024-05-27,crisol,2025-11-09
129539022,Pedro,Salazar,55,Otro,Pucallpa,Nuevo,2023-04-03,crisol,2025-11-09
255633079,Valeria,García,67,Femenino,Cusco,Recurrente,2024-02-04,crisol,2025-11-09
865265838,Camila,Ruiz,33,Femenino,Ica,Nuevo,2023-06-29,crisol,2025-11-09
229897397,Luis,Torres,44,Femenino,Piura,Nuevo,2024-06-30,crisol,2025-11-09
402336411,Camila,García,38,Otro,Cajamarca,Nuevo,2023-09-10,crisol,2025-11-09
298214359,Javier,Flores,27,Femenino,Chiclayo,Recurrente,2023-11-12,crisol,2025-11-09
22628256,Andrés,Herrera,56,Masculino,Ayacucho,Recurrente,2023-02-25,crisol,2025-11-09
741614639,Javier,Flores,60,Masculino,Pucallpa,Nuevo,2023-11-13,crisol,2025-11-09
686066323,Camila,Gonzales,69,Otro,Huancayo,Nuevo,2023-08-31,crisol,2025-11-09
920891606,Lucía,Ramos,18,Femenino,Pucallpa,Nuevo,2023-08-30,crisol,2025-11-09
319355409,Ana,Vásquez,28,Femenino,Tacna,Nuevo,2024-02-21,crisol,2025-11-09
847523110,Juan,Martínez,23,Femenino,Chiclayo,Recurrente,2023-12-07,crisol,2025-11-09
770287372,José,Herrera,70,Masculino,Huánuco,Recurrente,2024-06-02,crisol,2025-11-09
71261273,Sofía,Ramos,56,Otro,Arequipa,Recurrente,2024-04-09,crisol,2025-11-09
746476162,Juan,Flores,21,Otro,Tacna,Nuevo,2024-03-30,crisol,2025-11-09
849350526,Andrés,Rodríguez,18,Femenino,Ica,Recurrente,2023-11-18,crisol,2025-11-09
618270581,María,García,28,Masculino,Arequipa,Recurrente,2023-05-14,crisol,2025-11-09
909416835,Valeria,Salazar,44,Femenino,Chiclayo,Nuevo,2023-05-17,crisol,2025-11-09
279902891,Carlos,Salazar,55,Femenino,Trujillo,Nuevo,2023-03-28,crisol,2025-11-09
445062150,Sofía,Rodríguez,43,Femenino,Piura,Nuevo,2023-01-24,crisol,2025-11-09
991184337,Pedro,Salazar,57,Otro,Ica,Recurrente,2024-04-18,crisol,2025-11-09
212886716,Luis,Ruiz,28,Masculino,Cajamarca,Recurrente,2023-09-24,crisol,2025-11-09
160257262,María,Gonzales,28,Otro,Huancayo,Nuevo,2024-06-22,crisol,2025-11-09
467248132,Diego,Herrera,47,Otro,Chiclayo,Nuevo,2023-07-28,crisol,2025-11-09
204595238,Rosa,Vásquez,68,Femenino,Pucallpa,Recurrente,2024-01-27,crisol,2025-11-09
139800466,José,Vásquez,31,Otro,Ica,Recurrente,2023-10-17,crisol,2025-11-09
780296841,Andrés,López,44,Masculino,Cajamarca,Recurrente,2023-01-30,crisol,2025-11-09
311592314,Luis,López,57,Femenino,Ica,Nuevo,2024-04-14,crisol,2025-11-09
92061206,Juan,Torres,26,Femenino,Ayacucho,Nuevo,2023-08-06,crisol,2025-11-09
765938642,José,Ruiz,45,Otro,Piura,Nuevo,2023-04-08,crisol,2025-11-09
598074168,Juan,Pérez,39,Masculino,Chiclayo,Recurrente,2023-02-16,crisol,2025-11-09
5756315,Luis,Díaz,57,Femenino,Pucallpa,Recurrente,2024-01-15,crisol,2025-11-09
141989740,Javier,Díaz,20,Otro,Huánuco,Nuevo,2024-05-30,crisol,2025-11-09
529182734,Javier,Gonzales,47,Masculino,Huancayo,Nuevo,2024-06-27,crisol,2025-11-09
464854683,Carlos,Martínez,25,Femenino,Lima,Recurrente,2024-05-26,crisol,2025-11-09
935958793,Rosa,Martínez,65,Femenino,Cajamarca,Nuevo,2023-09-27,crisol,2025-11-09
658130257,Rosa,Flores,34,Otro,Cusco,Nuevo,2023-06-18,crisol,2025-11-09
338811626,Camila,Torres,66,Masculino,Arequipa,Recurrente,2024-03-26,crisol,2025-11-09
57146895,Ana,Rodríguez,21,Masculino,Huánuco,Nuevo,2023-09-24,crisol,2025-11-09
175615795,Camila,Torres,45,Masculino,Chiclayo,Nuevo,2024-01-01,crisol,2025-11-09
761314243,Pedro,Torres,47,Femenino,Huancayo,Recurrente,2023-06-01,crisol,2025-11-09
132772727,Sofía,García,31,Femenino,Huánuco,Recurrente,2024-06-04,crisol,2025-11-09
883229699,Luis,Castro,60,Otro,Ica,Nuevo,2023-01-05,crisol,2025-11-09
564804742,Diego,Castro,29,Femenino,Huancayo,Nuevo,2024-05-25,crisol,2025-11-09
726824988,María,Herrera,39,Masculino,Pucallpa,Recurrente,2023-05-05,crisol,2025-11-09
423236607,Sofía,Castro,24,Femenino,Huánuco,Nuevo,2024-04-16,crisol,2025-11-09
891956502,Camila,Salazar,48,Femenino,Tacna,Recurrente,2023-01-06,crisol,2025-11-09
353719460,Juan,Salazar,57,Femenino,Cusco,Recurrente,2024-08-05,crisol,2025-11-09
138856506,Ana,Vásquez,21,Otro,Pucallpa,Nuevo,2023-02-26,crisol,2025-11-09
798649166,María,Díaz,56,Femenino,Huancayo,Nuevo,2023-07-02,crisol,2025-11-09
257784072,Diego,Vásquez,43,Masculino,Lima,Recurrente,2023-06-16,crisol,2025-11-09
417151813,Diego,Ramos,36,Otro,Trujillo,Recurrente,2023-06-07,crisol,2025-11-09
129495399,Luis,Torres,69,Femenino,Ayacucho,Recurrente,2023-11-14,crisol,2025-11-09
970377284,Andrés,Castro,26,Femenino,Tacna,Nuevo,2024-01-12,crisol,2025-11-09
550457212,Ana,Torres,46,Femenino,Chiclayo,Nuevo,2024-03-09,crisol,2025-11-09
96875511,Diego,Ramos,69,Femenino,Piura,Nuevo,2024-03-12,crisol,2025-11-09
99801582,Juan,Díaz,39,Femenino,Tacna,Nuevo,2023-06-08,crisol,2025-11-09
999296743,Lucía,Díaz,58,Otro,Arequipa,Nuevo,2024-04-24,crisol,2025-11-09
469606919,María,Herrera,69,Femenino,Pucallpa,Nuevo,2023-05-11,crisol,2025-11-09
734776489,Javier,Martínez,33,Otro,Cajamarca,Nuevo,2023-02-18,crisol,2025-11-09
591625661,María,Herrera,20,Otro,Huancayo,Nuevo,2024-02-27,crisol,2025-11-09
101451808,Lucía,Salazar,64,Otro,Pucallpa,Nuevo,2024-08-22,crisol,2025-11-09
87799393,Diego,Díaz,19,Masculino,Ayacucho,Recurrente,2023-07-03,crisol,2025-11-09
844151226,Carlos,Vásquez,43,Masculino,Huancayo,Nuevo,2023-11-01,crisol,2025-11-09
337097333,Valeria,Ruiz,47,Otro,Chiclayo,Recurrente,2023-09-29,crisol,2025-11-09
366504998,Javier,Vásquez,69,Masculino,Ica,Nuevo,2023-09-23,crisol,2025-11-09
935890335,Andrés,García,45,Otro,Lima,Nuevo,2023-04-30,crisol,2025-11-09
14285707,Carlos,Salazar,48,Femenino,Ayacucho,Nuevo,2024-05-13,crisol,2025-11-09
325129005,Valeria,Vásquez,57,Femenino,Ayacucho,Recurrente,2024-02-09,crisol,2025-11-09
863976413,Luis,García,26,Masculino,Lima,Nuevo,2023-01-17,crisol,2025-11-09
747359140,Ana,Vásquez,19,Masculino,Chiclayo,Recurrente,2023-09-05,crisol,2025-11-09
467924311,Rosa,Salazar,68,Otro,Ica,Nuevo,2024-04-19,crisol,2025-11-09
159091651,Lucía,Ramos,19,Masculino,Huánuco,Recurrente,2024-03-31,crisol,2025-11-09
520815076,Lucía,Pérez,46,Otro,Ica,Nuevo,2024-08-06,crisol,2025-11-09
890615975,Rosa,Ramos,21,Femenino,Lima,Nuevo,2024-03-18,crisol,2025-11-09
446339338,Rosa,Torres,65,Otro,Piura,Recurrente,2023-10-25,crisol,2025-11-09
39746932,Lucía,Ramos,49,Otro,Piura,Recurrente,2024-05-14,crisol,2025-11-09
249006937,Camila,Pérez,51,Masculino,Cajamarca,Nuevo,2024-07-20,crisol,2025-11-09
68193955,Luis,Herrera,59,Femenino,Chiclayo,Nuevo,2023-12-22,crisol,2025-11-09
481385722,Camila,Ramos,19,Masculino,Pucallpa,Recurrente,2024-04-25,crisol,2025-11-09
369203324,Lucía,López,50,Masculino,Piura,Recurrente,2023-12-14,crisol,2025-11-09
989706060,Valeria,Vásquez,63,Otro,Chiclayo,Nuevo,2023-10-28,crisol,2025-11-09
776309973,Camila,Ramos,44,Otro,Tacna,Recurrente,2024-04-28,crisol,2025-11-09
858730450,Rosa,Rodríguez,57,Masculino,Pucallpa,Recurrente,2023-03-30,crisol,2025-11-09
716246415,Lucía,Rodríguez,29,Masculino,Huánuco,Recurrente,2023-04-14,crisol,2025-11-09
851995296,José,Torres,37,Masculino,Ica,Nuevo,2023-01-19,crisol,2025-11-09
385244337,Javier,Martínez,40,Otro,Huánuco,Nuevo,2024-05-30,crisol,2025-11-09
34327534,Diego,García,39,Femenino,Huancayo,Recurrente,2023-05-04,crisol,2025-11-09
603422986,Ana,Torres,34,Femenino,Trujillo,Nuevo,2023-02-17,crisol,2025-11-09
826883089,Javier,Díaz,35,Masculino,Ayacucho,Recurrente,2023-04-17,crisol,2025-11-09
758496505,Juan,Herrera,46,Femenino,Trujillo,Nuevo,2023-04-19,crisol,2025-11-09
839292867,Valeria,Castro,68,Masculino,Arequipa,Nuevo,2023-04-18,crisol,2025-11-09
179364596,Andrés,García,31,Femenino,Huánuco,Recurrente,2024-03-28,crisol,2025-11-09
818153355,Pedro,Torres,64,Masculino,Huánuco,Recurrente,2023-12-09,crisol,2025-11-09
879567192,Carlos,García,30,Femenino,Cajamarca,Recurrente,2023-01-07,crisol,2025-11-09
263406114,Rosa,Flores,48,Femenino,Pucallpa,Nuevo,2023-03-29,crisol,2025-11-09
285632109,Sofía,Ruiz,66,Femenino,Cusco,Recurrente,2023-09-09,crisol,2025-11-09
162791297,Diego,Flores,51,Femenino,Trujillo,Nuevo,2024-03-15,crisol,2025-11-09
443894981,Javier,Ramos,47,Otro,Trujillo,Recurrente,2023-01-31,crisol,2025-11-09
475215255,Carlos,Flores,18,Otro,Trujillo,Nuevo,2023-03-13,crisol,2025-11-09
91029915,Sofía,Gonzales,43,Masculino,Cajamarca,Nuevo,2023-02-07,crisol,2025-11-09
708858764,Javier,Salazar,27,Otro,Lima,Recurrente,2024-06-16,crisol,2025-11-09
317531682,José,Ramos,61,Otro,Arequipa,Recurrente,2023-11-18,crisol,2025-11-09
976279198,Sofía,Pérez,70,Femenino,Arequipa,Recurrente,2023-05-31,crisol,2025-11-09
751936102,José,Torres,59,Masculino,Arequipa,Recurrente,2024-03-28,crisol,2025-11-09
748903745,Sofía,Herrera,69,Otro,Cajamarca,Recurrente,2023-11-05,crisol,2025-11-09
90495952,Juan,Díaz,39,Femenino,Ayacucho,Recurrente,2023-05-10,crisol,2025-11-09
558850084,Pedro,Martínez,31,Masculino,Arequipa,Nuevo,2024-06-17,crisol,2025-11-09
365833373,Diego,Salazar,28,Masculino,Lima,Recurrente,2024-07-06,crisol,2025-11-09
636195900,Luis,López,67,Femenino,Ayacucho,Nuevo,2024-06-01,crisol,2025-11-09
118586088,Camila,Pérez,41,Femenino,Tacna,Nuevo,2023-05-07,crisol,2025-11-09
51252777,Diego,Salazar,25,Femenino,Pucallpa,Nuevo,2023-01-06,crisol,2025-11-09
486563056,Sofía,López,69,Otro,Piura,Nuevo,2024-06-30,crisol,2025-11-09
906770431,Valeria,López,40,Femenino,Pucallpa,Recurrente,2024-08-09,crisol,2025-11-09
722020300,Carlos,Ruiz,42,Otro,Ayacucho,Nuevo,2023-12-02,crisol,2025-11-09
554535921,Valeria,López,70,Femenino,Chiclayo,Nuevo,2024-03-11,crisol,2025-11-09
889528128,José,García,23,Masculino,Cajamarca,Recurrente,2024-05-02,crisol,2025-11-09
230622993,Lucía,García,41,Otro,Arequipa,Nuevo,2024-07-26,crisol,2025-11-09
557212948,Diego,Ramos,34,Otro,Chiclayo,Recurrente,2024-03-26,crisol,2025-11-09
739827290,Javier,Torres,64,Femenino,Huánuco,Nuevo,2023-05-11,crisol,2025-11-09
520511813,Camila,Torres,26,Otro,Arequipa,Recurrente,2023-05-01,crisol,2025-11-09
745682242,Ana,Torres,48,Masculino,Ayacucho,Nuevo,2024-07-26,crisol,2025-11-09
396567279,Javier,García,56,Femenino,Huancayo,Nuevo,2024-08-08,crisol,2025-11-09
310945513,Juan,Díaz,27,Masculino,Cusco,Nuevo,2024-01-19,crisol,2025-11-09
325623035,Luis,Torres,19,Masculino,Huánuco,Recurrente,2024-03-07,crisol,2025-11-09
52238662,Javier,Herrera,37,Femenino,Ica,Nuevo,2024-05-15,crisol,2025-11-09
2239566,María,Díaz,40,Masculino,Lima,Nuevo,2024-08-09,crisol,2025-11-09
332539857,Valeria,Torres,39,Femenino,Chiclayo,Recurrente,2023-05-16,crisol,2025-11-09
818138906,Carlos,Díaz,58,Femenino,Trujillo,Nuevo,2024-04-04,crisol,2025-11-09
159968838,Rosa,Ruiz,38,Masculino,Trujillo,Recurrente,2024-02-24,crisol,2025-11-09
415790548,Ana,Herrera,43,Femenino,Arequipa,Nuevo,2024-03-29,crisol,2025-11-09
790180346,Luis,Salazar,23,Masculino,Ayacucho,Nuevo,2023-11-13,crisol,2025-11-09
602416787,Andrés,García,59,Otro,Huancayo,Nuevo,2024-07-08,crisol,2025-11-09
619393966,Diego,Pérez,54,Otro,Ica,Recurrente,2024-05-29,crisol,2025-11-09
963000688,Juan,García,60,Otro,Huánuco,Recurrente,2023-10-09,crisol,2025-11-09
844773947,Ana,López,63,Otro,Chiclayo,Nuevo,2024-06-30,crisol,2025-11-09
651605405,Sofía,Ramos,55,Masculino,Chiclayo,Recurrente,2023-01-24,crisol,2025-11-09
365025573,José,Rodríguez,44,Masculino,Arequipa,Nuevo,2023-09-21,crisol,2025-11-09
97737441,María,García,52,Masculino,Pucallpa,Nuevo,2023-09-19,crisol,2025-11-09
824960882,María,Rodríguez,37,Femenino,Tacna,Nuevo,2023-11-30,crisol,2025-11-09
194838874,Juan,Ruiz,21,Femenino,Cajamarca,Nuevo,2023-05-26,crisol,2025-11-09
443265118,Javier,Gonzales,34,Femenino,Huancayo,Nuevo,2023-09-03,crisol,2025-11-09
807597452,Valeria,Castro,33,Femenino,Arequipa,Recurrente,2024-01-30,crisol,2025-11-09
123567680,Luis,Pérez,38,Femenino,Arequipa,Nuevo,2024-05-10,crisol,2025-11-09
31038055,José,Salazar,32,Masculino,Pucallpa,Nuevo,2024-08-23,crisol,2025-11-09
724880344,María,López,66,Otro,Tacna,Recurrente,2023-11-08,crisol,2025-11-09
610149111,José,Torres,23,Otro,Arequipa,Nuevo,2023-05-26,crisol,2025-11-09
400833429,Pedro,Rodríguez,68,Masculino,Arequipa,Recurrente,2024-07-22,crisol,2025-11-09
485054283,Juan,Pérez,70,Femenino,Piura,Nuevo,2023-06-21,crisol,2025-11-09
582968,Juan,Herrera,48,Femenino,Piura,Nuevo,2024-01-25,crisol,2025-11-09
377332115,Rosa,Salazar,31,Otro,Arequipa,Nuevo,2023-06-15,crisol,2025-11-09
793691642,Pedro,Castro,22,Femenino,Huancayo,Nuevo,2023-05-06,crisol,2025-11-09
891740555,Carlos,Ruiz,53,Femenino,Cajamarca,Nuevo,2024-05-31,crisol,2025-11-09
861201669,Sofía,Herrera,61,Femenino,Tacna,Nuevo,2024-04-08,crisol,2025-11-09
293145630,Ana,Salazar,38,Femenino,Ica,Nuevo,2023-12-03,crisol,2025-11-09
17045236,Javier,Ruiz,26,Otro,Lima,Recurrente,2023-01-05,crisol,2025-11-09
967919194,Juan,Salazar,29,Femenino,Arequipa,Recurrente,2024-05-15,crisol,2025-11-09
818690821,José,Díaz,23,Otro,Tacna,Nuevo,2023-02-01,crisol,2025-11-09
958392095,Rosa,Vásquez,60,Femenino,Tacna,Nuevo,2024-01-21,crisol,2025-11-09
888485748,Valeria,Gonzales,42,Masculino,Trujillo,Recurrente,2023-01-09,crisol,2025-11-09
133964179,Lucía,Gonzales,30,Femenino,Lima,Nuevo,2023-01-21,crisol,2025-11-09
814348348,Luis,Salazar,63,Femenino,Ica,Nuevo,2023-11-07,crisol,2025-11-09
868028454,Camila,López,32,Femenino,Cusco,Nuevo,2024-05-19,crisol,2025-11-09
971207628,Camila,Ruiz,56,Masculino,Lima,Nuevo,2024-02-10,crisol,2025-11-09
119127926,Rosa,Martínez,54,Otro,Chiclayo,Nuevo,2023-07-18,crisol,2025-11-09
708496105,Camila,Castro,61,Otro,Piura,Nuevo,2023-03-08,crisol,2025-11-09
631536919,Carlos,Ruiz,22,Masculino,Pucallpa,Recurrente,2023-08-22,crisol,2025-11-09
945969865,Pedro,Ruiz,68,Femenino,Ica,Recurrente,2023-01-24,crisol,2025-11-09
744087852,Andrés,Díaz,57,Femenino,Tacna,Nuevo,2024-04-09,crisol,2025-11-09
2099126,José,Salazar,61,Otro,Lima,Recurrente,2023-11-27,crisol,2025-11-09
464445061,Rosa,Ramos,35,Masculino,Tacna,Nuevo,2024-05-22,crisol,2025-11-09
388127434,Pedro,Flores,20,Otro,Ica,Nuevo,2024-03-06,crisol,2025-11-09
571671189,Lucía,Gonzales,18,Femenino,Ica,Nuevo,2024-08-08,crisol,2025-11-09
867232189,Juan,Ruiz,32,Otro,Cajamarca,Recurrente,2023-09-13,crisol,2025-11-09
211394879,Carlos,Gonzales,37,Masculino,Tacna,Recurrente,2023-01-29,crisol,2025-11-09
515360022,José,Flores,19,Otro,Trujillo,Recurrente,2023-12-09,crisol,2025-11-09
902488149,Luis,López,24,Femenino,Ica,Recurrente,2023-02-25,crisol,2025-11-09
882222571,Sofía,Díaz,68,Masculino,Huancayo,Recurrente,2024-03-25,crisol,2025-11-09
820444599,María,Salazar,46,Otro,Huancayo,Nuevo,2023-03-04,crisol,2025-11-09
984314571,Juan,Ramos,38,Otro,Huancayo,Recurrente,2023-03-05,crisol,2025-11-09
986893059,Diego,Torres,21,Femenino,Piura,Recurrente,2023-03-09,crisol,2025-11-09
109336534,Andrés,Pérez,53,Masculino,Pucallpa,Recurrente,2024-02-16,crisol,2025-11-09
102896950,Valeria,Flores,44,Masculino,Piura,Recurrente,2023-01-11,crisol,2025-11-09
486846620,José,Torres,68,Femenino,Piura,Recurrente,2023-12-14,crisol,2025-11-09
698921553,Andrés,Flores,19,Femenino,Arequipa,Nuevo,2023-07-17,crisol,2025-11-09
115971195,María,Pérez,56,Otro,Huancayo,Nuevo,2023-07-18,crisol,2025-11-09
971059887,Valeria,Rodríguez,58,Otro,Pucallpa,Nuevo,2024-05-07,crisol,2025-11-09
778058056,Valeria,Torres,29,Masculino,Huánuco,Recurrente,2023-03-03,crisol,2025-11-09
137096167,Luis,Castro,45,Otro,Tacna,Recurrente,2023-11-15,crisol,2025-11-09
626706507,Javier,Díaz,67,Masculino,Huánuco,Nuevo,2023-12-18,crisol,2025-11-09
312527533,Sofía,Pérez,51,Otro,Tacna,Recurrente,2023-02-28,crisol,2025-11-09
254892732,Pedro,Vásquez,53,Masculino,Cajamarca,Nuevo,2023-07-25,crisol,2025-11-09
687790466,Javier,López,68,Masculino,Cusco,Nuevo,2024-05-02,crisol,2025-11-09
746016035,Camila,Torres,56,Otro,Cusco,Recurrente,2024-08-02,crisol,2025-11-09
360412697,Valeria,Martínez,44,Femenino,Huánuco,Nuevo,2023-02-13,crisol,2025-11-09
532501508,Ana,Herrera,18,Otro,Ica,Recurrente,2024-04-22,crisol,2025-11-09
669929016,Ana,López,48,Otro,Trujillo,Recurrente,2023-12-06,crisol,2025-11-09
866800964,Camila,Ramos,31,Femenino,Huánuco,Recurrente,2023-01-07,crisol,2025-11-09
389571951,Juan,García,40,Masculino,Arequipa,Nuevo,2023-10-25,crisol,2025-11-09
472884620,Ana,Salazar,55,Femenino,Lima,Recurrente,2023-07-23,crisol,2025-11-09
212412969,Luis,Rodríguez,32,Femenino,Ayacucho,Nuevo,2024-07-21,crisol,2025-11-09
264102119,Carlos,López,19,Masculino,Pucallpa,Recurrente,2023-01-22,crisol,2025-11-09
892758059,Andrés,Rodríguez,42,Otro,Trujillo,Recurrente,2023-12-13,crisol,2025-11-09
225740666,Luis,Torres,33,Femenino,Trujillo,Nuevo,2023-06-25,crisol,2025-11-09
565783275,Diego,Castro,45,Otro,Huancayo,Nuevo,2023-05-14,crisol,2025-11-09
853515359,Ana,López,52,Femenino,Ayacucho,Nuevo,2024-03-15,crisol,2025-11-09
683053289,Ana,Herrera,20,Otro,Piura,Nuevo,2024-07-02,crisol,2025-11-09
315876317,Diego,Rodríguez,38,Masculino,Lima,Recurrente,2023-10-14,crisol,2025-11-09
937217159,Carlos,Vásquez,50,Otro,Chiclayo,Nuevo,2023-03-25,crisol,2025-11-09
842527868,Lucía,Flores,60,Otro,Huancayo,Nuevo,2024-02-02,crisol,2025-11-09
806710856,Javier,Salazar,66,Otro,Cusco,Nuevo,2024-04-20,crisol,2025-11-09
192198192,Sofía,Ruiz,41,Otro,Ayacucho,Nuevo,2024-05-21,crisol,2025-11-09
508693948,Luis,Castro,43,Otro,Trujillo,Nuevo,2023-02-07,crisol,2025-11-09
222478872,Ana,Herrera,30,Femenino,Ica,Nuevo,2023-11-10,crisol,2025-11-09
456364808,Javier,Ramos,54,Masculino,Cusco,Nuevo,2023-03-28,crisol,2025-11-09
144236074,Diego,García,36,Femenino,Arequipa,Nuevo,2024-08-20,crisol,2025-11-09
44176873,Lucía,Díaz,57,Femenino,Cajamarca,Nuevo,2024-03-18,crisol,2025-11-09
439109702,Sofía,Flores,49,Femenino,Pucallpa,Nuevo,2023-07-03,crisol,2025-11-09
474259410,Ana,Martínez,59,Masculino,Cusco,Recurrente,2023-10-29,crisol,2025-11-09
904738501,Pedro,Díaz,52,Otro,Huancayo,Recurrente,2023-08-22,crisol,2025-11-09
105665981,María,García,41,Masculino,Arequipa,Nuevo,2023-07-21,crisol,2025-11-09
724890971,Sofía,Martínez,37,Otro,Trujillo,Recurrente,2023-10-09,crisol,2025-11-09
204700754,Camila,Castro,26,Otro,Ayacucho,Nuevo,2023-09-25,crisol,2025-11-09
9163182,Diego,Martínez,36,Femenino,Trujillo,Recurrente,2024-02-20,crisol,2025-11-09
882466864,Valeria,Flores,59,Masculino,Chiclayo,Recurrente,2023-06-02,crisol,2025-11-09
929287169,José,López,32,Otro,Ayacucho,Nuevo,2023-08-28,crisol,2025-11-09
553863250,Valeria,Flores,53,Femenino,Ayacucho,Recurrente,2023-12-15,crisol,2025-11-09
850312143,María,Gonzales,30,Femenino,Trujillo,Recurrente,2024-03-03,crisol,2025-11-09
225039914,Lucía,Torres,53,Masculino,Cusco,Nuevo,2023-05-12,crisol,2025-11-09
328105366,Camila,Pérez,49,Otro,Cusco,Nuevo,2024-03-05,crisol,2025-11-09
457112668,Andrés,Flores,43,Otro,Arequipa,Nuevo,2023-01-24,crisol,2025-11-09
609431623,Diego,Pérez,26,Masculino,Cusco,Nuevo,2024-08-10,crisol,2025-11-09
930874844,José,Ramos,31,Femenino,Huancayo,Nuevo,2023-07-12,crisol,2025-11-09
509788629,María,Gonzales,54,Femenino,Tacna,Recurrente,2023-04-06,crisol,2025-11-09
184064756,María,Salazar,53,Masculino,Lima,Recurrente,2024-05-15,crisol,2025-11-09
28817630,Carlos,López,22,Femenino,Pucallpa,Nuevo,2023-10-26,crisol,2025-11-09
708207780,Pedro,García,47,Masculino,Cusco,Nuevo,2023-06-25,crisol,2025-11-09
350868832,Rosa,Herrera,44,Femenino,Huánuco,Recurrente,2023-05-13,crisol,2025-11-09
576012047,José,Torres,65,Masculino,Cajamarca,Recurrente,2023-07-31,crisol,2025-11-09
139513727,Rosa,López,37,Femenino,Ayacucho,Recurrente,2023-06-12,crisol,2025-11-09
648228085,Valeria,Martínez,55,Masculino,Arequipa,Recurrente,2024-04-14,crisol,2025-11-09
295752497,Ana,Pérez,27,Femenino,Huancayo,Recurrente,2023-09-10,crisol,2025-11-09
564634125,Sofía,Herrera,54,Femenino,Chiclayo,Nuevo,2023-02-10,crisol,2025-11-09
791659872,María,Martínez,59,Femenino,Cusco,Recurrente,2023-11-01,crisol,2025-11-09
419930083,Valeria,Vásquez,69,Masculino,Cajamarca,Nuevo,2024-03-18,crisol,2025-11-09
491589232,José,Herrera,60,Masculino,Ayacucho,Nuevo,2024-02-07,crisol,2025-11-09
750164093,Juan,López,28,Femenino,Tacna,Nuevo,2023-03-10,crisol,2025-11-09
749519028,Camila,Ruiz,31,Femenino,Cajamarca,Recurrente,2024-07-20,crisol,2025-11-09
130170389,Sofía,García,66,Masculino,Arequipa,Recurrente,2023-11-30,crisol,2025-11-09
440337297,Lucía,Rodríguez,34,Masculino,Arequipa,Nuevo,2023-01-28,crisol,2025-11-09
78593060,Andrés,Ruiz,61,Otro,Chiclayo,Nuevo,2024-02-13,crisol,2025-11-09
918879419,Ana,Ramos,20,Masculino,Pucallpa,Nuevo,2023-05-20,crisol,2025-11-09
351232074,Andrés,Ruiz,47,Femenino,Chiclayo,Nuevo,2024-07-15,crisol,2025-11-09
705472650,Ana,Ruiz,46,Masculino,Chiclayo,Recurrente,2023-06-15,crisol,2025-11-09
183168644,Rosa,Pérez,56,Masculino,Huánuco,Nuevo,2024-07-01,crisol,2025-11-09
796122101,José,Rodríguez,22,Otro,Trujillo,Nuevo,2023-10-07,crisol,2025-11-09
164815590,Lucía,Gonzales,29,Masculino,Ayacucho,Nuevo,2024-06-29,crisol,2025-11-09
232107009,Lucía,Ruiz,21,Otro,Trujillo,Nuevo,2023-04-16,crisol,2025-11-09
419423299,Camila,Martínez,46,Masculino,Piura,Nuevo,2024-01-22,crisol,2025-11-09
823682643,Ana,Herrera,33,Femenino,Ica,Nuevo,2023-01-17,crisol,2025-11-09
452778389,Juan,Pérez,39,Masculino,Tacna,Recurrente,2023-08-14,crisol,2025-11-09
947347447,María,Flores,60,Masculino,Ayacucho,Nuevo,2024-03-01,crisol,2025-11-09
550292797,María,Vásquez,38,Femenino,Arequipa,Recurrente,2023-08-01,crisol,2025-11-09
581648793,José,Ramos,25,Masculino,Ica,Nuevo,2023-11-28,crisol,2025-11-09
186424733,Juan,Ramos,59,Femenino,Lima,Nuevo,2024-04-14,crisol,2025-11-09
236326489,María,Salazar,70,Femenino,Tacna,Recurrente,2023-02-14,crisol,2025-11-09
72296393,Javier,López,44,Femenino,Trujillo,Nuevo,2023-04-15,crisol,2025-11-09
765074455,Pedro,Flores,54,Masculino,Pucallpa,Recurrente,2023-11-29,crisol,2025-11-09
677395712,Camila,Ramos,61,Otro,Huánuco,Nuevo,2023-11-22,crisol,2025-11-09
914349370,Andrés,Torres,22,Femenino,Lima,Recurrente,2024-08-22,crisol,2025-11-09
482015123,José,Díaz,58,Otro,Ica,Nuevo,2023-01-14,crisol,2025-11-09
249758689,Juan,Castro,66,Masculino,Pucallpa,Nuevo,2024-03-14,crisol,2025-11-09
813086431,Ana,Castro,23,Masculino,Huánuco,Nuevo,2023-10-31,crisol,2025-11-09
216908504,Carlos,Ramos,31,Otro,Lima,Nuevo,2024-03-30,crisol,2025-11-09
793769688,Javier,Gonzales,26,Femenino,Cusco,Recurrente,2023-02-10,crisol,2025-11-09
559282971,Diego,Ramos,59,Femenino,Trujillo,Nuevo,2023-12-06,crisol,2025-11-09
368001834,Ana,López,52,Masculino,Tacna,Recurrente,2023-08-16,crisol,2025-11-09
652902881,Rosa,Ramos,51,Femenino,Huánuco,Nuevo,2023-01-07,crisol,2025-11-09
69381847,Rosa,Torres,22,Masculino,Lima,Recurrente,2023-05-25,crisol,2025-11-09
219279570,Carlos,García,29,Otro,Arequipa,Recurrente,2023-07-29,crisol,2025-11-09
253736066,Pedro,García,45,Otro,Chiclayo,Nuevo,2023-07-22,crisol,2025-11-09
262986175,José,Rodríguez,56,Masculino,Pucallpa,Nuevo,2024-04-04,crisol,2025-11-09
682474359,Ana,Martínez,68,Femenino,Huancayo,Recurrente,2024-01-04,crisol,2025-11-09
427611745,José,Rodríguez,48,Femenino,Cajamarca,Nuevo,2024-03-19,crisol,2025-11-09
816392182,Carlos,Vásquez,68,Femenino,Lima,Recurrente,2024-03-13,crisol,2025-11-09
917020845,María,Flores,37,Otro,Arequipa,Nuevo,2023-06-29,crisol,2025-11-09
276264887,José,Torres,37,Femenino,Pucallpa,Nuevo,2024-05-07,crisol,2025-11-09
77244613,Sofía,Rodríguez,63,Femenino,Ica,Nuevo,2023-07-14,crisol,2025-11-09
4488833,Juan,Vásquez,50,Otro,Ayacucho,Nuevo,2024-02-19,crisol,2025-11-09
993953216,José,Ramos,65,Femenino,Cajamarca,Nuevo,2023-03-14,crisol,2025-11-09
438932325,Javier,Pérez,25,Femenino,Piura,Nuevo,2024-03-22,crisol,2025-11-09
274081636,Diego,Herrera,66,Otro,Cusco,Nuevo,2024-05-15,crisol,2025-11-09
681804304,Camila,Gonzales,62,Masculino,Tacna,Nuevo,2024-03-10,crisol,2025-11-09
789913429,Ana,López,48,Masculino,Cusco,Recurrente,2023-01-29,crisol,2025-11-09
748904238,Andrés,Salazar,27,Femenino,Piura,Nuevo,2023-05-31,crisol,2025-11-09
273039702,Ana,Castro,55,Otro,Huánuco,Nuevo,2023-04-05,crisol,2025-11-09
691916428,Camila,Herrera,42,Femenino,Ayacucho,Nuevo,2023-03-24,crisol,2025-11-09
556774907,Javier,López,45,Masculino,Cajamarca,Nuevo,2023-11-06,crisol,2025-11-09
537565427,Pedro,Salazar,42,Otro,Pucallpa,Recurrente,2023-04-02,crisol,2025-11-09
117332137,Andrés,Castro,67,Femenino,Huánuco,Nuevo,2023-08-03,crisol,2025-11-09
998598003,Camila,Ramos,62,Femenino,Lima,Recurrente,2024-05-18,crisol,2025-11-09
1694991,María,García,67,Otro,Cajamarca,Nuevo,2023-10-23,crisol,2025-11-09
787098105,José,Rodríguez,29,Femenino,Huánuco,Recurrente,2023-07-22,crisol,2025-11-09
522344543,Carlos,Díaz,25,Femenino,Piura,Recurrente,2023-07-10,crisol,2025-11-09
215758599,Juan,Ruiz,29,Masculino,Pucallpa,Recurrente,2024-02-23,crisol,2025-11-09
473230717,Andrés,Herrera,57,Masculino,Tacna,Nuevo,2023-10-28,crisol,2025-11-09
92027258,José,García,35,Masculino,Cusco,Nuevo,2023-08-29,crisol,2025-11-09
513138122,Lucía,Salazar,66,Masculino,Lima,Nuevo,2023-01-08,crisol,2025-11-09
714384353,Valeria,Flores,20,Masculino,Ica,Nuevo,2023-01-08,crisol,2025-11-09
403368085,Valeria,Díaz,66,Femenino,Chiclayo,Nuevo,2023-12-12,crisol,2025-11-09
648939011,José,Gonzales,41,Otro,Cusco,Recurrente,2023-09-03,crisol,2025-11-09
387846953,Andrés,Ramos,42,Otro,Lima,Recurrente,2023-12-05,crisol,2025-11-09
865726040,María,Pérez,47,Otro,Cajamarca,Recurrente,2023-05-23,crisol,2025-11-09
27574144,Valeria,García,51,Femenino,Ayacucho,Recurrente,2023-09-12,crisol,2025-11-09
395598590,Lucía,Castro,61,Otro,Chiclayo,Nuevo,2023-07-12,crisol,2025-11-09
3359850,Andrés,Vásquez,38,Masculino,Tacna,Nuevo,2023-02-16,crisol,2025-11-09
867108597,Camila,Gonzales,61,Femenino,Ica,Recurrente,2024-02-14,crisol,2025-11-09
793714928,Valeria,Flores,23,Femenino,Cajamarca,Recurrente,2024-05-02,crisol,2025-11-09
706886123,Rosa,Ruiz,24,Otro,Cajamarca,Nuevo,2023-07-19,crisol,2025-11-09
764441874,Carlos,Vásquez,51,Otro,Trujillo,Recurrente,2024-05-31,crisol,2025-11-09
34086739,Carlos,Torres,68,Masculino,Pucallpa,Recurrente,2024-07-15,crisol,2025-11-09
939294072,Lucía,Rodríguez,46,Masculino,Chiclayo,Recurrente,2023-09-04,crisol,2025-11-09
261301518,Ana,Rodríguez,66,Otro,Ayacucho,Nuevo,2024-03-21,crisol,2025-11-09
768546986,Juan,Rodríguez,38,Femenino,Trujillo,Nuevo,2023-09-21,crisol,2025-11-09
715039775,Lucía,Herrera,60,Masculino,Tacna,Nuevo,2024-07-01,crisol,2025-11-09
680267188,Camila,Torres,23,Otro,Cusco,Recurrente,2024-08-12,crisol,2025-11-09
822848498,Javier,Castro,22,Otro,Cusco,Nuevo,2024-01-26,crisol,2025-11-09
702140873,Andrés,Flores,53,Femenino,Trujillo,Nuevo,2023-09-23,crisol,2025-11-09
124221153,Luis,García,25,Masculino,Cusco,Recurrente,2023-07-12,crisol,2025-11-09
799527218,María,Castro,41,Masculino,Cusco,Recurrente,2024-08-13,crisol,2025-11-09
791259564,Juan,Martínez,21,Otro,Arequipa,Nuevo,2024-02-02,crisol,2025-11-09
454942797,Sofía,Flores,41,Otro,Trujillo,Nuevo,2023-08-16,crisol,2025-11-09
114445764,José,Pérez,52,Femenino,Cusco,Nuevo,2023-10-31,crisol,2025-11-09
898954542,Ana,Torres,61,Femenino,Huánuco,Recurrente,2023-05-30,crisol,2025-11-09
802149493,Andrés,Vásquez,69,Otro,Lima,Nuevo,2023-11-13,crisol,2025-11-09
539424260,Camila,García,35,Otro,Piura,Nuevo,2023-08-09,crisol,2025-11-09
531529611,Luis,Ruiz,42,Masculino,Trujillo,Nuevo,2023-08-04,crisol,2025-11-09
910608173,Camila,Herrera,69,Masculino,Ayacucho,Recurrente,2023-07-03,crisol,2025-11-09
919959229,Lucía,Ruiz,43,Femenino,Tacna,Recurrente,2023-06-13,crisol,2025-11-09
23156124,Pedro,Ramos,39,Femenino,Tacna,Nuevo,2023-12-23,crisol,2025-11-09
813589412,José,Ramos,22,Otro,Ayacucho,Nuevo,2023-07-19,crisol,2025-11-09
752809702,Rosa,Díaz,43,Masculino,Huánuco,Nuevo,2024-08-17,crisol,2025-11-09
929705188,Diego,Pérez,63,Femenino,Chiclayo,Recurrente,2024-08-14,crisol,2025-11-09
147704952,Lucía,Ruiz,48,Femenino,Huánuco,Nuevo,2023-07-20,crisol,2025-11-09
789542655,Andrés,Pérez,41,Otro,Piura,Nuevo,2023-06-01,crisol,2025-11-09
404323699,José,Salazar,28,Masculino,Huancayo,Nuevo,2024-04-30,crisol,2025-11-09
192879335,Juan,García,50,Otro,Cusco,Nuevo,2023-06-02,crisol,2025-11-09
673206644,Camila,Ramos,33,Masculino,Huancayo,Nuevo,2024-05-15,crisol,2025-11-09
325010492,Camila,Castro,29,Otro,Ayacucho,Nuevo,2023-04-02,crisol,2025-11-09
835082100,Lucía,Vásquez,70,Otro,Cajamarca,Nuevo,2024-03-31,crisol,2025-11-09
394410130,Juan,García,25,Masculino,Huancayo,Nuevo,2024-06-05,crisol,2025-11-09
241522162,Juan,Castro,54,Otro,Chiclayo,Nuevo,2023-04-07,crisol,2025-11-09
852920067,Valeria,Rodríguez,42,Femenino,Tacna,Recurrente,2023-11-02,crisol,2025-11-09
613560882,Carlos,García,38,Masculino,Ayacucho,Recurrente,2024-07-04,crisol,2025-11-09
198523961,José,Vásquez,62,Masculino,Cajamarca,Nuevo,2024-07-03,crisol,2025-11-09
841249393,Diego,Díaz,49,Masculino,Arequipa,Recurrente,2024-07-05,crisol,2025-11-09
766382282,Rosa,Flores,59,Masculino,Trujillo,Recurrente,2023-05-01,crisol,2025-11-09
193986672,Rosa,Castro,62,Masculino,Lima,Nuevo,2023-11-18,crisol,2025-11-09
132118892,Juan,Rodríguez,54,Masculino,Tacna,Nuevo,2024-07-29,crisol,2025-11-09
275694467,Rosa,Flores,20,Masculino,Huancayo,Nuevo,2024-01-08,crisol,2025-11-09
584574207,Carlos,Ramos,60,Masculino,Ica,Nuevo,2024-06-15,crisol,2025-11-09
971327802,Diego,Martínez,60,Otro,Chiclayo,Nuevo,2024-05-17,crisol,2025-11-09
746359545,Sofía,Díaz,40,Otro,Arequipa,Nuevo,2023-04-12,crisol,2025-11-09
711479581,Rosa,Pérez,33,Masculino,Ica,Nuevo,2023-08-09,crisol,2025-11-09
144104747,Valeria,Díaz,31,Otro,Cusco,Nuevo,2024-03-08,crisol,2025-11-09
79843077,Pedro,Martínez,34,Femenino,Tacna,Recurrente,2024-02-14,crisol,2025-11-09
489699023,María,Martínez,61,Femenino,Ayacucho,Nuevo,2023-07-28,crisol,2025-11-09
75761121,Andrés,Ruiz,35,Otro,Ayacucho,Recurrente,2024-01-17,crisol,2025-11-09
605206157,Andrés,Salazar,70,Otro,Piura,Nuevo,2023-06-07,crisol,2025-11-09
339689322,Diego,Ramos,42,Masculino,Piura,Nuevo,2023-10-04,crisol,2025-11-09
133811016,Pedro,García,61,Otro,Cajamarca,Nuevo,2023-04-02,crisol,2025-11-09
389574448,Javier,Gonzales,67,Femenino,Huánuco,Recurrente,2023-08-20,crisol,2025-11-09
293826004,Juan,García,42,Masculino,Cajamarca,Recurrente,2023-05-07,crisol,2025-11-09
188690127,Pedro,Ruiz,37,Otro,Trujillo,Nuevo,2024-06-25,crisol,2025-11-09
374628744,Camila,Castro,36,Otro,Pucallpa,Recurrente,2023-02-19,crisol,2025-11-09
183338643,Sofía,Flores,42,Masculino,Cusco,Recurrente,2024-06-28,crisol,2025-11-09
592352971,Valeria,Herrera,43,Femenino,Piura,Nuevo,2023-01-10,crisol,2025-11-09
737293786,Pedro,Ruiz,27,Otro,Huánuco,Nuevo,2024-08-04,crisol,2025-11-09
789653765,Luis,Pérez,64,Otro,Cusco,Recurrente,2023-09-13,crisol,2025-11-09
728228055,Valeria,Ramos,63,Femenino,Huánuco,Nuevo,2023-12-29,crisol,2025-11-09
857349455,Lucía,Díaz,36,Femenino,Cajamarca,Nuevo,2023-08-23,crisol,2025-11-09
327692509,Andrés,Vásquez,23,Femenino,Cajamarca,Recurrente,2023-04-03,crisol,2025-11-09
681478902,María,García,64,Masculino,Huancayo,Nuevo,2023-02-28,crisol,2025-11-09
90822582,Camila,Martínez,53,Femenino,Trujillo,Recurrente,2024-03-10,crisol,2025-11-09
726958713,Pedro,Herrera,64,Masculino,Chiclayo,Nuevo,2024-06-29,crisol,2025-11-09
749345045,María,Ramos,18,Otro,Ica,Recurrente,2023-01-08,crisol,2025-11-09
766823538,José,Ruiz,52,Otro,Cusco,Nuevo,2024-06-24,crisol,2025-11-09
734523269,Valeria,Pérez,56,Femenino,Huánuco,Recurrente,2024-06-20,crisol,2025-11-09
970446382,Ana,Rodríguez,22,Femenino,Huánuco,Nuevo,2023-02-22,crisol,2025-11-09
453894576,Lucía,Ramos,28,Femenino,Huancayo,Nuevo,2023-09-13,crisol,2025-11-09
893059429,Pedro,Vásquez,67,Masculino,Pucallpa,Nuevo,2023-10-28,crisol,2025-11-09
284273996,Ana,Pérez,65,Otro,Piura,Nuevo,2023-11-09,crisol,2025-11-09
997623197,Javier,Salazar,50,Masculino,Chiclayo,Recurrente,2024-05-14,crisol,2025-11-09
61736645,Sofía,Pérez,57,Femenino,Cusco,Nuevo,2023-04-20,crisol,2025-11-09
5534508,Sofía,Herrera,64,Masculino,Cajamarca,Nuevo,2023-04-14,crisol,2025-11-09
462572075,Lucía,López,23,Otro,Arequipa,Recurrente,2024-02-25,crisol,2025-11-09
132975024,Javier,Torres,18,Masculino,Trujillo,Recurrente,2023-08-20,crisol,2025-11-09
505408862,José,Gonzales,37,Femenino,Cajamarca,Recurrente,2024-07-03,crisol,2025-11-09
871388578,Luis,García,46,Otro,Chiclayo,Nuevo,2023-12-29,crisol,2025-11-09
802182950,José,Pérez,40,Otro,Ica,Nuevo,2023-10-19,crisol,2025-11-09
43224883,Carlos,Ramos,44,Otro,Cusco,Recurrente,2023-06-14,crisol,2025-11-09
715331979,Ana,Torres,60,Femenino,Huancayo,Nuevo,2024-07-17,crisol,2025-11-09
532111648,Diego,Salazar,63,Masculino,Cusco,Recurrente,2024-02-14,crisol,2025-11-09
538866546,Camila,Herrera,65,Femenino,Huánuco,Nuevo,2023-04-21,crisol,2025-11-09
851169063,Juan,Rodríguez,27,Femenino,Arequipa,Nuevo,2023-08-31,crisol,2025-11-09
55877346,Andrés,Vásquez,39,Femenino,Piura,Recurrente,2024-03-20,crisol,2025-11-09
515603325,Luis,Martínez,49,Masculino,Trujillo,Nuevo,2023-06-06,crisol,2025-11-09
783024695,Pedro,Rodríguez,33,Femenino,Trujillo,Nuevo,2023-09-27,crisol,2025-11-09
752645523,Ana,Salazar,70,Femenino,Ica,Nuevo,2023-04-16,crisol,2025-11-09
752848656,Camila,Díaz,57,Masculino,Ica,Recurrente,2023-06-02,crisol,2025-11-09
246299407,María,Rodríguez,43,Masculino,Pucallpa,Recurrente,2023-05-30,crisol,2025-11-09
457739343,Juan,Castro,30,Masculino,Lima,Nuevo,2024-06-21,crisol,2025-11-09
329043827,Camila,Salazar,32,Masculino,Cusco,Nuevo,2023-03-04,crisol,2025-11-09
547461968,José,Salazar,21,Femenino,Huancayo,Nuevo,2023-10-15,crisol,2025-11-09
376909699,Camila,Ramos,33,Femenino,Lima,Nuevo,2023-01-01,crisol,2025-11-09
55974840,Andrés,Ruiz,38,Masculino,Pucallpa,Nuevo,2023-04-14,crisol,2025-11-09
462683433,Carlos,Martínez,49,Femenino,Cusco,Nuevo,2023-04-10,crisol,2025-11-09
718276952,Juan,Salazar,53,Masculino,Cusco,Nuevo,2024-01-06,crisol,2025-11-09
797717178,Diego,Castro,51,Otro,Cusco,Nuevo,2023-10-10,crisol,2025-11-09
225521538,Valeria,Ramos,23,Masculino,Huánuco,Recurrente,2023-05-04,crisol,2025-11-09
44065218,Valeria,Herrera,59,Masculino,Ica,Recurrente,2023-04-12,crisol,2025-11-09
80401357,Pedro,Castro,39,Femenino,Ayacucho,Nuevo,2023-07-26,crisol,2025-11-09
572903058,Camila,Rodríguez,20,Masculino,Ica,Nuevo,2023-09-16,crisol,2025-11-09
957333874,Javier,Flores,53,Femenino,Cusco,Nuevo,2023-05-01,crisol,2025-11-09
978016856,José,García,48,Femenino,Arequipa,Recurrente,2024-05-30,crisol,2025-11-09
849206491,Juan,Rodríguez,56,Femenino,Ayacucho,Recurrente,2023-10-24,crisol,2025-11-09
48796435,Valeria,Pérez,68,Otro,Ica,Recurrente,2024-02-12,crisol,2025-11-09
531530009,Andrés,Díaz,50,Masculino,Huánuco,Nuevo,2024-06-05,crisol,2025-11-09
412478375,Pedro,Flores,42,Femenino,Piura,Nuevo,2023-07-08,crisol,2025-11-09
3866057,Carlos,Castro,31,Otro,Ayacucho,Nuevo,2024-06-09,crisol,2025-11-09
489026038,Pedro,Ruiz,64,Otro,Pucallpa,Nuevo,2023-08-14,crisol,2025-11-09
318218082,Camila,Martínez,53,Masculino,Huánuco,Nuevo,2024-06-30,crisol,2025-11-09
255783312,Luis,Pérez,58,Masculino,Pucallpa,Recurrente,2023-10-04,crisol,2025-11-09
937787682,Diego,Pérez,59,Masculino,Ica,Nuevo,2023-01-02,crisol,2025-11-09
696477802,Sofía,Salazar,56,Femenino,Cusco,Nuevo,2024-07-16,crisol,2025-11-09
283508835,Camila,Rodríguez,44,Otro,Pucallpa,Nuevo,2023-02-28,crisol,2025-11-09
672114391,Rosa,Pérez,70,Femenino,Ica,Recurrente,2023-10-14,crisol,2025-11-09
189768018,Luis,Pérez,52,Otro,Trujillo,Recurrente,2024-08-20,crisol,2025-11-09
114292012,Camila,Ruiz,62,Femenino,Tacna,Nuevo,2024-07-18,crisol,2025-11-09
221361544,Rosa,Torres,32,Femenino,Pucallpa,Nuevo,2024-02-09,crisol,2025-11-09
167118760,Lucía,López,64,Otro,Cajamarca,Nuevo,2024-05-05,crisol,2025-11-09
100600013,Lucía,Rodríguez,47,Masculino,Huánuco,Nuevo,2024-05-17,crisol,2025-11-09
783273181,Carlos,Salazar,36,Masculino,Pucallpa,Nuevo,2023-07-01,crisol,2025-11-09
877783087,José,Salazar,56,Masculino,Huancayo,Nuevo,2024-03-12,crisol,2025-11-09
263339299,Lucía,Herrera,59,Femenino,Huancayo,Recurrente,2023-05-21,crisol,2025-11-09
780357575,Diego,Flores,18,Otro,Huancayo,Nuevo,2023-01-22,crisol,2025-11-09
118149731,Rosa,Pérez,66,Otro,Lima,Nuevo,2023-03-27,crisol,2025-11-09
287393957,Carlos,Salazar,56,Masculino,Trujillo,Recurrente,2023-04-19,crisol,2025-11-09
582365530,Camila,Vásquez,39,Otro,Huancayo,Nuevo,2024-05-06,crisol,2025-11-09
815691332,Valeria,Herrera,46,Masculino,Pucallpa,Nuevo,2023-06-08,crisol,2025-11-09
261787772,Juan,Díaz,62,Femenino,Tacna,Nuevo,2023-01-22,crisol,2025-11-09
885756373,Juan,García,52,Femenino,Huancayo,Nuevo,2024-03-01,crisol,2025-11-09
152294200,Juan,Herrera,32,Masculino,Ica,Nuevo,2023-05-31,crisol,2025-11-09
379363624,Andrés,Martínez,32,Otro,Cajamarca,Recurrente,2023-04-26,crisol,2025-11-09
528088326,Carlos,García,32,Masculino,Pucallpa,Nuevo,2023-12-08,crisol,2025-11-09
127078391,Sofía,Herrera,23,Masculino,Piura,Nuevo,2024-03-14,crisol,2025-11-09
569599249,Sofía,Castro,29,Otro,Cajamarca,Nuevo,2023-11-05,crisol,2025-11-09
670829086,Rosa,Martínez,40,Masculino,Pucallpa,Recurrente,2024-01-13,crisol,2025-11-09
284972125,Diego,Herrera,63,Masculino,Trujillo,Nuevo,2023-06-02,crisol,2025-11-09
835139248,Andrés,Rodríguez,38,Masculino,Cajamarca,Nuevo,2024-05-04,crisol,2025-11-09
874723527,María,García,54,Femenino,Ayacucho,Nuevo,2023-04-03,crisol,2025-11-09
346875956,Carlos,Rodríguez,67,Femenino,Cusco,Nuevo,2024-03-10,crisol,2025-11-09
516779646,Camila,Ramos,56,Otro,Cusco,Nuevo,2023-09-09,crisol,2025-11-09
411441988,José,Díaz,49,Otro,Arequipa,Nuevo,2024-07-03,crisol,2025-11-09
881976044,Ana,Ramos,23,Otro,Ayacucho,Nuevo,2024-08-14,crisol,2025-11-09
833859910,Camila,Flores,65,Masculino,Ayacucho,Nuevo,2024-01-06,crisol,2025-11-09
3077456,Ana,Vásquez,19,Femenino,Arequipa,Nuevo,2023-05-17,crisol,2025-11-09
988813248,María,Pérez,40,Femenino,Trujillo,Recurrente,2023-10-29,crisol,2025-11-09
494338271,Carlos,Vásquez,53,Femenino,Ica,Nuevo,2023-08-18,crisol,2025-11-09
59985299,Camila,Rodríguez,25,Otro,Ayacucho,Nuevo,2023-01-27,crisol,2025-11-09
747455877,José,Gonzales,21,Otro,Huancayo,Recurrente,2023-03-17,crisol,2025-11-09
511988629,Rosa,Castro,28,Masculino,Huánuco,Nuevo,2023-03-22,crisol,2025-11-09
263115935,María,Pérez,54,Femenino,Huánuco,Recurrente,2024-04-26,crisol,2025-11-09
798389261,Carlos,Ruiz,51,Otro,Pucallpa,Nuevo,2023-12-12,crisol,2025-11-09
476713058,Diego,Salazar,62,Masculino,Pucallpa,Nuevo,2023-03-03,crisol,2025-11-09
946135274,Andrés,Pérez,56,Masculino,Arequipa,Nuevo,2024-02-10,crisol,2025-11-09
894083442,José,Salazar,47,Otro,Ayacucho,Recurrente,2024-08-08,crisol,2025-11-09
538881430,Luis,Ruiz,32,Femenino,Huánuco,Nuevo,2023-04-05,crisol,2025-11-09
559957480,José,Rodríguez,65,Masculino,Cajamarca,Recurrente,2023-08-13,crisol,2025-11-09
421219212,Carlos,Vásquez,65,Otro,Piura,Recurrente,2024-04-24,crisol,2025-11-09
512621813,Sofía,Salazar,59,Femenino,Cajamarca,Nuevo,2024-01-16,crisol,2025-11-09
694332141,José,López,35,Masculino,Huancayo,Nuevo,2023-12-10,crisol,2025-11-09
30117239,Ana,Martínez,28,Otro,Huancayo,Nuevo,2023-01-12,crisol,2025-11-09
812308710,Javier,Martínez,30,Otro,Ica,Recurrente,2023-02-03,crisol,2025-11-09
258057908,Luis,García,54,Otro,Lima,Nuevo,2024-05-10,crisol,2025-11-09
49049185,Juan,Gonzales,23,Femenino,Lima,Recurrente,2023-10-17,crisol,2025-11-09
427495689,Pedro,López,38,Femenino,Ayacucho,Nuevo,2023-05-13,crisol,2025-11-09
754472006,Andrés,García,39,Femenino,Ayacucho,Nuevo,2024-05-29,crisol,2025-11-09
867040437,Diego,Rodríguez,19,Otro,Trujillo,Nuevo,2024-08-23,crisol,2025-11-09
932880155,Rosa,Pérez,36,Masculino,Huánuco,Recurrente,2023-03-22,crisol,2025-11-09
950480421,Andrés,García,63,Masculino,Ica,Recurrente,2023-05-25,crisol,2025-11-09
825520324,Camila,Rodríguez,50,Otro,Ayacucho,Recurrente,2024-06-19,crisol,2025-11-09
998823852,Diego,Gonzales,46,Masculino,Cusco,Nuevo,2024-03-17,crisol,2025-11-09
42963526,Javier,Ruiz,67,Otro,Cajamarca,Nuevo,2023-03-18,crisol,2025-11-09
163639767,Valeria,Salazar,49,Masculino,Trujillo,Nuevo,2023-11-13,crisol,2025-11-09
587482857,Rosa,Flores,68,Masculino,Chiclayo,Nuevo,2023-11-18,crisol,2025-11-09
182232921,Javier,Martínez,28,Masculino,Pucallpa,Nuevo,2023-12-28,crisol,2025-11-09
95809173,María,Rodríguez,63,Femenino,Pucallpa,Recurrente,2023-09-20,crisol,2025-11-09
819422169,Javier,Torres,59,Masculino,Huancayo,Recurrente,2024-05-14,crisol,2025-11-09
42512277,Sofía,Vásquez,36,Femenino,Cajamarca,Recurrente,2023-05-13,crisol,2025-11-09
473335114,Sofía,Díaz,57,Femenino,Cusco,Nuevo,2024-02-28,crisol,2025-11-09
543251546,Lucía,Martínez,61,Masculino,Piura,Recurrente,2023-02-28,crisol,2025-11-09
795688388,Diego,López,62,Otro,Lima,Nuevo,2023-04-18,crisol,2025-11-09
312094443,José,Rodríguez,54,Femenino,Huancayo,Nuevo,2024-04-18,crisol,2025-11-09
718494947,María,Gonzales,47,Femenino,Tacna,Nuevo,2024-04-21,crisol,2025-11-09
117165692,María,Rodríguez,64,Masculino,Cajamarca,Recurrente,2023-07-24,crisol,2025-11-09
431129323,Sofía,García,38,Femenino,Piura,Nuevo,2024-05-02,crisol,2025-11-09
122757072,Luis,Torres,20,Otro,Huánuco,Recurrente,2023-05-30,crisol,2025-11-09
687427108,Ana,Gonzales,54,Masculino,Piura,Recurrente,2023-03-05,crisol,2025-11-09
868156321,Sofía,Flores,45,Femenino,Ica,Nuevo,2023-01-24,crisol,2025-11-09
814558145,Andrés,Ramos,35,Femenino,Tacna,Nuevo,2023-05-26,crisol,2025-11-09
74366341,Luis,Ramos,23,Femenino,Ayacucho,Nuevo,2024-03-05,crisol,2025-11-09
563476031,Ana,Salazar,34,Masculino,Lima,Nuevo,2024-03-14,crisol,2025-11-09
367240263,Diego,Martínez,28,Masculino,Cusco,Recurrente,2024-05-08,crisol,2025-11-09
510563615,Pedro,Ruiz,68,Masculino,Ayacucho,Nuevo,2024-08-07,crisol,2025-11-09
417833711,Rosa,Pérez,53,Otro,Ica,Nuevo,2024-08-15,crisol,2025-11-09
661975126,Carlos,Gonzales,60,Otro,Ayacucho,Recurrente,2023-11-21,crisol,2025-11-09
15232939,Carlos,Herrera,47,Masculino,Chiclayo,Recurrente,2023-04-27,crisol,2025-11-09
850421579,Andrés,Ramos,34,Otro,Ayacucho,Nuevo,2024-04-06,crisol,2025-11-09
893901688,Rosa,Rodríguez,58,Femenino,Tacna,Recurrente,2023-04-10,crisol,2025-11-09
39176517,Ana,Ruiz,30,Femenino,Ayacucho,Nuevo,2023-06-20,crisol,2025-11-09
645258023,José,López,40,Masculino,Ica,Recurrente,2024-08-13,crisol,2025-11-09
15430761,Sofía,Vásquez,41,Masculino,Pucallpa,Recurrente,2024-05-29,crisol,2025-11-09
879449864,Rosa,García,62,Femenino,Tacna,Recurrente,2024-02-28,crisol,2025-11-09
440649487,Sofía,Gonzales,52,Femenino,Arequipa,Recurrente,2023-12-10,crisol,2025-11-09
121740845,Javier,Rodríguez,47,Femenino,Cusco,Nuevo,2023-06-16,crisol,2025-11-09
582787203,José,Ramos,36,Otro,Ayacucho,Recurrente,2023-10-18,crisol,2025-11-09
753866212,Valeria,Herrera,24,Masculino,Trujillo,Recurrente,2023-04-02,crisol,2025-11-09
697529095,Juan,Castro,44,Masculino,Chiclayo,Recurrente,2024-07-11,crisol,2025-11-09
107054287,Andrés,Torres,50,Otro,Trujillo,Nuevo,2023-10-24,crisol,2025-11-09
914511555,José,López,32,Femenino,Arequipa,Nuevo,2023-07-20,crisol,2025-11-09
919490900,Lucía,García,40,Femenino,Cajamarca,Recurrente,2024-02-10,crisol,2025-11-09
8165949,Sofía,Flores,32,Otro,Pucallpa,Nuevo,2023-09-28,crisol,2025-11-09
330064674,Rosa,Herrera,68,Femenino,Tacna,Nuevo,2024-02-29,crisol,2025-11-09
35084096,Juan,Pérez,27,Femenino,Arequipa,Recurrente,2023-11-22,crisol,2025-11-09
359800080,Carlos,Castro,45,Masculino,Arequipa,Recurrente,2023-07-17,crisol,2025-11-09
661712635,Andrés,Ramos,21,Otro,Cajamarca,Nuevo,2024-02-04,crisol,2025-11-09
781805071,Carlos,Ramos,38,Otro,Huánuco,Nuevo,2023-04-12,crisol,2025-11-09
762383390,Diego,Rodríguez,50,Masculino,Tacna,Nuevo,2024-02-06,crisol,2025-11-09
905197350,Diego,Salazar,34,Otro,Huánuco,Recurrente,2023-07-28,crisol,2025-11-09
100131180,María,Pérez,45,Masculino,Tacna,Recurrente,2023-06-06,crisol,2025-11-09
29869705,Valeria,Ruiz,52,Masculino,Piura,Nuevo,2023-05-14,crisol,2025-11-09
487163385,Andrés,Salazar,67,Femenino,Huánuco,Nuevo,2023-08-16,crisol,2025-11-09
318818117,Ana,Díaz,33,Otro,Trujillo,Recurrente,2024-01-23,crisol,2025-11-09
827201666,Luis,Salazar,21,Femenino,Huancayo,Recurrente,2023-01-24,crisol,2025-11-09
685462357,Valeria,Vásquez,24,Masculino,Chiclayo,Recurrente,2023-05-06,crisol,2025-11-09
114972684,Carlos,Martínez,34,Masculino,Huancayo,Nuevo,2024-01-06,crisol,2025-11-09
980024696,Rosa,López,43,Masculino,Chiclayo,Recurrente,2024-02-28,crisol,2025-11-09
79001593,Lucía,Salazar,22,Masculino,Tacna,Nuevo,2023-11-18,crisol,2025-11-09
680271060,Javier,Torres,69,Masculino,Huánuco,Nuevo,2023-07-02,crisol,2025-11-09
708311398,Valeria,Salazar,56,Masculino,Huancayo,Recurrente,2023-12-22,crisol,2025-11-09
519595468,Valeria,Castro,52,Masculino,Huánuco,Nuevo,2023-09-18,crisol,2025-11-09
994911116,María,López,56,Masculino,Arequipa,Nuevo,2024-06-08,crisol,2025-11-09
817075631,Carlos,López,41,Masculino,Ica,Nuevo,2023-05-22,crisol,2025-11-09
235966701,María,Ruiz,62,Masculino,Pucallpa,Nuevo,2023-07-24,crisol,2025-11-09
98751865,Sofía,Ruiz,53,Otro,Pucallpa,Nuevo,2024-05-22,crisol,2025-11-09
468217996,Pedro,Ramos,30,Femenino,Huánuco,Nuevo,2023-10-15,crisol,2025-11-09
421793625,María,Castro,68,Otro,Pucallpa,Nuevo,2023-07-30,crisol,2025-11-09
775306396,Lucía,Ramos,46,Femenino,Piura,Recurrente,2023-11-23,crisol,2025-11-09
668845554,María,Castro,42,Femenino,Ica,Nuevo,2024-01-18,crisol,2025-11-09
964107065,Andrés,Vásquez,22,Femenino,Huánuco,Recurrente,2024-06-07,crisol,2025-11-09
271725032,Valeria,Ramos,36,Otro,Tacna,Recurrente,2024-06-27,crisol,2025-11-09
378229142,José,Pérez,25,Masculino,Trujillo,Nuevo,2023-07-10,crisol,2025-11-09
384125249,Ana,García,31,Otro,Cusco,Nuevo,2023-11-18,crisol,2025-11-09
131322499,Juan,Gonzales,62,Masculino,Ayacucho,Nuevo,2024-04-21,crisol,2025-11-09
609315470,Diego,Gonzales,32,Otro,Huancayo,Nuevo,2023-08-06,crisol,2025-11-09
566143648,Ana,García,53,Femenino,Ayacucho,Recurrente,2023-03-18,crisol,2025-11-09
616272392,Javier,Salazar,44,Otro,Trujillo,Nuevo,2023-11-24,crisol,2025-11-09
212762389,Ana,Pérez,69,Femenino,Chiclayo,Nuevo,2023-10-09,crisol,2025-11-09
452300048,María,García,46,Masculino,Piura,Nuevo,2024-01-28,crisol,2025-11-09
253856096,Valeria,Pérez,36,Masculino,Tacna,Recurrente,2024-08-12,crisol,2025-11-09
4989688,Javier,Torres,36,Masculino,Cajamarca,Nuevo,2024-06-30,crisol,2025-11-09
985732018,Pedro,Pérez,39,Otro,Lima,Nuevo,2023-04-08,crisol,2025-11-09
891044883,Diego,Ramos,64,Femenino,Pucallpa,Nuevo,2023-12-21,crisol,2025-11-09
429866466,María,Díaz,67,Femenino,Chiclayo,Recurrente,2024-02-07,crisol,2025-11-09
320451603,Camila,Torres,49,Otro,Huancayo,Recurrente,2023-04-16,crisol,2025-11-09
31447949,Ana,Pérez,70,Masculino,Huánuco,Nuevo,2023-11-27,crisol,2025-11-09
924909147,Camila,Ruiz,45,Masculino,Huánuco,Nuevo,2024-01-13,crisol,2025-11-09
876331829,Javier,Díaz,18,Otro,Lima,Nuevo,2023-02-14,crisol,2025-11-09
118974458,Juan,Martínez,22,Femenino,Cusco,Recurrente,2024-01-24,crisol,2025-11-09
289815857,Camila,Rodríguez,26,Otro,Chiclayo,Nuevo,2023-11-23,crisol,2025-11-09
925452604,Carlos,Flores,55,Femenino,Tacna,Nuevo,2023-05-06,crisol,2025-11-09
560239511,Pedro,López,54,Femenino,Tacna,Nuevo,2023-10-15,crisol,2025-11-09
345649694,Diego,Ruiz,48,Masculino,Huancayo,Nuevo,2023-10-31,crisol,2025-11-09
763839938,María,Gonzales,53,Masculino,Tacna,Recurrente,2023-07-30,crisol,2025-11-09
746213062,María,García,49,Masculino,Ica,Nuevo,2023-08-10,crisol,2025-11-09
502672650,Rosa,Ramos,30,Femenino,Huancayo,Nuevo,2024-06-24,crisol,2025-11-09
551825253,Rosa,Gonzales,66,Femenino,Ayacucho,Nuevo,2023-06-07,crisol,2025-11-09
910325810,Pedro,García,26,Masculino,Cusco,Nuevo,2024-04-08,crisol,2025-11-09
931856278,Valeria,Díaz,30,Femenino,Ica,Nuevo,2024-03-09,crisol,2025-11-09
176304457,Andrés,Martínez,54,Otro,Huancayo,Nuevo,2023-04-20,crisol,2025-11-09
799965574,María,López,19,Femenino,Huánuco,Nuevo,2024-05-02,crisol,2025-11-09
710694145,Pedro,Torres,40,Femenino,Huancayo,Recurrente,2023-03-28,crisol,2025-11-09
380562915,José,López,27,Femenino,Arequipa,Nuevo,2023-12-08,crisol,2025-11-09
57076973,Lucía,Martínez,41,Masculino,Lima,Recurrente,2024-03-08,crisol,2025-11-09
208232501,Luis,López,43,Masculino,Piura,Nuevo,2024-05-20,crisol,2025-11-09
556862328,José,García,61,Masculino,Tacna,Nuevo,2023-04-24,crisol,2025-11-09
235771983,María,Pérez,20,Otro,Pucallpa,Nuevo,2024-06-28,crisol,2025-11-09
108482276,Luis,López,57,Otro,Ayacucho,Nuevo,2024-02-07,crisol,2025-11-09
108774639,Ana,Ruiz,70,Otro,Pucallpa,Nuevo,2023-06-25,crisol,2025-11-09
843668641,Ana,Gonzales,58,Femenino,Ayacucho,Nuevo,2023-01-04,crisol,2025-11-09
101192189,Carlos,Díaz,62,Otro,Chiclayo,Recurrente,2023-09-02,crisol,2025-11-09
182785838,Sofía,Salazar,22,Masculino,Huánuco,Nuevo,2024-04-11,crisol,2025-11-09
152292721,Juan,Salazar,48,Femenino,Cusco,Nuevo,2023-09-28,crisol,2025-11-09
946243069,María,Rodríguez,61,Masculino,Piura,Nuevo,2024-04-30,crisol,2025-11-09
626162060,Juan,Torres,33,Femenino,Huancayo,Nuevo,2023-01-18,crisol,2025-11-09
609098013,Andrés,Martínez,32,Otro,Arequipa,Nuevo,2023-05-31,crisol,2025-11-09
832425391,María,García,37,Otro,Cusco,Nuevo,2023-12-26,crisol,2025-11-09
585957100,Luis,Salazar,49,Femenino,Cusco,Nuevo,2023-12-28,crisol,2025-11-09
323340207,Camila,Gonzales,51,Otro,Piura,Nuevo,2023-10-04,crisol,2025-11-09
736355132,Pedro,Ruiz,58,Masculino,Huánuco,Recurrente,2023-08-14,crisol,2025-11-09
707989829,Carlos,Gonzales,49,Masculino,Ica,Nuevo,2024-03-17,crisol,2025-11-09
385924214,Ana,Ruiz,23,Masculino,Cajamarca,Recurrente,2023-10-08,crisol,2025-11-09
941826234,Andrés,Salazar,52,Femenino,Arequipa,Nuevo,2023-12-24,crisol,2025-11-09
953477264,Sofía,Ramos,55,Femenino,Pucallpa,Nuevo,2023-02-12,crisol,2025-11-09
622251460,Pedro,Ruiz,39,Otro,Huancayo,Nuevo,2024-04-10,crisol,2025-11-09
608449151,Diego,Flores,40,Femenino,Huancayo,Recurrente,2024-05-25,crisol,2025-11-09
995608880,Andrés,Rodríguez,47,Otro,Huánuco,Nuevo,2023-10-24,crisol,2025-11-09
669794920,Pedro,Salazar,28,Femenino,Chiclayo,Nuevo,2023-10-29,crisol,2025-11-09
16742210,Lucía,Pérez,31,Femenino,Piura,Nuevo,2024-05-15,crisol,2025-11-09
328373339,Juan,Ramos,40,Otro,Lima,Nuevo,2023-05-22,crisol,2025-11-09
376043961,Javier,Martínez,68,Otro,Tacna,Recurrente,2024-07-28,crisol,2025-11-09
166469722,María,Ruiz,35,Masculino,Ayacucho,Nuevo,2024-08-22,crisol,2025-11-09
985973997,María,Martínez,32,Masculino,Chiclayo,Recurrente,2023-09-12,crisol,2025-11-09
871565999,Andrés,Salazar,42,Femenino,Cajamarca,Recurrente,2023-04-11,crisol,2025-11-09
958887569,Luis,Herrera,37,Otro,Pucallpa,Nuevo,2024-03-22,crisol,2025-11-09
728988247,Javier,Gonzales,69,Otro,Huánuco,Recurrente,2023-07-24,crisol,2025-11-09
268457410,Carlos,Ramos,53,Masculino,Pucallpa,Nuevo,2023-11-01,crisol,2025-11-09
608452006,Javier,Salazar,47,Otro,Huánuco,Nuevo,2024-03-23,crisol,2025-11-09
103124635,Carlos,Díaz,46,Otro,Cusco,Nuevo,2024-01-02,crisol,2025-11-09
502917984,Sofía,Ramos,47,Femenino,Cajamarca,Nuevo,2024-07-26,crisol,2025-11-09
28370531,Diego,Ramos,23,Masculino,Piura,Recurrente,2023-09-06,crisol,2025-11-09
623116455,Pedro,Gonzales,26,Otro,Arequipa,Recurrente,2023-10-28,crisol,2025-11-09
57483870,Diego,Vásquez,43,Masculino,Cajamarca,Recurrente,2024-04-18,crisol,2025-11-09
867026146,Diego,Vásquez,51,Femenino,Lima,Nuevo,2023-10-04,crisol,2025-11-09
891092205,Andrés,García,39,Otro,Huancayo,Recurrente,2024-08-02,crisol,2025-11-09
516972219,Camila,Gonzales,21,Masculino,Ayacucho,Nuevo,2024-06-07,crisol,2025-11-09
793885429,Camila,Pérez,62,Masculino,Arequipa,Nuevo,2024-05-22,crisol,2025-11-09
146461343,Ana,Herrera,61,Otro,Huánuco,Nuevo,2023-11-15,crisol,2025-11-09
772172887,Javier,Pérez,69,Femenino,Piura,Recurrente,2023-04-28,crisol,2025-11-09
72093245,Juan,Rodríguez,56,Masculino,Arequipa,Nuevo,2023-07-29,crisol,2025-11-09
111247194,Lucía,Pérez,50,Femenino,Cajamarca,Nuevo,2023-05-05,crisol,2025-11-09
322040680,José,Torres,29,Masculino,Arequipa,Nuevo,2024-03-25,crisol,2025-11-09
922681257,Andrés,Castro,25,Femenino,Huánuco,Recurrente,2023-07-09,crisol,2025-11-09
152134379,Rosa,Ruiz,60,Masculino,Huánuco,Nuevo,2024-07-13,crisol,2025-11-09
215125290,Lucía,Torres,36,Femenino,Tacna,Nuevo,2024-05-19,crisol,2025-11-09
394427683,Andrés,Martínez,43,Femenino,Ayacucho,Recurrente,2024-04-20,crisol,2025-11-09
447639171,Rosa,Ramos,27,Masculino,Pucallpa,Nuevo,2024-07-31,crisol,2025-11-09
418146635,Juan,Castro,37,Masculino,Tacna,Recurrente,2024-03-31,crisol,2025-11-09
45775539,Javier,Herrera,40,Masculino,Chiclayo,Recurrente,2024-04-14,crisol,2025-11-09
297323455,Juan,Rodríguez,40,Otro,Arequipa,Nuevo,2024-06-21,crisol,2025-11-09
419429677,Pedro,García,29,Otro,Huánuco,Nuevo,2024-07-30,crisol,2025-11-09
364311019,Lucía,Ruiz,68,Masculino,Pucallpa,Recurrente,2023-11-07,crisol,2025-11-09
991575809,José,García,59,Femenino,Cajamarca,Recurrente,2023-07-04,crisol,2025-11-09
618517117,Camila,Herrera,50,Otro,Arequipa,Nuevo,2023-11-28,crisol,2025-11-09
632275127,Valeria,Gonzales,55,Otro,Cajamarca,Nuevo,2023-01-31,crisol,2025-11-09
914861514,Camila,Rodríguez,32,Masculino,Tacna,Nuevo,2024-05-02,crisol,2025-11-09
347526614,Diego,López,67,Otro,Trujillo,Nuevo,2023-06-28,crisol,2025-11-09
781859239,Javier,Ramos,66,Femenino,Huancayo,Nuevo,2023-09-14,crisol,2025-11-09
122915292,Juan,Vásquez,65,Masculino,Chiclayo,Recurrente,2023-01-31,crisol,2025-11-09
991655172,Carlos,Gonzales,24,Otro,Chiclayo,Nuevo,2024-08-10,crisol,2025-11-09
597503207,Ana,López,34,Femenino,Chiclayo,Recurrente,2023-08-19,crisol,2025-11-09
216029059,Camila,Rodríguez,45,Otro,Trujillo,Recurrente,2023-03-30,crisol,2025-11-09
625033655,Juan,Salazar,60,Masculino,Ica,Nuevo,2023-05-24,crisol,2025-11-09
959163927,Juan,Gonzales,67,Femenino,Piura,Nuevo,2023-03-15,crisol,2025-11-09
365835988,Carlos,Salazar,64,Otro,Tacna,Nuevo,2023-07-14,crisol,2025-11-09
893785820,Ana,Castro,70,Femenino,Arequipa,Nuevo,2024-07-26,crisol,2025-11-09
916354465,Carlos,Flores,22,Femenino,Cajamarca,Recurrente,2023-03-14,crisol,2025-11-09
611122760,María,Rodríguez,68,Otro,Pucallpa,Nuevo,2024-05-25,crisol,2025-11-09
247576416,Juan,Castro,52,Femenino,Lima,Nuevo,2023-10-24,crisol,2025-11-09
990283447,Rosa,Martínez,42,Otro,Cusco,Nuevo,2023-06-11,crisol,2025-11-09
309311735,María,Díaz,54,Masculino,Arequipa,Recurrente,2024-05-27,crisol,2025-11-09
335264420,José,Castro,21,Otro,Ayacucho,Recurrente,2024-08-19,crisol,2025-11-09
505709532,Javier,Herrera,34,Otro,Lima,Nuevo,2024-03-07,crisol,2025-11-09
280118955,Ana,Gonzales,66,Masculino,Huánuco,Nuevo,2023-12-04,crisol,2025-11-09
992324553,Diego,Salazar,21,Masculino,Chiclayo,Nuevo,2024-07-31,crisol,2025-11-09
971010355,Valeria,Ruiz,66,Masculino,Cusco,Recurrente,2024-03-02,crisol,2025-11-09
642256122,Camila,Castro,23,Otro,Chiclayo,Recurrente,2023-10-05,crisol,2025-11-09
776669432,Juan,García,20,Femenino,Arequipa,Nuevo,2023-12-25,crisol,2025-11-09
463336308,Lucía,Martínez,68,Masculino,Lima,Recurrente,2023-01-27,crisol,2025-11-09
830660891,Diego,Flores,30,Otro,Piura,Recurrente,2023-01-19,crisol,2025-11-09
593238019,Lucía,Pérez,42,Femenino,Ayacucho,Nuevo,2024-03-13,crisol,2025-11-09
590069371,Carlos,García,46,Masculino,Piura,Recurrente,2024-01-12,crisol,2025-11-09
377730669,Ana,Gonzales,45,Masculino,Ica,Nuevo,2023-01-11,crisol,2025-11-09
243874566,José,Ruiz,66,Otro,Piura,Nuevo,2023-01-16,crisol,2025-11-09
937651285,Camila,López,70,Masculino,Huancayo,Nuevo,2024-03-25,crisol,2025-11-09
193910773,Luis,Pérez,38,Femenino,Piura,Recurrente,2023-09-08,crisol,2025-11-09
313975774,Carlos,Castro,43,Femenino,Tacna,Nuevo,2023-03-20,crisol,2025-11-09
82010113,Luis,Díaz,31,Femenino,Ayacucho,Recurrente,2024-01-01,crisol,2025-11-09
963833796,Javier,Vásquez,32,Femenino,Ayacucho,Nuevo,2024-01-11,crisol,2025-11-09
837742398,Pedro,Martínez,59,Masculino,Arequipa,Recurrente,2023-11-23,crisol,2025-11-09
749226645,Pedro,Díaz,24,Masculino,Cusco,Recurrente,2024-05-12,crisol,2025-11-09
300415621,María,López,26,Otro,Ica,Nuevo,2024-07-20,crisol,2025-11-09
226312174,María,Gonzales,64,Masculino,Lima,Recurrente,2024-03-26,crisol,2025-11-09
697833491,Diego,Torres,25,Masculino,Chiclayo,Recurrente,2023-10-04,crisol,2025-11-09
298465149,Valeria,Ramos,37,Masculino,Lima,Nuevo,2024-01-29,crisol,2025-11-09
531886065,Juan,Vásquez,42,Femenino,Chiclayo,Nuevo,2023-07-30,crisol,2025-11-09
407299242,Carlos,Salazar,45,Otro,Lima,Recurrente,2023-02-02,crisol,2025-11-09
581483989,Diego,Gonzales,19,Otro,Trujillo,Recurrente,2023-09-26,crisol,2025-11-09
869992528,Diego,Castro,31,Masculino,Cusco,Recurrente,2024-03-20,crisol,2025-11-09
929583710,José,Flores,64,Otro,Trujillo,Nuevo,2023-04-22,crisol,2025-11-09
594095087,José,Ruiz,61,Femenino,Arequipa,Nuevo,2024-08-09,crisol,2025-11-09
772256800,Valeria,Flores,51,Femenino,Huánuco,Recurrente,2024-04-23,crisol,2025-11-09
800618265,Javier,López,26,Masculino,Pucallpa,Recurrente,2023-10-08,crisol,2025-11-09
91844510,Ana,Flores,52,Femenino,Cusco,Nuevo,2023-02-09,crisol,2025-11-09
660938831,Luis,Gonzales,35,Otro,Pucallpa,Recurrente,2023-01-13,crisol,2025-11-09
133472999,Luis,Castro,60,Femenino,Pucallpa,Recurrente,2024-03-30,crisol,2025-11-09
496846400,Juan,Torres,18,Femenino,Lima,Recurrente,2024-05-06,crisol,2025-11-09
684771439,Rosa,Díaz,31,Femenino,Lima,Nuevo,2023-03-23,crisol,2025-11-09
296831273,Javier,Castro,53,Femenino,Huancayo,Nuevo,2023-09-22,crisol,2025-11-09
822461359,Diego,Martínez,34,Femenino,Huánuco,Nuevo,2023-06-28,crisol,2025-11-09
157734586,Rosa,Castro,59,Masculino,Ica,Nuevo,2023-02-09,crisol,2025-11-09
197842828,Andrés,Díaz,46,Otro,Cusco,Nuevo,2023-08-22,crisol,2025-11-09
65297317,Camila,Martínez,34,Masculino,Tacna,Recurrente,2023-12-28,crisol,2025-11-09
580294485,Camila,Pérez,56,Masculino,Cusco,Nuevo,2024-06-03,crisol,2025-11-09
476540243,María,Díaz,22,Masculino,Ica,Nuevo,2024-01-16,crisol,2025-11-09
890279988,Rosa,Salazar,44,Masculino,Tacna,Nuevo,2023-10-17,crisol,2025-11-09
153630427,Juan,Gonzales,56,Femenino,Cusco,Recurrente,2024-01-19,crisol,2025-11-09
505394202,Luis,Castro,19,Masculino,Cusco,Nuevo,2023-06-03,crisol,2025-11-09
979115815,Valeria,Pérez,24,Otro,Ica,Recurrente,2024-06-07,crisol,2025-11-09
768550002,Diego,Ruiz,50,Otro,Ayacucho,Nuevo,2023-08-09,crisol,2025-11-09
406776019,Rosa,Castro,20,Otro,Ayacucho,Nuevo,2023-03-22,crisol,2025-11-09
83012525,Javier,López,54,Otro,Piura,Recurrente,2024-03-04,crisol,2025-11-09
578711823,Camila,García,51,Masculino,Piura,Nuevo,2024-06-21,crisol,2025-11-09
558706525,Lucía,Gonzales,35,Masculino,Piura,Nuevo,2023-09-07,crisol,2025-11-09
352922297,Ana,Flores,67,Femenino,Ica,Nuevo,2023-04-29,crisol,2025-11-09
744181609,Ana,Torres,64,Femenino,Cusco,Nuevo,2024-07-27,crisol,2025-11-09
542930517,María,Herrera,41,Otro,Chiclayo,Recurrente,2024-04-04,crisol,2025-11-09
844287643,José,López,54,Masculino,Arequipa,Nuevo,2024-02-22,crisol,2025-11-09
723814870,Valeria,Salazar,26,Otro,Pucallpa,Recurrente,2023-12-16,crisol,2025-11-09
336987794,María,García,44,Femenino,Arequipa,Recurrente,2024-08-12,crisol,2025-11-09
530643461,Andrés,Herrera,67,Masculino,Huánuco,Recurrente,2023-01-16,crisol,2025-11-09
179068942,María,Ramos,34,Otro,Ayacucho,Recurrente,2023-04-14,crisol,2025-11-09
135718766,Rosa,Pérez,45,Masculino,Ayacucho,Nuevo,2023-03-16,crisol,2025-11-09
142139534,Pedro,Vásquez,51,Femenino,Cajamarca,Nuevo,2024-02-16,crisol,2025-11-09
748321488,Pedro,López,63,Femenino,Huancayo,Nuevo,2023-12-11,crisol,2025-11-09
635094668,Valeria,Castro,24,Otro,Lima,Nuevo,2023-12-30,crisol,2025-11-09
481997700,Javier,Ramos,58,Femenino,Ayacucho,Recurrente,2023-10-24,crisol,2025-11-09
813531298,Lucía,Ruiz,26,Otro,Huánuco,Recurrente,2024-06-05,crisol,2025-11-09
89968284,Carlos,Herrera,18,Otro,Piura,Nuevo,2024-04-09,crisol,2025-11-09
407350359,Sofía,Torres,29,Otro,Ayacucho,Nuevo,2023-04-10,crisol,2025-11-09
249391082,Luis,Torres,39,Masculino,Piura,Nuevo,2024-06-21,crisol,2025-11-09
622585793,Pedro,Vásquez,45,Femenino,Cusco,Nuevo,2023-07-02,crisol,2025-11-09
153756136,Juan,Vásquez,65,Otro,Ica,Nuevo,2023-10-12,crisol,2025-11-09
617549533,Javier,Castro,38,Masculino,Cusco,Nuevo,2023-05-02,crisol,2025-11-09
309069241,Luis,Torres,46,Masculino,Huánuco,Nuevo,2023-09-23,crisol,2025-11-09
650870273,Diego,García,32,Otro,Pucallpa,Nuevo,2023-07-31,crisol,2025-11-09
592880978,Rosa,Díaz,66,Masculino,Lima,Nuevo,2023-02-10,crisol,2025-11-09
956322182,Pedro,Díaz,69,Masculino,Lima,Nuevo,2023-01-27,crisol,2025-11-09
396791155,Ana,Martínez,54,Femenino,Ayacucho,Nuevo,2023-05-10,crisol,2025-11-09
892320057,Lucía,Martínez,25,Otro,Ayacucho,Recurrente,2023-05-03,crisol,2025-11-09
477176303,Javier,Ramos,49,Femenino,Huancayo,Recurrente,2023-10-13,crisol,2025-11-09
785585745,Andrés,García,40,Masculino,Ayacucho,Recurrente,2023-03-18,crisol,2025-11-09
351237825,Carlos,Díaz,39,Femenino,Chiclayo,Recurrente,2024-06-09,crisol,2025-11-09
721641990,Diego,García,63,Otro,Cusco,Recurrente,2023-02-09,crisol,2025-11-09
465335683,María,Herrera,63,Otro,Cusco,Nuevo,2024-07-25,crisol,2025-11-09
709883387,Rosa,Herrera,58,Masculino,Tacna,Recurrente,2023-09-09,crisol,2025-11-09
146968057,Valeria,Ramos,32,Otro,Ica,Nuevo,2023-06-05,crisol,2025-11-09
520235608,Rosa,Rodríguez,64,Femenino,Pucallpa,Nuevo,2023-04-01,crisol,2025-11-09
554379588,Rosa,Ruiz,65,Masculino,Lima,Nuevo,2024-05-17,crisol,2025-11-09
598865714,Valeria,López,63,Masculino,Lima,Nuevo,2023-09-27,crisol,2025-11-09
658609850,José,Salazar,55,Masculino,Tacna,Nuevo,2024-06-27,crisol,2025-11-09
705384990,Carlos,Herrera,37,Masculino,Pucallpa,Recurrente,2024-05-16,crisol,2025-11-09
855499692,Andrés,Ramos,56,Femenino,Arequipa,Nuevo,2023-04-09,crisol,2025-11-09
235074866,María,Herrera,66,Femenino,Cajamarca,Recurrente,2023-11-30,crisol,2025-11-09
265639711,Andrés,Ramos,25,Masculino,Chiclayo,Recurrente,2023-04-27,crisol,2025-11-09
373209649,Camila,Ramos,63,Masculino,Trujillo,Recurrente,2024-05-15,crisol,2025-11-09
645381960,José,Salazar,33,Masculino,Pucallpa,Nuevo,2023-08-09,crisol,2025-11-09
955426865,Rosa,Flores,44,Masculino,Arequipa,Recurrente,2023-09-25,crisol,2025-11-09
724763969,Sofía,Ramos,43,Femenino,Cajamarca,Nuevo,2023-02-25,crisol,2025-11-09
288103439,Lucía,Ruiz,32,Femenino,Tacna,Recurrente,2023-11-12,crisol,2025-11-09
480645869,José,López,54,Masculino,Arequipa,Nuevo,2023-04-23,crisol,2025-11-09
658530127,Valeria,Gonzales,26,Otro,Arequipa,Nuevo,2023-01-22,crisol,2025-11-09
861584268,José,García,67,Otro,Cusco,Recurrente,2024-07-20,crisol,2025-11-09
68144785,Andrés,Pérez,51,Masculino,Cusco,Nuevo,2023-06-10,crisol,2025-11-09
899955690,Pedro,Ramos,63,Masculino,Pucallpa,Recurrente,2024-01-18,crisol,2025-11-09
355947683,José,López,53,Otro,Ica,Recurrente,2023-02-06,crisol,2025-11-09
907829349,Juan,Flores,51,Masculino,Arequipa,Nuevo,2024-05-11,crisol,2025-11-09
45403352,Carlos,Martínez,37,Masculino,Ica,Recurrente,2023-09-11,crisol,2025-11-09
36268864,Luis,Ruiz,25,Femenino,Tacna,Nuevo,2023-10-04,crisol,2025-11-09
925547945,María,García,22,Otro,Ayacucho,Recurrente,2024-03-01,crisol,2025-11-09
21640386,Juan,Ruiz,52,Otro,Huánuco,Nuevo,2024-02-05,crisol,2025-11-09
208610937,Rosa,Castro,37,Femenino,Cajamarca,Nuevo,2023-01-24,crisol,2025-11-09
324435363,Luis,Torres,30,Masculino,Pucallpa,Recurrente,2024-08-13,crisol,2025-11-09
506162272,José,Martínez,45,Masculino,Ica,Recurrente,2024-07-28,crisol,2025-11-09
299099265,Lucía,Martínez,62,Otro,Arequipa,Nuevo,2023-01-18,crisol,2025-11-09
533687151,Camila,Ramos,41,Otro,Ayacucho,Nuevo,2023-08-18,crisol,2025-11-09
620493372,Juan,Ramos,67,Masculino,Chiclayo,Nuevo,2024-07-30,crisol,2025-11-09
116982506,Andrés,Martínez,39,Masculino,Trujillo,Recurrente,2023-03-27,crisol,2025-11-09
102423196,Pedro,Rodríguez,31,Femenino,Piura,Nuevo,2023-05-25,crisol,2025-11-09
432927410,Valeria,Vásquez,48,Otro,Ayacucho,Recurrente,2023-08-27,crisol,2025-11-09
63278782,Diego,Torres,34,Femenino,Pucallpa,Recurrente,2023-06-04,crisol,2025-11-09
39202005,Sofía,Ruiz,54,Otro,Cajamarca,Recurrente,2023-10-02,crisol,2025-11-09
741308499,Ana,Flores,53,Femenino,Arequipa,Nuevo,2023-08-30,crisol,2025-11-09
345570872,Lucía,Ruiz,48,Otro,Arequipa,Recurrente,2023-03-25,crisol,2025-11-09
989163602,María,Ramos,62,Masculino,Cajamarca,Nuevo,2023-01-14,crisol,2025-11-09
174046155,Pedro,Ruiz,25,Masculino,Ica,Nuevo,2023-04-27,crisol,2025-11-09
41942442,Javier,Ramos,49,Masculino,Tacna,Recurrente,2024-05-13,crisol,2025-11-09
150179318,Camila,Vásquez,53,Femenino,Cajamarca,Nuevo,2023-05-01,crisol,2025-11-09
467592441,Luis,Ruiz,61,Femenino,Arequipa,Nuevo,2024-01-16,crisol,2025-11-09
605386785,Andrés,Rodríguez,27,Femenino,Arequipa,Recurrente,2024-01-16,crisol,2025-11-09
557679799,Valeria,Martínez,48,Femenino,Ica,Recurrente,2023-05-19,crisol,2025-11-09
176349437,Pedro,Ruiz,48,Masculino,Cusco,Nuevo,2023-06-03,crisol,2025-11-09
505188483,María,Pérez,37,Otro,Ica,Nuevo,2023-04-07,crisol,2025-11-09
577384799,Lucía,Gonzales,24,Masculino,Piura,Nuevo,2023-06-10,crisol,2025-11-09
71695888,Sofía,Salazar,53,Masculino,Cusco,Recurrente,2023-07-17,crisol,2025-11-09
294828690,Luis,Vásquez,45,Otro,Ayacucho,Nuevo,2024-02-17,crisol,2025-11-09
273535066,Pedro,Díaz,59,Otro,Ica,Nuevo,2023-06-06,crisol,2025-11-09
110569940,Camila,López,35,Masculino,Pucallpa,Nuevo,2023-05-10,crisol,2025-11-09
855648194,Pedro,Castro,59,Femenino,Cusco,Nuevo,2023-10-11,crisol,2025-11-09
866831325,Camila,Vásquez,57,Otro,Chiclayo,Nuevo,2023-01-03,crisol,2025-11-09
841131677,Ana,López,23,Otro,Huánuco,Nuevo,2024-05-01,crisol,2025-11-09
939109730,Juan,Gonzales,22,Masculino,Huánuco,Nuevo,2024-03-26,crisol,2025-11-09
456775928,Andrés,Torres,38,Femenino,Arequipa,Recurrente,2023-09-04,crisol,2025-11-09
601451262,José,Ramos,67,Femenino,Ayacucho,Nuevo,2023-11-16,crisol,2025-11-09
900492963,Pedro,Gonzales,51,Masculino,Piura,Recurrente,2023-06-20,crisol,2025-11-09
680505229,Rosa,Martínez,63,Masculino,Cajamarca,Nuevo,2024-05-16,crisol,2025-11-09
746357679,Diego,Martínez,61,Masculino,Arequipa,Recurrente,2023-12-23,crisol,2025-11-09
191139369,Juan,Vásquez,41,Femenino,Trujillo,Recurrente,2024-03-10,crisol,2025-11-09
229544484,Valeria,Díaz,30,Femenino,Cusco,Nuevo,2023-01-11,crisol,2025-11-09
210277395,Lucía,Gonzales,51,Masculino,Lima,Nuevo,2023-12-03,crisol,2025-11-09
101048210,Javier,Gonzales,34,Otro,Lima,Recurrente,2023-02-04,crisol,2025-11-09
694945166,Luis,Salazar,48,Femenino,Lima,Recurrente,2023-09-17,crisol,2025-11-09
294391911,Andrés,Pérez,54,Masculino,Ayacucho,Recurrente,2024-04-10,crisol,2025-11-09
526456141,Carlos,Torres,65,Otro,Trujillo,Nuevo,2023-04-17,crisol,2025-11-09
41010063,Sofía,Pérez,57,Otro,Huánuco,Recurrente,2023-07-01,crisol,2025-11-09
935135950,Rosa,Rodríguez,23,Femenino,Huancayo,Nuevo,2023-03-05,crisol,2025-11-09
337408933,María,Vásquez,52,Femenino,Ica,Recurrente,2023-01-18,crisol,2025-11-09
357196310,Rosa,Salazar,38,Otro,Huánuco,Recurrente,2024-08-23,crisol,2025-11-09
775387120,Sofía,Díaz,18,Otro,Cajamarca,Nuevo,2023-03-04,crisol,2025-11-09
69744792,Ana,Vásquez,66,Otro,Huánuco,Recurrente,2023-03-27,crisol,2025-11-09
185311976,Lucía,Pérez,35,Otro,Ica,Recurrente,2024-02-24,crisol,2025-11-09
185723207,Andrés,Ruiz,18,Femenino,Pucallpa,Nuevo,2023-05-01,crisol,2025-11-09
366631819,Lucía,Castro,62,Masculino,Piura,Recurrente,2023-04-01,crisol,2025-11-09
124835032,Javier,García,29,Otro,Huancayo,Nuevo,2023-01-21,crisol,2025-11-09
823262095,Carlos,Flores,18,Masculino,Tacna,Nuevo,2023-03-25,crisol,2025-11-09
941884597,Camila,López,37,Otro,Tacna,Recurrente,2023-07-15,crisol,2025-11-09
802523694,Diego,Ruiz,26,Femenino,Lima,Nuevo,2023-10-21,crisol,2025-11-09
191130376,Luis,Rodríguez,54,Femenino,Cajamarca,Nuevo,2023-07-12,crisol,2025-11-09
292916147,Javier,López,29,Femenino,Pucallpa,Recurrente,2023-09-28,crisol,2025-11-09
99226690,Lucía,Gonzales,55,Femenino,Cusco,Recurrente,2024-06-19,crisol,2025-11-09
482832859,Rosa,Salazar,61,Masculino,Lima,Recurrente,2024-08-22,crisol,2025-11-09
414121491,Carlos,Díaz,54,Masculino,Ayacucho,Nuevo,2023-10-23,crisol,2025-11-09
222744472,Sofía,Ruiz,50,Otro,Ayacucho,Recurrente,2023-04-03,crisol,2025-11-09
551122099,Diego,López,34,Masculino,Chiclayo,Nuevo,2023-04-29,crisol,2025-11-09
555156538,Andrés,Salazar,29,Femenino,Huánuco,Nuevo,2023-11-27,crisol,2025-11-09
399735559,Valeria,Ramos,60,Otro,Lima,Nuevo,2023-04-18,crisol,2025-11-09
675890502,Sofía,Vásquez,18,Masculino,Cajamarca,Nuevo,2023-12-11,crisol,2025-11-09
695657256,Javier,García,29,Femenino,Pucallpa,Nuevo,2024-07-13,crisol,2025-11-09
199888553,Diego,Pérez,46,Otro,Chiclayo,Nuevo,2024-03-21,crisol,2025-11-09
784856806,José,Torres,33,Femenino,Ayacucho,Nuevo,2023-12-12,crisol,2025-11-09
518142267,Andrés,Ramos,37,Masculino,Ica,Recurrente,2024-06-03,crisol,2025-11-09
115808760,José,Ramos,67,Femenino,Piura,Nuevo,2023-01-30,crisol,2025-11-09
176121538,Pedro,Rodríguez,37,Otro,Ayacucho,Recurrente,2023-07-23,crisol,2025-11-09
609872762,Diego,Rodríguez,26,Otro,Cusco,Recurrente,2023-02-25,crisol,2025-11-09
97064811,Luis,Flores,67,Masculino,Trujillo,Nuevo,2024-02-10,crisol,2025-11-09
177534709,Lucía,Pérez,60,Masculino,Ica,Recurrente,2023-11-05,crisol,2025-11-09
330204342,María,Rodríguez,33,Masculino,Cajamarca,Nuevo,2023-09-08,crisol,2025-11-09
165504351,Andrés,Díaz,67,Femenino,Lima,Nuevo,2023-12-19,crisol,2025-11-09
107281279,Lucía,Díaz,61,Femenino,Ayacucho,Nuevo,2024-04-28,crisol,2025-11-09
717728605,José,Vásquez,47,Otro,Ica,Recurrente,2023-04-09,crisol,2025-11-09
416154320,Carlos,Gonzales,66,Masculino,Cajamarca,Recurrente,2023-10-17,crisol,2025-11-09
880243961,Andrés,Ruiz,45,Otro,Cajamarca,Nuevo,2023-12-22,crisol,2025-11-09
524318145,Andrés,Ruiz,55,Masculino,Ica,Recurrente,2023-07-02,crisol,2025-11-09
824466143,Ana,Gonzales,41,Femenino,Arequipa,Recurrente,2024-02-12,crisol,2025-11-09
982029247,María,Salazar,32,Masculino,Chiclayo,Nuevo,2023-08-05,crisol,2025-11-09
324203372,José,García,39,Femenino,Tacna,Nuevo,2023-06-04,crisol,2025-11-09
305977902,Luis,Ramos,61,Femenino,Lima,Nuevo,2024-03-07,crisol,2025-11-09
192755937,Carlos,Ramos,61,Otro,Huancayo,Nuevo,2023-03-26,crisol,2025-11-09
371822692,Andrés,Ruiz,24,Otro,Cajamarca,Recurrente,2023-01-13,crisol,2025-11-09
172747645,Sofía,Rodríguez,54,Otro,Cajamarca,Recurrente,2023-01-12,crisol,2025-11-09
521988185,Andrés,Salazar,43,Femenino,Trujillo,Nuevo,2024-03-11,crisol,2025-11-09
277722302,Camila,Salazar,25,Otro,Trujillo,Recurrente,2024-04-06,crisol,2025-11-09
539084522,Sofía,Flores,48,Otro,Cusco,Recurrente,2024-01-09,crisol,2025-11-09
119907046,Diego,Rodríguez,45,Otro,Trujillo,Nuevo,2023-03-23,crisol,2025-11-09
161477051,Juan,Gonzales,63,Otro,Pucallpa,Nuevo,2024-04-10,crisol,2025-11-09
466957486,Juan,Torres,36,Masculino,Huancayo,Recurrente,2024-04-16,crisol,2025-11-09
394175052,Juan,Herrera,56,Otro,Cusco,Nuevo,2023-12-12,crisol,2025-11-09
724771740,Luis,Flores,70,Masculino,Arequipa,Nuevo,2023-10-28,crisol,2025-11-09
383202737,José,Pérez,46,Femenino,Pucallpa,Recurrente,2023-04-25,crisol,2025-11-09
383588343,Camila,Pérez,52,Otro,Cajamarca,Nuevo,2023-03-28,crisol,2025-11-09
574435989,María,Rodríguez,64,Masculino,Tacna,Nuevo,2023-10-09,crisol,2025-11-09
370855688,Lucía,Ruiz,57,Masculino,Ayacucho,Recurrente,2024-08-05,crisol,2025-11-09
492224271,Juan,García,38,Femenino,Lima,Nuevo,2023-04-14,crisol,2025-11-09
410075954,Pedro,Ruiz,23,Femenino,Tacna,Recurrente,2024-03-08,crisol,2025-11-09
430290856,Juan,Rodríguez,65,Femenino,Ayacucho,Recurrente,2023-03-23,crisol,2025-11-09
898564400,Javier,Ramos,25,Masculino,Piura,Nuevo,2023-11-07,crisol,2025-11-09
660975575,Pedro,Díaz,68,Masculino,Ayacucho,Recurrente,2024-01-19,crisol,2025-11-09
615614860,Lucía,López,66,Femenino,Pucallpa,Recurrente,2023-07-10,crisol,2025-11-09
297269519,Pedro,Salazar,20,Otro,Cajamarca,Recurrente,2023-10-19,crisol,2025-11-09
292787282,Juan,Ramos,31,Masculino,Trujillo,Nuevo,2023-05-13,crisol,2025-11-09
295030606,Luis,Torres,56,Otro,Cusco,Nuevo,2023-08-19,crisol,2025-11-09
19405653,Camila,Gonzales,32,Masculino,Piura,Nuevo,2024-04-16,crisol,2025-11-09
631268027,José,Salazar,56,Femenino,Arequipa,Nuevo,2024-07-25,crisol,2025-11-09
13493954,Sofía,Gonzales,38,Femenino,Chiclayo,Nuevo,2024-05-25,crisol,2025-11-09
226170181,Pedro,Ruiz,28,Otro,Cajamarca,Nuevo,2023-02-03,crisol,2025-11-09
709419607,Rosa,Castro,23,Otro,Chiclayo,Nuevo,2023-12-20,crisol,2025-11-09
89219358,Ana,Ruiz,51,Femenino,Pucallpa,Nuevo,2023-11-19,crisol,2025-11-09
484793554,Andrés,Torres,19,Masculino,Piura,Nuevo,2023-12-27,crisol,2025-11-09
606548633,José,Ramos,66,Masculino,Trujillo,Recurrente,2024-07-23,crisol,2025-11-09
798919770,Lucía,López,42,Otro,Huánuco,Nuevo,2023-05-07,crisol,2025-11-09
104131289,José,López,31,Masculino,Piura,Nuevo,2023-06-12,crisol,2025-11-09
823425368,Diego,Ruiz,43,Otro,Cajamarca,Nuevo,2023-08-11,crisol,2025-11-09
449017351,Javier,Castro,35,Femenino,Trujillo,Nuevo,2023-04-19,crisol,2025-11-09
713216442,Javier,Salazar,58,Otro,Cusco,Nuevo,2024-06-29,crisol,2025-11-09
421092945,Ana,Vásquez,43,Femenino,Trujillo,Nuevo,2024-04-05,crisol,2025-11-09
168542889,Javier,Vásquez,29,Femenino,Pucallpa,Nuevo,2023-12-09,crisol,2025-11-09
819195114,Lucía,Salazar,29,Otro,Huancayo,Nuevo,2024-03-04,crisol,2025-11-09
449113543,José,López,58,Masculino,Piura,Nuevo,2024-05-30,crisol,2025-11-09
86442457,Valeria,Castro,64,Femenino,Lima,Nuevo,2023-09-13,crisol,2025-11-09
178733850,Valeria,Salazar,48,Otro,Huancayo,Recurrente,2023-01-24,crisol,2025-11-09
797752993,Valeria,Herrera,68,Otro,Cajamarca,Nuevo,2023-07-17,crisol,2025-11-09
913012344,Javier,Rodríguez,47,Femenino,Ayacucho,Recurrente,2023-06-29,crisol,2025-11-09
506987486,Javier,Ruiz,30,Femenino,Huánuco,Nuevo,2023-02-01,crisol,2025-11-09
222272362,Valeria,Torres,47,Masculino,Tacna,Recurrente,2023-09-05,crisol,2025-11-09
855507623,Carlos,Torres,50,Otro,Huancayo,Recurrente,2023-12-06,crisol,2025-11-09
936394625,Javier,Herrera,28,Masculino,Chiclayo,Recurrente,2023-03-13,crisol,2025-11-09
7390903,Camila,Pérez,61,Otro,Cajamarca,Recurrente,2024-04-26,crisol,2025-11-09
925746887,José,García,68,Femenino,Pucallpa,Recurrente,2024-07-04,crisol,2025-11-09
129903401,Camila,Flores,56,Otro,Arequipa,Recurrente,2024-03-25,crisol,2025-11-09
516263188,Rosa,Ruiz,21,Femenino,Trujillo,Nuevo,2023-02-10,crisol,2025-11-09
390169075,José,Ruiz,50,Otro,Tacna,Nuevo,2023-05-08,crisol,2025-11-09
111264367,Carlos,Vásquez,34,Otro,Trujillo,Recurrente,2023-06-23,crisol,2025-11-09
393488269,José,Salazar,39,Masculino,Ica,Recurrente,2023-08-04,crisol,2025-11-09
284012987,María,Gonzales,59,Otro,Huancayo,Nuevo,2024-05-18,crisol,2025-11-09
807993378,Ana,Flores,34,Femenino,Pucallpa,Recurrente,2023-12-05,crisol,2025-11-09
845436339,Lucía,Ruiz,34,Otro,Pucallpa,Nuevo,2023-05-24,crisol,2025-11-09
158939532,Pedro,Martínez,19,Masculino,Cusco,Nuevo,2023-10-26,crisol,2025-11-09
329276598,Camila,Rodríguez,54,Otro,Pucallpa,Nuevo,2024-03-26,crisol,2025-11-09
722927518,Luis,Rodríguez,65,Otro,Huánuco,Nuevo,2023-10-27,crisol,2025-11-09
922502736,José,Martínez,58,Masculino,Lima,Recurrente,2024-08-20,crisol,2025-11-09
325297142,Carlos,Castro,18,Femenino,Cusco,Recurrente,2024-06-13,crisol,2025-11-09
435772358,Lucía,Castro,28,Femenino,Tacna,Nuevo,2024-05-28,crisol,2025-11-09
337473012,Pedro,Gonzales,42,Femenino,Tacna,Nuevo,2024-06-21,crisol,2025-11-09
517599918,Carlos,Torres,42,Masculino,Tacna,Recurrente,2023-12-17,crisol,2025-11-09
241404197,Luis,López,32,Masculino,Pucallpa,Recurrente,2023-05-03,crisol,2025-11-09
697928604,Ana,Gonzales,49,Femenino,Piura,Recurrente,2023-01-13,crisol,2025-11-09
901918577,Camila,Vásquez,70,Otro,Ica,Recurrente,2024-01-08,crisol,2025-11-09
713226657,Juan,Ramos,58,Masculino,Cusco,Nuevo,2023-10-05,crisol,2025-11-09
594084681,Pedro,Vásquez,65,Otro,Huancayo,Recurrente,2023-02-27,crisol,2025-11-09
479568368,Valeria,Díaz,33,Masculino,Pucallpa,Recurrente,2023-07-07,crisol,2025-11-09
740558696,Javier,Salazar,33,Masculino,Ayacucho,Recurrente,2023-07-01,crisol,2025-11-09
43199628,Valeria,Martínez,53,Femenino,Huancayo,Recurrente,2023-03-07,crisol,2025-11-09
972961450,Javier,Rodríguez,51,Femenino,Lima,Nuevo,2023-09-07,crisol,2025-11-09
628866304,Diego,Castro,48,Femenino,Huancayo,Nuevo,2023-02-22,crisol,2025-11-09
342371535,Diego,Salazar,22,Masculino,Chiclayo,Nuevo,2023-03-27,crisol,2025-11-09
511139557,Ana,García,52,Otro,Ica,Nuevo,2023-11-04,crisol,2025-11-09
611312655,Juan,Castro,45,Masculino,Ayacucho,Recurrente,2023-07-19,crisol,2025-11-09
632366865,Diego,Salazar,57,Femenino,Lima,Nuevo,2024-02-21,crisol,2025-11-09
645699103,Luis,Torres,58,Masculino,Cusco,Nuevo,2024-06-10,crisol,2025-11-09
304680363,Andrés,Martínez,34,Otro,Ica,Nuevo,2024-07-28,crisol,2025-11-09
540159008,Luis,Salazar,46,Masculino,Trujillo,Recurrente,2024-05-14,crisol,2025-11-09
6997884,Sofía,Herrera,50,Femenino,Chiclayo,Nuevo,2023-03-09,crisol,2025-11-09
816513883,José,Salazar,37,Masculino,Chiclayo,Nuevo,2024-07-05,crisol,2025-11-09
883214584,Carlos,López,67,Masculino,Trujillo,Nuevo,2023-11-11,crisol,2025-11-09
538781819,Luis,Gonzales,67,Otro,Chiclayo,Nuevo,2023-11-04,crisol,2025-11-09
995950833,Valeria,López,54,Otro,Huánuco,Nuevo,2023-07-16,crisol,2025-11-09
822912926,José,Flores,28,Masculino,Piura,Recurrente,2023-11-30,crisol,2025-11-09
554551457,Lucía,Salazar,56,Femenino,Trujillo,Recurrente,2023-08-23,crisol,2025-11-09
282238853,Lucía,Herrera,37,Femenino,Huánuco,Nuevo,2023-12-29,crisol,2025-11-09
890380314,Camila,Gonzales,46,Femenino,Cajamarca,Nuevo,2024-03-03,crisol,2025-11-09
6090827,Diego,Ramos,21,Femenino,Cusco,Recurrente,2023-05-24,crisol,2025-11-09
490581599,Diego,Martínez,19,Otro,Ica,Nuevo,2023-09-20,crisol,2025-11-09
316535751,Rosa,Gonzales,19,Femenino,Cajamarca,Recurrente,2023-11-30,crisol,2025-11-09
599221128,Pedro,Ruiz,30,Masculino,Piura,Nuevo,2023-10-08,crisol,2025-11-09
114712756,María,López,28,Femenino,Ayacucho,Nuevo,2024-04-26,crisol,2025-11-09
49392070,Diego,Salazar,42,Otro,Ayacucho,Nuevo,2023-10-14,crisol,2025-11-09
651444364,Valeria,Ramos,21,Masculino,Lima,Recurrente,2023-10-10,crisol,2025-11-09
577561127,Sofía,Torres,36,Masculino,Chiclayo,Nuevo,2023-03-17,crisol,2025-11-09
348478088,Diego,Ruiz,44,Masculino,Huánuco,Nuevo,2024-08-10,crisol,2025-11-09
214742250,Pedro,García,46,Masculino,Cusco,Nuevo,2023-09-24,crisol,2025-11-09
597724623,Pedro,Vásquez,36,Otro,Lima,Nuevo,2023-03-11,crisol,2025-11-09
934934197,Diego,Ruiz,63,Otro,Cusco,Recurrente,2024-01-05,crisol,2025-11-09
971847476,Diego,Torres,65,Masculino,Huánuco,Nuevo,2023-08-22,crisol,2025-11-09
494784193,Sofía,Gonzales,30,Otro,Ayacucho,Nuevo,2023-01-24,crisol,2025-11-09
150613697,María,Salazar,44,Femenino,Cajamarca,Recurrente,2023-02-19,crisol,2025-11-09
893003636,Pedro,Pérez,50,Femenino,Lima,Nuevo,2023-02-02,crisol,2025-11-09
541393037,Rosa,Flores,38,Otro,Chiclayo,Nuevo,2023-12-08,crisol,2025-11-09
681153731,María,Ruiz,22,Otro,Huancayo,Recurrente,2023-04-26,crisol,2025-11-09
570975568,Carlos,Flores,50,Masculino,Piura,Recurrente,2023-07-15,crisol,2025-11-09
807354368,María,Flores,61,Femenino,Pucallpa,Nuevo,2023-06-05,crisol,2025-11-09
698408604,Sofía,García,29,Otro,Piura,Nuevo,2024-06-24,crisol,2025-11-09
838713602,Camila,Ruiz,70,Femenino,Lima,Nuevo,2023-10-28,crisol,2025-11-09
6822504,Valeria,Vásquez,42,Masculino,Lima,Nuevo,2024-03-13,crisol,2025-11-09
161592689,Luis,Vásquez,32,Otro,Tacna,Recurrente,2024-06-29,crisol,2025-11-09
491508883,Andrés,Salazar,30,Otro,Cusco,Recurrente,2024-08-13,crisol,2025-11-09
163858136,Ana,Flores,27,Masculino,Pucallpa,Nuevo,2023-01-27,crisol,2025-11-09
572757561,Valeria,Vásquez,20,Masculino,Arequipa,Nuevo,2023-03-12,crisol,2025-11-09
351608619,Rosa,Gonzales,32,Otro,Ica,Nuevo,2023-06-17,crisol,2025-11-09
455571081,Luis,López,31,Femenino,Lima,Nuevo,2024-03-26,crisol,2025-11-09
132188463,Rosa,Ramos,19,Femenino,Ayacucho,Recurrente,2023-08-02,crisol,2025-11-09
408469182,Juan,Torres,46,Femenino,Ica,Nuevo,2024-01-25,crisol,2025-11-09
633740880,Rosa,García,23,Masculino,Arequipa,Recurrente,2024-06-12,crisol,2025-11-09
130678411,Carlos,Flores,31,Masculino,Chiclayo,Recurrente,2024-01-02,crisol,2025-11-09
804965545,Sofía,Ramos,30,Masculino,Huancayo,Recurrente,2024-01-04,crisol,2025-11-09
513225993,Luis,Díaz,25,Femenino,Lima,Nuevo,2024-03-06,crisol,2025-11-09
429827812,Rosa,García,40,Femenino,Pucallpa,Recurrente,2024-03-20,crisol,2025-11-09
910327074,Andrés,Martínez,32,Otro,Huancayo,Recurrente,2024-02-04,crisol,2025-11-09
940535366,Lucía,Pérez,35,Otro,Tacna,Recurrente,2023-02-16,crisol,2025-11-09
151113932,Rosa,López,29,Otro,Lima,Nuevo,2023-06-09,crisol,2025-11-09
150560468,Camila,Torres,66,Masculino,Lima,Nuevo,2023-08-03,crisol,2025-11-09
930230925,Camila,Salazar,36,Femenino,Piura,Nuevo,2023-06-11,crisol,2025-11-09
450154608,Carlos,Rodríguez,51,Masculino,Ayacucho,Recurrente,2023-07-05,crisol,2025-11-09
391988789,Javier,Herrera,25,Masculino,Lima,Nuevo,2023-11-10,crisol,2025-11-09
433420499,Andrés,Gonzales,34,Otro,Cusco,Nuevo,2023-01-27,crisol,2025-11-09
356033513,Juan,Herrera,48,Masculino,Ayacucho,Recurrente,2024-02-22,crisol,2025-11-09
49928404,Pedro,Ramos,66,Otro,Ayacucho,Nuevo,2023-06-11,crisol,2025-11-09
107497928,Juan,Gonzales,32,Masculino,Cajamarca,Recurrente,2023-04-26,crisol,2025-11-09
510767573,Lucía,Ramos,52,Femenino,Huánuco,Recurrente,2023-01-01,crisol,2025-11-09
334396365,Lucía,Torres,34,Masculino,Cusco,Recurrente,2024-01-10,crisol,2025-11-09
658858259,Andrés,Ruiz,24,Femenino,Chiclayo,Recurrente,2024-08-07,crisol,2025-11-09
210761670,Carlos,López,50,Masculino,Trujillo,Recurrente,2023-08-19,crisol,2025-11-09
707821273,María,Ruiz,24,Otro,Cajamarca,Nuevo,2023-04-18,crisol,2025-11-09
268197940,Ana,Martínez,29,Otro,Tacna,Nuevo,2024-04-18,crisol,2025-11-09
717642177,Valeria,Díaz,51,Otro,Pucallpa,Recurrente,2023-05-15,crisol,2025-11-09
352127200,José,Gonzales,60,Masculino,Piura,Recurrente,2023-02-05,crisol,2025-11-09
803090102,Javier,Flores,42,Otro,Lima,Recurrente,2023-07-06,crisol,2025-11-09
15377844,Carlos,Salazar,20,Masculino,Huánuco,Nuevo,2023-01-12,crisol,2025-11-09
614273453,Lucía,Torres,40,Masculino,Tacna,Recurrente,2024-08-14,crisol,2025-11-09
435570732,Lucía,López,47,Otro,Pucallpa,Nuevo,2023-05-01,crisol,2025-11-09
799895171,Luis,Salazar,67,Otro,Cusco,Nuevo,2023-07-10,crisol,2025-11-09
274109567,Sofía,Flores,49,Otro,Chiclayo,Recurrente,2023-12-17,crisol,2025-11-09
819554196,Pedro,Martínez,22,Femenino,Cajamarca,Recurrente,2024-07-10,crisol,2025-11-09
135536465,María,López,47,Masculino,Huancayo,Nuevo,2023-10-30,crisol,2025-11-09
135612785,Rosa,Gonzales,37,Femenino,Cajamarca,Nuevo,2023-03-26,crisol,2025-11-09
930899253,Pedro,Rodríguez,43,Otro,Ica,Nuevo,2023-08-16,crisol,2025-11-09
833128481,Juan,López,64,Otro,Cusco,Nuevo,2023-06-05,crisol,2025-11-09
604391021,Rosa,Díaz,51,Masculino,Trujillo,Nuevo,2024-07-06,crisol,2025-11-09
247415399,Camila,Díaz,28,Femenino,Huánuco,Nuevo,2023-06-19,crisol,2025-11-09
681726567,Andrés,Vásquez,57,Masculino,Trujillo,Recurrente,2024-07-07,crisol,2025-11-09
654623401,José,Vásquez,30,Femenino,Lima,Recurrente,2024-02-15,crisol,2025-11-09
318360616,José,Herrera,51,Femenino,Chiclayo,Nuevo,2023-05-20,crisol,2025-11-09
774755886,Luis,Pérez,22,Femenino,Ayacucho,Nuevo,2023-11-16,crisol,2025-11-09
224148755,Javier,Ruiz,57,Otro,Huancayo,Nuevo,2024-02-25,crisol,2025-11-09
150649491,Carlos,Torres,70,Masculino,Trujillo,Recurrente,2023-09-06,crisol,2025-11-09
420088892,Diego,Rodríguez,59,Femenino,Cajamarca,Nuevo,2023-09-12,crisol,2025-11-09
895853974,Sofía,García,32,Femenino,Huánuco,Recurrente,2023-05-07,crisol,2025-11-09
779513975,Camila,Castro,61,Masculino,Ica,Nuevo,2023-10-10,crisol,2025-11-09
816671494,Sofía,Pérez,58,Masculino,Arequipa,Nuevo,2023-04-16,crisol,2025-11-09
828561496,Andrés,Castro,48,Masculino,Tacna,Nuevo,2023-05-08,crisol,2025-11-09
581172939,Camila,Castro,47,Masculino,Huancayo,Recurrente,2023-12-16,crisol,2025-11-09
939776936,Luis,Pérez,42,Femenino,Huancayo,Recurrente,2024-03-12,crisol,2025-11-09
628115961,Carlos,Herrera,63,Otro,Trujillo,Nuevo,2023-10-26,crisol,2025-11-09
241198293,Pedro,García,23,Otro,Piura,Recurrente,2024-01-07,crisol,2025-11-09
259085951,Rosa,Vásquez,60,Femenino,Ayacucho,Recurrente,2024-03-07,crisol,2025-11-09
60830178,Andrés,García,67,Femenino,Ayacucho,Recurrente,2023-09-15,crisol,2025-11-09
687479760,Pedro,Gonzales,44,Otro,Pucallpa,Recurrente,2023-03-27,crisol,2025-11-09
13879306,María,Ruiz,69,Femenino,Ica,Nuevo,2023-08-15,crisol,2025-11-09
634672082,José,Salazar,35,Masculino,Trujillo,Recurrente,2024-05-14,crisol,2025-11-09
602015640,Valeria,Vásquez,54,Femenino,Piura,Nuevo,2024-01-27,crisol,2025-11-09
45205850,Valeria,García,55,Otro,Huancayo,Nuevo,2023-05-01,crisol,2025-11-09
820371691,Ana,Gonzales,55,Otro,Ayacucho,Recurrente,2024-03-07,crisol,2025-11-09
875404036,José,Ruiz,65,Masculino,Cusco,Recurrente,2024-03-26,crisol,2025-11-09
915078253,Lucía,Castro,51,Masculino,Cajamarca,Recurrente,2024-03-18,crisol,2025-11-09
718406683,Javier,Pérez,31,Otro,Huánuco,Nuevo,2023-12-03,crisol,2025-11-09
106090203,Luis,Herrera,44,Masculino,Ayacucho,Nuevo,2023-09-17,crisol,2025-11-09
385031934,Rosa,Salazar,40,Femenino,Ica,Nuevo,2023-02-18,crisol,2025-11-09
348442536,Lucía,Ruiz,58,Femenino,Trujillo,Recurrente,2023-08-03,crisol,2025-11-09
599660934,Diego,Vásquez,53,Otro,Cusco,Recurrente,2023-12-23,crisol,2025-11-09
838558242,Rosa,Rodríguez,49,Masculino,Cusco,Nuevo,2024-07-05,crisol,2025-11-09
794417896,Diego,Vásquez,32,Femenino,Pucallpa,Nuevo,2023-04-03,crisol,2025-11-09
686606073,José,Gonzales,57,Femenino,Tacna,Nuevo,2024-01-27,crisol,2025-11-09
217055967,Luis,Vásquez,63,Femenino,Cusco,Nuevo,2024-03-24,crisol,2025-11-09
961836702,Sofía,Flores,28,Masculino,Cusco,Nuevo,2023-07-14,crisol,2025-11-09
624753286,Luis,Herrera,50,Otro,Tacna,Nuevo,2024-07-27,crisol,2025-11-09
577946218,Carlos,Ramos,57,Otro,Huancayo,Nuevo,2023-04-03,crisol,2025-11-09
764145083,Valeria,Herrera,60,Femenino,Pucallpa,Nuevo,2023-12-15,crisol,2025-11-09
572119440,Sofía,Ramos,26,Femenino,Huancayo,Recurrente,2023-10-28,crisol,2025-11-09
658654741,Valeria,García,38,Masculino,Chiclayo,Recurrente,2023-09-09,crisol,2025-11-09
588396797,Carlos,Salazar,35,Masculino,Chiclayo,Nuevo,2023-08-13,crisol,2025-11-09
263444418,Javier,López,46,Otro,Trujillo,Nuevo,2023-01-13,crisol,2025-11-09
318679207,Ana,Pérez,57,Femenino,Chiclayo,Nuevo,2024-07-18,crisol,2025-11-09
609977378,Ana,Ramos,29,Otro,Piura,Nuevo,2024-08-12,crisol,2025-11-09
954131425,Javier,Ramos,65,Femenino,Ayacucho,Recurrente,2024-01-08,crisol,2025-11-09
862672189,Diego,Martínez,45,Femenino,Cusco,Recurrente,2023-08-29,crisol,2025-11-09
343763518,Pedro,Gonzales,22,Otro,Huánuco,Nuevo,2023-09-10,crisol,2025-11-09
854222908,Pedro,Castro,26,Masculino,Trujillo,Recurrente,2024-05-02,crisol,2025-11-09
574838329,Sofía,García,69,Otro,Ica,Recurrente,2024-07-21,crisol,2025-11-09
881625287,Ana,Torres,35,Otro,Lima,Nuevo,2024-03-24,crisol,2025-11-09
533792439,Valeria,Ramos,22,Masculino,Lima,Nuevo,2024-07-26,crisol,2025-11-09
698230228,Juan,Herrera,40,Femenino,Ayacucho,Nuevo,2023-12-29,crisol,2025-11-09
70236410,Camila,Martínez,54,Femenino,Ayacucho,Nuevo,2024-05-17,crisol,2025-11-09
462600220,Camila,Flores,26,Femenino,Ica,Recurrente,2023-11-14,crisol,2025-11-09
578097976,Camila,Salazar,37,Femenino,Ica,Nuevo,2024-06-04,crisol,2025-11-09
437165399,Carlos,Flores,52,Otro,Piura,Nuevo,2023-01-07,crisol,2025-11-09
654547044,Juan,Ruiz,66,Femenino,Piura,Nuevo,2023-03-14,crisol,2025-11-09
659116913,María,Díaz,44,Otro,Huánuco,Recurrente,2023-09-12,crisol,2025-11-09
645883049,Diego,Flores,29,Masculino,Lima,Recurrente,2024-05-21,crisol,2025-11-09
782400360,María,Gonzales,23,Masculino,Cajamarca,Nuevo,2024-02-01,crisol,2025-11-09
864269773,José,Ramos,62,Femenino,Huánuco,Recurrente,2023-07-07,crisol,2025-11-09
102932437,Luis,Gonzales,29,Otro,Cajamarca,Recurrente,2024-05-26,crisol,2025-11-09
97425423,Carlos,Martínez,43,Masculino,Ica,Nuevo,2023-03-25,crisol,2025-11-09
364771758,Lucía,Flores,24,Otro,Pucallpa,Nuevo,2023-03-04,crisol,2025-11-09
598212050,Juan,Salazar,41,Masculino,Huánuco,Nuevo,2024-06-25,crisol,2025-11-09
13506041,Juan,Gonzales,42,Femenino,Lima,Recurrente,2024-08-04,crisol,2025-11-09
604908241,Sofía,Vásquez,22,Masculino,Ica,Recurrente,2024-05-25,crisol,2025-11-09
195191987,Pedro,López,40,Masculino,Tacna,Recurrente,2024-01-19,crisol,2025-11-09
616311712,Carlos,Herrera,46,Otro,Trujillo,Nuevo,2023-06-02,crisol,2025-11-09
874413971,Rosa,Torres,19,Otro,Lima,Recurrente,2023-05-04,crisol,2025-11-09
866729585,Javier,Martínez,36,Masculino,Cusco,Recurrente,2024-06-14,crisol,2025-11-09
179728600,Javier,García,49,Masculino,Piura,Nuevo,2023-12-12,crisol,2025-11-09
488195070,Javier,Salazar,53,Femenino,Trujillo,Nuevo,2023-04-30,crisol,2025-11-09
718016609,Pedro,García,39,Masculino,Cusco,Nuevo,2024-05-17,crisol,2025-11-09
202228735,Diego,Ramos,20,Femenino,Lima,Recurrente,2024-05-06,crisol,2025-11-09
870705148,Rosa,Herrera,60,Otro,Trujillo,Recurrente,2023-04-12,crisol,2025-11-09
910290575,Pedro,García,60,Otro,Cusco,Recurrente,2024-07-30,crisol,2025-11-09
617494743,Camila,Díaz,51,Femenino,Trujillo,Nuevo,2023-07-25,crisol,2025-11-09
303398162,Sofía,Rodríguez,46,Masculino,Pucallpa,Recurrente,2024-03-12,crisol,2025-11-09
434047340,José,Ramos,23,Femenino,Lima,Nuevo,2023-11-26,crisol,2025-11-09
602640810,Lucía,Castro,42,Femenino,Chiclayo,Recurrente,2023-10-22,crisol,2025-11-09
827686082,Andrés,Ruiz,21,Otro,Lima,Nuevo,2023-04-02,crisol,2025-11-09
329767401,Javier,Castro,65,Otro,Arequipa,Nuevo,2023-11-18,crisol,2025-11-09
793771221,Juan,Díaz,19,Masculino,Pucallpa,Nuevo,2023-12-27,crisol,2025-11-09
577419345,Juan,Vásquez,70,Otro,Cajamarca,Recurrente,2024-06-20,crisol,2025-11-09
911843890,Carlos,Díaz,41,Otro,Ayacucho,Nuevo,2023-08-08,crisol,2025-11-09
105925419,Lucía,Rodríguez,32,Otro,Cusco,Nuevo,2023-07-28,crisol,2025-11-09
531797707,Ana,Castro,58,Otro,Lima,Nuevo,2024-01-26,crisol,2025-11-09
221222848,Javier,Ruiz,25,Femenino,Lima,Recurrente,2023-12-05,crisol,2025-11-09
190114308,José,Vásquez,32,Femenino,Cajamarca,Nuevo,2023-05-26,crisol,2025-11-09
642904674,Ana,Castro,60,Femenino,Cajamarca,Recurrente,2023-11-14,crisol,2025-11-09
219984231,Javier,Salazar,65,Femenino,Cajamarca,Recurrente,2024-03-01,crisol,2025-11-09
884285361,José,Ramos,35,Masculino,Trujillo,Nuevo,2023-01-11,crisol,2025-11-09
672739082,Camila,Ramos,20,Otro,Trujillo,Nuevo,2023-08-17,crisol,2025-11-09
75724946,Andrés,García,25,Masculino,Trujillo,Nuevo,2023-07-07,crisol,2025-11-09
576534618,Sofía,Rodríguez,65,Femenino,Tacna,Recurrente,2024-02-12,crisol,2025-11-09
305808958,Pedro,Martínez,36,Otro,Pucallpa,Nuevo,2023-05-03,crisol,2025-11-09
424027345,Rosa,Herrera,30,Masculino,Arequipa,Recurrente,2023-07-25,crisol,2025-11-09
136488723,Pedro,Pérez,48,Femenino,Huancayo,Nuevo,2023-02-08,crisol,2025-11-09
894528661,José,Rodríguez,23,Otro,Trujillo,Nuevo,2024-03-22,crisol,2025-11-09
660695708,Sofía,Torres,65,Masculino,Chiclayo,Nuevo,2023-02-12,crisol,2025-11-09
711758502,Javier,Díaz,67,Masculino,Trujillo,Nuevo,2023-11-22,crisol,2025-11-09
46984680,Valeria,Pérez,27,Femenino,Pucallpa,Recurrente,2023-12-25,crisol,2025-11-09
496106767,Ana,Herrera,59,Masculino,Cajamarca,Nuevo,2023-10-26,crisol,2025-11-09
542878064,María,López,29,Otro,Ica,Nuevo,2024-03-25,crisol,2025-11-09
27176053,Rosa,Torres,22,Masculino,Piura,Nuevo,2024-07-24,crisol,2025-11-09
172977662,Carlos,Díaz,38,Masculino,Huancayo,Recurrente,2024-02-24,crisol,2025-11-09
556249065,Pedro,Pérez,57,Otro,Huánuco,Recurrente,2023-11-26,crisol,2025-11-09
397684067,Juan,Rodríguez,24,Otro,Ica,Nuevo,2023-01-04,crisol,2025-11-09
604207045,Juan,Vásquez,42,Otro,Huancayo,Recurrente,2023-02-06,crisol,2025-11-09
605202509,Pedro,García,19,Otro,Chiclayo,Recurrente,2024-01-31,crisol,2025-11-09
303298186,Andrés,Castro,42,Femenino,Ayacucho,Nuevo,2024-05-17,crisol,2025-11-09
657783372,Luis,Gonzales,58,Femenino,Chiclayo,Recurrente,2023-06-06,crisol,2025-11-09
487718440,Pedro,Herrera,41,Masculino,Huánuco,Nuevo,2023-06-28,crisol,2025-11-09
417096917,Luis,Herrera,28,Femenino,Ayacucho,Nuevo,2023-11-04,crisol,2025-11-09
154601401,Juan,Torres,44,Otro,Arequipa,Recurrente,2024-02-16,crisol,2025-11-09
134243734,Rosa,Salazar,40,Masculino,Cajamarca,Nuevo,2024-03-03,crisol,2025-11-09
494545663,Camila,Torres,46,Femenino,Chiclayo,Nuevo,2023-11-30,crisol,2025-11-09
714439275,José,Rodríguez,64,Otro,Ica,Nuevo,2023-07-15,crisol,2025-11-09
610300456,Ana,Vásquez,64,Otro,Trujillo,Recurrente,2024-04-19,crisol,2025-11-09
588631184,Rosa,Flores,68,Femenino,Cusco,Recurrente,2023-08-07,crisol,2025-11-09
421797528,Carlos,Torres,24,Otro,Tacna,Nuevo,2024-02-27,crisol,2025-11-09
54638116,Ana,López,39,Otro,Huánuco,Recurrente,2024-06-13,crisol,2025-11-09
463624345,Carlos,Torres,19,Otro,Ica,Nuevo,2023-06-26,crisol,2025-11-09
293475095,Camila,Salazar,54,Masculino,Tacna,Nuevo,2023-07-22,crisol,2025-11-09
161794917,José,Gonzales,47,Masculino,Ayacucho,Nuevo,2024-05-13,crisol,2025-11-09
339532843,Valeria,Herrera,66,Otro,Arequipa,Recurrente,2023-02-06,crisol,2025-11-09
726052853,María,Flores,22,Masculino,Lima,Nuevo,2023-02-24,crisol,2025-11-09
355954685,Rosa,García,38,Femenino,Ica,Recurrente,2023-08-07,crisol,2025-11-09
330242008,Rosa,García,41,Otro,Cusco,Nuevo,2024-04-02,crisol,2025-11-09
510121136,Sofía,Ruiz,29,Femenino,Pucallpa,Nuevo,2024-07-29,crisol,2025-11-09
171597258,Javier,Herrera,27,Masculino,Cajamarca,Nuevo,2024-02-24,crisol,2025-11-09
169952308,Pedro,Díaz,58,Femenino,Ayacucho,Recurrente,2023-09-13,crisol,2025-11-09
121719840,Andrés,Rodríguez,46,Masculino,Trujillo,Nuevo,2024-01-26,crisol,2025-11-09
507679187,José,Torres,28,Masculino,Piura,Recurrente,2024-01-07,crisol,2025-11-09
999591552,Lucía,Castro,54,Masculino,Chiclayo,Recurrente,2024-05-18,crisol,2025-11-09
721298658,Valeria,Gonzales,39,Masculino,Cusco,Nuevo,2023-05-19,crisol,2025-11-09
670048289,Luis,Salazar,43,Masculino,Huancayo,Recurrente,2023-07-21,crisol,2025-11-09
680991511,Sofía,Martínez,63,Masculino,Cusco,Recurrente,2024-05-21,crisol,2025-11-09
17132120,Valeria,Herrera,55,Femenino,Huánuco,Nuevo,2023-09-16,crisol,2025-11-09
206183282,Pedro,Martínez,51,Masculino,Chiclayo,Nuevo,2023-06-20,crisol,2025-11-09
55846463,Andrés,López,62,Femenino,Pucallpa,Nuevo,2024-03-19,crisol,2025-11-09
362407010,Juan,Martínez,65,Otro,Chiclayo,Recurrente,2023-12-07,crisol,2025-11-09
591926077,Juan,Rodríguez,57,Masculino,Ayacucho,Nuevo,2023-11-06,crisol,2025-11-09
408742503,Ana,Herrera,48,Femenino,Cajamarca,Nuevo,2023-10-04,crisol,2025-11-09
748243535,José,Gonzales,41,Otro,Trujillo,Nuevo,2023-12-17,crisol,2025-11-09
142099130,Sofía,Ruiz,34,Otro,Ica,Nuevo,2023-10-01,crisol,2025-11-09
89449266,Javier,Torres,60,Masculino,Trujillo,Recurrente,2023-11-23,crisol,2025-11-09
925006182,Pedro,Herrera,25,Masculino,Trujillo,Nuevo,2023-04-20,crisol,2025-11-09
260877421,María,Rodríguez,41,Masculino,Huánuco,Nuevo,2023-08-31,crisol,2025-11-09
836312468,María,Vásquez,22,Masculino,Ayacucho,Nuevo,2023-12-16,crisol,2025-11-09
934326749,Javier,Castro,22,Masculino,Piura,Recurrente,2024-04-16,crisol,2025-11-09
677534218,Rosa,Gonzales,68,Otro,Huancayo,Recurrente,2023-02-27,crisol,2025-11-09
756072762,Carlos,López,65,Masculino,Huánuco,Nuevo,2023-04-04,crisol,2025-11-09
4124388,José,Flores,61,Masculino,Ica,Nuevo,2023-03-23,crisol,2025-11-09
415431734,Sofía,Salazar,51,Masculino,Chiclayo,Recurrente,2024-05-22,crisol,2025-11-09
650105387,Camila,Rodríguez,48,Femenino,Ayacucho,Recurrente,2023-03-04,crisol,2025-11-09
475148289,Carlos,Díaz,18,Masculino,Huánuco,Recurrente,2023-09-27,crisol,2025-11-09
154503687,Javier,Díaz,54,Masculino,Ayacucho,Nuevo,2023-03-19,crisol,2025-11-09
202076618,Carlos,Vásquez,38,Masculino,Huánuco,Nuevo,2023-10-31,crisol,2025-11-09
645913649,José,Díaz,58,Femenino,Ica,Nuevo,2023-12-20,crisol,2025-11-09
789676079,Ana,Díaz,18,Otro,Tacna,Nuevo,2023-06-15,crisol,2025-11-09
69420993,Juan,García,49,Femenino,Ayacucho,Nuevo,2024-03-16,crisol,2025-11-09
85847386,Andrés,Flores,63,Femenino,Lima,Recurrente,2023-04-01,crisol,2025-11-09
341877303,Valeria,Flores,41,Otro,Tacna,Recurrente,2023-03-09,crisol,2025-11-09
611175063,Luis,Ruiz,38,Femenino,Cusco,Recurrente,2024-05-06,crisol,2025-11-09
397760560,Lucía,Martínez,66,Femenino,Cusco,Nuevo,2023-07-14,crisol,2025-11-09
244932992,Valeria,Rodríguez,20,Otro,Cusco,Nuevo,2024-04-17,crisol,2025-11-09
348287242,Javier,Flores,43,Femenino,Chiclayo,Nuevo,2023-05-26,crisol,2025-11-09
792270274,Diego,Ramos,44,Masculino,Huánuco,Recurrente,2024-01-26,crisol,2025-11-09
934424366,Andrés,Rodríguez,43,Femenino,Lima,Nuevo,2023-06-26,crisol,2025-11-09
162176514,Valeria,Rodríguez,31,Masculino,Lima,Nuevo,2023-06-03,crisol,2025-11-09
290866008,Sofía,López,19,Femenino,Cajamarca,Nuevo,2024-07-16,crisol,2025-11-09
298145460,Ana,López,49,Otro,Ayacucho,Nuevo,2024-03-21,crisol,2025-11-09
914395409,Carlos,Torres,60,Masculino,Cusco,Recurrente,2023-03-10,crisol,2025-11-09
347121938,Camila,Torres,56,Femenino,Huánuco,Nuevo,2024-05-21,crisol,2025-11-09
862882603,Ana,Ramos,49,Masculino,Pucallpa,Recurrente,2023-12-13,crisol,2025-11-09
676950239,Luis,Salazar,57,Femenino,Piura,Nuevo,2023-05-13,crisol,2025-11-09
568693102,Luis,Gonzales,64,Femenino,Trujillo,Recurrente,2023-05-12,crisol,2025-11-09
396820123,Valeria,Torres,22,Masculino,Chiclayo,Nuevo,2023-09-10,crisol,2025-11-09
224901650,Sofía,Ruiz,32,Femenino,Tacna,Recurrente,2024-05-02,crisol,2025-11-09
844826660,Luis,Díaz,39,Otro,Trujillo,Nuevo,2023-07-19,crisol,2025-11-09
968360311,Carlos,Gonzales,68,Otro,Piura,Recurrente,2023-08-23,crisol,2025-11-09
760321828,Valeria,Castro,33,Masculino,Chiclayo,Nuevo,2023-01-20,crisol,2025-11-09
336575164,Pedro,Herrera,24,Femenino,Trujillo,Nuevo,2023-11-26,crisol,2025-11-09
87303446,Pedro,Torres,47,Otro,Ayacucho,Nuevo,2024-04-05,crisol,2025-11-09
418304557,Diego,López,68,Femenino,Ayacucho,Nuevo,2023-03-02,crisol,2025-11-09
508681898,Ana,López,58,Masculino,Cusco,Nuevo,2024-05-09,crisol,2025-11-09
603311806,Carlos,Flores,35,Femenino,Chiclayo,Recurrente,2024-07-03,crisol,2025-11-09
214811006,Rosa,Flores,59,Masculino,Piura,Recurrente,2023-10-30,crisol,2025-11-09
787503642,Juan,Ruiz,30,Otro,Trujillo,Nuevo,2023-09-12,crisol,2025-11-09
849017651,José,Ramos,62,Masculino,Pucallpa,Nuevo,2023-05-28,crisol,2025-11-09
317938579,Juan,Pérez,59,Otro,Trujillo,Nuevo,2024-01-13,crisol,2025-11-09
499224960,Diego,Herrera,27,Femenino,Tacna,Nuevo,2023-06-10,crisol,2025-11-09
637636286,Lucía,Flores,38,Masculino,Pucallpa,Nuevo,2023-07-22,crisol,2025-11-09
758380341,Valeria,Torres,36,Masculino,Piura,Nuevo,2023-01-18,crisol,2025-11-09
133052656,Juan,Vásquez,38,Otro,Chiclayo,Nuevo,2023-11-19,crisol,2025-11-09
893143108,Camila,Ramos,53,Masculino,Tacna,Nuevo,2023-11-28,crisol,2025-11-09
424705373,Carlos,Gonzales,57,Masculino,Tacna,Nuevo,2024-08-02,crisol,2025-11-09
812276430,Valeria,Pérez,50,Masculino,Ayacucho,Recurrente,2023-05-16,crisol,2025-11-09
533302455,María,Herrera,22,Masculino,Huánuco,Nuevo,2023-06-17,crisol,2025-11-09
766494676,Ana,García,66,Femenino,Cusco,Nuevo,2024-02-27,crisol,2025-11-09
368908800,Diego,García,49,Femenino,Arequipa,Nuevo,2024-03-02,crisol,2025-11-09
689147591,Diego,Ramos,62,Masculino,Arequipa,Recurrente,2023-08-01,crisol,2025-11-09
481571218,Carlos,García,66,Femenino,Ica,Nuevo,2024-07-25,crisol,2025-11-09
26011615,Juan,Salazar,62,Masculino,Chiclayo,Nuevo,2023-08-13,crisol,2025-11-09
814462961,Ana,Rodríguez,26,Otro,Cusco,Nuevo,2024-02-10,crisol,2025-11-09
20675681,Pedro,Flores,36,Femenino,Lima,Recurrente,2024-02-29,crisol,2025-11-09
590591380,María,Pérez,30,Otro,Lima,Nuevo,2024-08-19,crisol,2025-11-09
527706578,Juan,Gonzales,62,Masculino,Piura,Recurrente,2024-06-05,crisol,2025-11-09
964841818,Rosa,Rodríguez,43,Masculino,Huánuco,Nuevo,2023-10-16,crisol,2025-11-09
285235995,Pedro,Gonzales,50,Femenino,Huánuco,Recurrente,2023-09-20,crisol,2025-11-09
359151333,Ana,Gonzales,34,Femenino,Huancayo,Recurrente,2024-04-07,crisol,2025-11-09
30942528,Lucía,Castro,59,Otro,Arequipa,Recurrente,2023-07-29,crisol,2025-11-09
198461891,María,Pérez,42,Masculino,Ayacucho,Recurrente,2023-07-30,crisol,2025-11-09
214901516,Diego,Castro,65,Otro,Pucallpa,Recurrente,2023-08-08,crisol,2025-11-09
952035496,Valeria,Vásquez,37,Femenino,Chiclayo,Nuevo,2023-08-24,crisol,2025-11-09
608646894,Javier,Herrera,34,Masculino,Arequipa,Nuevo,2023-01-13,crisol,2025-11-09
232383018,Rosa,Rodríguez,39,Masculino,Chiclayo,Recurrente,2024-02-02,crisol,2025-11-09
773061127,Sofía,Torres,43,Otro,Trujillo,Nuevo,2024-05-18,crisol,2025-11-09
515584596,Pedro,Castro,36,Otro,Ica,Nuevo,2023-04-20,crisol,2025-11-09
949630539,Juan,Vásquez,19,Otro,Lima,Recurrente,2023-10-08,crisol,2025-11-09
998751087,Juan,Martínez,46,Femenino,Ayacucho,Nuevo,2023-06-13,crisol,2025-11-09
104402785,Juan,Gonzales,31,Otro,Ica,Recurrente,2024-01-17,crisol,2025-11-09
81711216,Luis,Ramos,59,Masculino,Pucallpa,Recurrente,2023-05-03,crisol,2025-11-09
324323843,Carlos,Martínez,47,Masculino,Huancayo,Recurrente,2023-02-01,crisol,2025-11-09
945204796,Javier,Herrera,48,Masculino,Lima,Nuevo,2023-08-29,crisol,2025-11-09
488815143,Rosa,Herrera,55,Otro,Arequipa,Nuevo,2023-01-24,crisol,2025-11-09
754708138,Valeria,Torres,22,Otro,Ayacucho,Nuevo,2023-03-08,crisol,2025-11-09
426854182,Andrés,Ramos,19,Masculino,Chiclayo,Nuevo,2024-04-21,crisol,2025-11-09
442837170,Carlos,Pérez,54,Masculino,Tacna,Nuevo,2023-10-15,crisol,2025-11-09
762251199,Luis,Ruiz,48,Masculino,Trujillo,Nuevo,2023-10-06,crisol,2025-11-09
936293818,Ana,López,62,Femenino,Trujillo,Nuevo,2023-02-15,crisol,2025-11-09
937935910,Valeria,Vásquez,45,Otro,Ayacucho,Nuevo,2023-08-26,crisol,2025-11-09
768336705,Rosa,Ruiz,21,Femenino,Cusco,Nuevo,2024-01-12,crisol,2025-11-09
489902736,Rosa,Torres,52,Masculino,Cusco,Recurrente,2024-01-16,crisol,2025-11-09
779749812,Pedro,Díaz,27,Femenino,Ayacucho,Recurrente,2024-02-21,crisol,2025-11-09
186791061,Valeria,Ramos,41,Femenino,Cusco,Recurrente,2023-06-01,crisol,2025-11-09
874270101,Andrés,Flores,49,Otro,Arequipa,Nuevo,2024-03-18,crisol,2025-11-09
92820212,Valeria,Martínez,26,Femenino,Cusco,Recurrente,2024-04-06,crisol,2025-11-09
809282771,Pedro,Vásquez,61,Masculino,Lima,Nuevo,2023-05-29,crisol,2025-11-09
642948606,Sofía,Díaz,58,Otro,Huánuco,Recurrente,2024-08-10,crisol,2025-11-09
149809853,Rosa,Flores,31,Otro,Cajamarca,Nuevo,2024-03-05,crisol,2025-11-09
945669143,María,Díaz,52,Masculino,Arequipa,Nuevo,2023-01-05,crisol,2025-11-09
273500468,Javier,Díaz,60,Masculino,Ayacucho,Nuevo,2023-12-09,crisol,2025-11-09
525253023,María,Gonzales,64,Femenino,Arequipa,Recurrente,2024-06-19,crisol,2025-11-09
705332300,Rosa,Ramos,32,Otro,Cusco,Recurrente,2023-04-19,crisol,2025-11-09
242466812,Andrés,Salazar,47,Masculino,Ayacucho,Recurrente,2023-07-12,crisol,2025-11-09
769015924,Juan,Herrera,68,Otro,Trujillo,Nuevo,2023-05-28,crisol,2025-11-09
983379681,María,Ruiz,37,Masculino,Trujillo,Nuevo,2023-08-03,crisol,2025-11-09
581932510,Andrés,García,70,Masculino,Lima,Nuevo,2023-10-30,crisol,2025-11-09
130003868,Ana,Rodríguez,70,Otro,Huancayo,Nuevo,2024-04-08,crisol,2025-11-09
127724737,José,Gonzales,60,Femenino,Lima,Recurrente,2023-11-04,crisol,2025-11-09
368475537,José,Gonzales,31,Femenino,Cajamarca,Recurrente,2024-05-04,crisol,2025-11-09
682061852,Valeria,Castro,20,Otro,Chiclayo,Recurrente,2024-05-26,crisol,2025-11-09
343202087,Sofía,Pérez,34,Otro,Chiclayo,Recurrente,2024-01-28,crisol,2025-11-09
808439501,Pedro,Flores,24,Femenino,Ayacucho,Nuevo,2023-12-26,crisol,2025-11-09
735350127,Lucía,Pérez,42,Masculino,Chiclayo,Recurrente,2023-03-30,crisol,2025-11-09
509889702,Luis,Díaz,23,Masculino,Ica,Recurrente,2023-04-07,crisol,2025-11-09
488215591,José,Ruiz,39,Masculino,Piura,Recurrente,2023-02-05,crisol,2025-11-09
346681717,Luis,Díaz,67,Otro,Chiclayo,Nuevo,2024-02-25,crisol,2025-11-09
101955830,Juan,Salazar,26,Otro,Tacna,Recurrente,2024-06-02,crisol,2025-11-09
477203049,María,Díaz,29,Femenino,Pucallpa,Recurrente,2024-02-02,crisol,2025-11-09
860397564,Javier,Díaz,59,Otro,Lima,Nuevo,2023-05-01,crisol,2025-11-09
749704323,Pedro,Torres,29,Femenino,Pucallpa,Recurrente,2023-02-10,crisol,2025-11-09
311692921,Valeria,Gonzales,45,Masculino,Tacna,Nuevo,2023-03-20,crisol,2025-11-09
213806776,Lucía,Torres,33,Masculino,Cajamarca,Recurrente,2023-06-30,crisol,2025-11-09
829425473,José,Pérez,37,Masculino,Ica,Nuevo,2024-08-20,crisol,2025-11-09
907889967,Lucía,López,63,Femenino,Trujillo,Recurrente,2023-04-29,crisol,2025-11-09
109025300,Carlos,Rodríguez,26,Otro,Piura,Nuevo,2024-03-24,crisol,2025-11-09
532732347,Sofía,Flores,62,Femenino,Lima,Recurrente,2024-01-13,crisol,2025-11-09
681645666,Pedro,García,44,Femenino,Lima,Nuevo,2024-07-24,crisol,2025-11-09
753818040,José,García,22,Masculino,Pucallpa,Recurrente,2024-01-02,crisol,2025-11-09
509625271,José,Díaz,33,Masculino,Huancayo,Nuevo,2023-03-30,crisol,2025-11-09
612484480,Carlos,Salazar,30,Femenino,Tacna,Recurrente,2024-01-18,crisol,2025-11-09
598469846,Luis,Torres,22,Otro,Huánuco,Nuevo,2023-04-29,crisol,2025-11-09
600937421,Juan,López,30,Masculino,Pucallpa,Nuevo,2024-02-05,crisol,2025-11-09
12019056,Sofía,Pérez,50,Masculino,Huancayo,Nuevo,2023-09-30,crisol,2025-11-09
628754062,Pedro,Pérez,37,Masculino,Cusco,Recurrente,2024-05-06,crisol,2025-11-09
860309110,Ana,López,60,Femenino,Chiclayo,Nuevo,2023-04-12,crisol,2025-11-09
185132385,José,Díaz,58,Otro,Arequipa,Recurrente,2023-03-14,crisol,2025-11-09
156886986,Andrés,Rodríguez,50,Masculino,Trujillo,Nuevo,2024-06-09,crisol,2025-11-09
77943017,Valeria,Rodríguez,33,Otro,Trujillo,Nuevo,2024-01-06,crisol,2025-11-09
241959177,Rosa,Martínez,44,Masculino,Trujillo,Nuevo,2023-11-25,crisol,2025-11-09
838197230,José,Pérez,30,Otro,Ayacucho,Recurrente,2024-02-05,crisol,2025-11-09
482999503,Valeria,Vásquez,32,Otro,Huánuco,Nuevo,2024-06-05,crisol,2025-11-09
954281756,José,Salazar,66,Otro,Huánuco,Nuevo,2024-06-17,crisol,2025-11-09
308837864,Lucía,Flores,22,Femenino,Piura,Nuevo,2023-03-09,crisol,2025-11-09
603106474,María,Ruiz,67,Masculino,Trujillo,Recurrente,2024-01-14,crisol,2025-11-09
297844637,José,Martínez,47,Otro,Trujillo,Recurrente,2023-12-16,crisol,2025-11-09
325877298,Rosa,Díaz,56,Femenino,Pucallpa,Recurrente,2024-04-26,crisol,2025-11-09
549154475,Lucía,Ramos,66,Otro,Piura,Recurrente,2024-08-10,crisol,2025-11-09
147389687,Lucía,Gonzales,23,Otro,Chiclayo,Recurrente,2024-06-29,crisol,2025-11-09
555121927,Valeria,Salazar,22,Femenino,Tacna,Nuevo,2023-10-05,crisol,2025-11-09
939257290,Luis,Castro,50,Masculino,Cusco,Recurrente,2023-11-28,crisol,2025-11-09
974117514,Ana,Castro,30,Femenino,Pucallpa,Nuevo,2023-12-10,crisol,2025-11-09
555845816,Andrés,Ramos,35,Femenino,Piura,Nuevo,2023-07-12,crisol,2025-11-09
824970932,Valeria,Herrera,68,Masculino,Trujillo,Recurrente,2023-10-30,crisol,2025-11-09
203974495,Andrés,Salazar,41,Otro,Arequipa,Nuevo,2023-07-29,crisol,2025-11-09
856878875,Lucía,Castro,51,Masculino,Huancayo,Recurrente,2023-10-26,crisol,2025-11-09
685686551,Ana,López,56,Otro,Cusco,Nuevo,2024-05-23,crisol,2025-11-09
402651705,Ana,Ramos,48,Otro,Pucallpa,Recurrente,2024-04-15,crisol,2025-11-09
577038107,Sofía,Rodríguez,34,Otro,Huancayo,Nuevo,2024-01-21,crisol,2025-11-09
873075072,Pedro,Ramos,18,Masculino,Ica,Recurrente,2023-09-18,crisol,2025-11-09
996223794,Lucía,Torres,53,Otro,Pucallpa,Nuevo,2024-03-06,crisol,2025-11-09
213878650,Luis,Pérez,45,Otro,Chiclayo,Nuevo,2024-05-02,crisol,2025-11-09
469410109,José,Gonzales,25,Masculino,Huánuco,Nuevo,2023-02-25,crisol,2025-11-09
44060578,Rosa,García,35,Masculino,Arequipa,Nuevo,2023-05-11,crisol,2025-11-09
841674691,María,Herrera,65,Otro,Cajamarca,Nuevo,2024-08-03,crisol,2025-11-09
64295540,Juan,García,39,Otro,Ayacucho,Nuevo,2024-03-16,crisol,2025-11-09
258428472,Ana,López,57,Otro,Piura,Recurrente,2024-07-19,crisol,2025-11-09
379622962,Rosa,López,27,Masculino,Arequipa,Nuevo,2023-08-14,crisol,2025-11-09
184514302,Diego,Vásquez,42,Masculino,Arequipa,Recurrente,2023-06-14,crisol,2025-11-09
97901362,Valeria,Ruiz,57,Femenino,Trujillo,Nuevo,2023-04-08,crisol,2025-11-09
264347668,Rosa,Ramos,32,Masculino,Chiclayo,Recurrente,2023-06-27,crisol,2025-11-09
985292914,Ana,Martínez,24,Masculino,Ica,Recurrente,2024-03-21,crisol,2025-11-09
622381103,Rosa,Castro,42,Femenino,Ica,Nuevo,2023-03-25,crisol,2025-11-09
438660699,Camila,Torres,46,Masculino,Ayacucho,Recurrente,2024-01-25,crisol,2025-11-09
24724610,Pedro,Flores,35,Masculino,Tacna,Nuevo,2024-06-20,crisol,2025-11-09
367529733,Sofía,Pérez,49,Otro,Piura,Nuevo,2024-03-28,crisol,2025-11-09
651282333,Ana,Gonzales,27,Otro,Huancayo,Recurrente,2024-01-22,crisol,2025-11-09
180798420,Diego,Ramos,31,Masculino,Cusco,Nuevo,2023-10-08,crisol,2025-11-09
267110093,Camila,Martínez,32,Femenino,Piura,Recurrente,2023-01-25,crisol,2025-11-09
737115354,Javier,Castro,33,Otro,Ayacucho,Nuevo,2023-01-23,crisol,2025-11-09
417545848,Valeria,Gonzales,41,Femenino,Lima,Nuevo,2024-04-01,crisol,2025-11-09
976233216,José,García,45,Femenino,Cusco,Nuevo,2024-01-11,crisol,2025-11-09
978821584,Luis,Torres,28,Masculino,Ica,Recurrente,2024-06-13,crisol,2025-11-09
643284335,Pedro,Flores,30,Masculino,Cajamarca,Nuevo,2023-08-23,crisol,2025-11-09
96607232,Camila,Herrera,28,Masculino,Piura,Recurrente,2023-02-21,crisol,2025-11-09
268855421,María,Díaz,34,Femenino,Huánuco,Nuevo,2024-03-22,crisol,2025-11-09
299051550,Rosa,Herrera,29,Masculino,Cajamarca,Nuevo,2024-06-17,crisol,2025-11-09
71703302,Ana,Vásquez,23,Otro,Lima,Nuevo,2023-06-30,crisol,2025-11-09
309498553,Pedro,Torres,45,Masculino,Ica,Nuevo,2023-07-20,crisol,2025-11-09
647073692,Camila,García,22,Masculino,Pucallpa,Recurrente,2023-07-03,crisol,2025-11-09
573328017,María,Flores,47,Otro,Trujillo,Nuevo,2023-07-03,crisol,2025-11-09
163980356,Pedro,Herrera,29,Masculino,Trujillo,Nuevo,2023-06-25,crisol,2025-11-09
822861654,Luis,Díaz,70,Masculino,Arequipa,Nuevo,2023-02-28,crisol,2025-11-09
422845630,Carlos,Rodríguez,21,Femenino,Huánuco,Recurrente,2023-09-05,crisol,2025-11-09
925230752,Valeria,Vásquez,41,Otro,Trujillo,Nuevo,2023-09-09,crisol,2025-11-09
488492574,Carlos,Ruiz,25,Otro,Ica,Nuevo,2023-02-13,crisol,2025-11-09
72020184,José,Rodríguez,18,Femenino,Chiclayo,Nuevo,2024-05-16,crisol,2025-11-09
727487371,Diego,Ramos,53,Otro,Ayacucho,Nuevo,2024-06-21,crisol,2025-11-09
501029634,Andrés,Díaz,40,Otro,Piura,Recurrente,2024-02-19,crisol,2025-11-09
807057925,Luis,Díaz,44,Masculino,Arequipa,Recurrente,2023-05-10,crisol,2025-11-09
864189002,Juan,López,22,Otro,Cusco,Recurrente,2023-04-29,crisol,2025-11-09
648964998,Javier,Ramos,42,Femenino,Pucallpa,Nuevo,2023-11-19,crisol,2025-11-09
523150202,Ana,Flores,19,Masculino,Cajamarca,Recurrente,2023-05-31,crisol,2025-11-09
483119861,Rosa,Castro,68,Otro,Huánuco,Recurrente,2023-11-06,crisol,2025-11-09
425589139,Ana,Rodríguez,19,Masculino,Chiclayo,Nuevo,2024-02-13,crisol,2025-11-09
500738478,Camila,Torres,41,Masculino,Chiclayo,Nuevo,2023-02-22,crisol,2025-11-09
263459738,Carlos,Herrera,58,Masculino,Pucallpa,Nuevo,2023-12-25,crisol,2025-11-09
499385959,Javier,Ramos,59,Femenino,Huancayo,Nuevo,2023-12-30,crisol,2025-11-09
881643204,Pedro,Díaz,48,Masculino,Chiclayo,Nuevo,2023-12-06,crisol,2025-11-09
207746818,Luis,Herrera,50,Masculino,Lima,Recurrente,2023-05-30,crisol,2025-11-09
799226530,Camila,Díaz,35,Masculino,Lima,Nuevo,2024-06-17,crisol,2025-11-09
398644301,Juan,Torres,43,Femenino,Trujillo,Recurrente,2023-12-22,crisol,2025-11-09
667623327,Sofía,Martínez,41,Masculino,Trujillo,Nuevo,2023-05-07,crisol,2025-11-09
948686369,Lucía,Flores,49,Femenino,Trujillo,Nuevo,2024-07-15,crisol,2025-11-09
782397486,Camila,Castro,50,Masculino,Huánuco,Recurrente,2024-01-22,crisol,2025-11-09
354498073,Andrés,Ruiz,46,Otro,Ayacucho,Recurrente,2023-05-28,crisol,2025-11-09
152698152,Diego,Herrera,30,Masculino,Piura,Nuevo,2024-02-08,crisol,2025-11-09
236478266,Juan,Pérez,37,Masculino,Huánuco,Nuevo,2024-08-05,crisol,2025-11-09
207945415,José,Flores,70,Masculino,Cajamarca,Nuevo,2023-09-19,crisol,2025-11-09
983624026,Ana,Pérez,22,Masculino,Lima,Nuevo,2024-05-09,crisol,2025-11-09
845047864,María,López,47,Masculino,Tacna,Nuevo,2023-03-23,crisol,2025-11-09
718781178,Lucía,Flores,39,Otro,Ayacucho,Recurrente,2024-04-25,crisol,2025-11-09
277114900,Valeria,Díaz,53,Otro,Cusco,Recurrente,2023-12-01,crisol,2025-11-09
565549649,Carlos,Salazar,61,Otro,Piura,Nuevo,2023-10-13,crisol,2025-11-09
865638807,Valeria,Flores,33,Masculino,Lima,Nuevo,2023-10-06,crisol,2025-11-09
352352269,Pedro,Martínez,49,Otro,Cajamarca,Nuevo,2023-11-04,crisol,2025-11-09
860790684,Rosa,Martínez,24,Masculino,Arequipa,Nuevo,2023-08-13,crisol,2025-11-09
945693981,Ana,Torres,27,Masculino,Ayacucho,Nuevo,2024-01-07,crisol,2025-11-09
443074221,Camila,Ramos,44,Otro,Cusco,Nuevo,2023-09-06,crisol,2025-11-09
174424500,Valeria,Torres,60,Masculino,Trujillo,Nuevo,2023-02-28,crisol,2025-11-09
467747088,José,Vásquez,45,Masculino,Cajamarca,Nuevo,2023-02-01,crisol,2025-11-09
358399824,Sofía,García,37,Masculino,Chiclayo,Recurrente,2024-05-18,crisol,2025-11-09
996255794,José,Castro,31,Femenino,Cajamarca,Recurrente,2023-10-21,crisol,2025-11-09
261172529,Valeria,Flores,28,Femenino,Huánuco,Nuevo,2024-01-21,crisol,2025-11-09
916115015,María,García,23,Masculino,Trujillo,Recurrente,2023-06-03,crisol,2025-11-09
580218353,José,Torres,23,Otro,Tacna,Nuevo,2023-02-22,crisol,2025-11-09
2241181,Lucía,Rodríguez,20,Masculino,Pucallpa,Recurrente,2024-01-11,crisol,2025-11-09
728791229,Andrés,Herrera,70,Otro,Cusco,Recurrente,2023-03-31,crisol,2025-11-09
43411204,Carlos,Herrera,37,Femenino,Huancayo,Nuevo,2024-08-19,crisol,2025-11-09
88418118,Juan,Castro,18,Masculino,Trujillo,Nuevo,2024-02-05,crisol,2025-11-09
884968257,Lucía,García,35,Otro,Pucallpa,Recurrente,2024-06-22,crisol,2025-11-09
76969365,Rosa,Castro,36,Masculino,Huancayo,Nuevo,2023-09-24,crisol,2025-11-09
169000566,Andrés,Flores,62,Otro,Huancayo,Nuevo,2023-08-18,crisol,2025-11-09
739842506,Luis,Pérez,43,Femenino,Tacna,Nuevo,2024-04-29,crisol,2025-11-09
870021632,Lucía,Gonzales,50,Femenino,Pucallpa,Recurrente,2024-02-15,crisol,2025-11-09
448791438,Diego,Herrera,33,Femenino,Tacna,Nuevo,2023-09-04,crisol,2025-11-09
495302888,Carlos,Ruiz,27,Masculino,Huancayo,Nuevo,2023-05-01,crisol,2025-11-09
158570161,María,Torres,26,Masculino,Ayacucho,Nuevo,2023-12-07,crisol,2025-11-09
738439961,Sofía,Castro,33,Otro,Chiclayo,Nuevo,2023-05-06,crisol,2025-11-09
998443821,Andrés,Salazar,60,Otro,Ayacucho,Nuevo,2023-08-03,crisol,2025-11-09
961632051,Lucía,Salazar,20,Femenino,Huánuco,Nuevo,2023-12-20,crisol,2025-11-09
70926399,Juan,Pérez,69,Femenino,Cajamarca,Nuevo,2024-05-24,crisol,2025-11-09
497683569,Andrés,Ramos,68,Otro,Cusco,Nuevo,2023-12-01,crisol,2025-11-09
800239651,Camila,Ramos,60,Femenino,Trujillo,Nuevo,2023-07-08,crisol,2025-11-09
7987240,Rosa,Flores,28,Femenino,Cajamarca,Nuevo,2023-12-09,crisol,2025-11-09
159093942,Juan,Herrera,26,Masculino,Arequipa,Recurrente,2023-10-12,crisol,2025-11-09
974213361,Ana,Ruiz,29,Femenino,Lima,Recurrente,2024-01-05,crisol,2025-11-09
763822586,Sofía,Flores,57,Femenino,Cusco,Nuevo,2024-05-09,crisol,2025-11-09
828464858,Rosa,Díaz,30,Masculino,Huánuco,Nuevo,2024-06-01,crisol,2025-11-09
293610444,Pedro,Ramos,51,Otro,Piura,Recurrente,2023-07-21,crisol,2025-11-09
467010757,Diego,Ruiz,69,Masculino,Chiclayo,Recurrente,2024-07-14,crisol,2025-11-09
311592665,Pedro,Flores,47,Masculino,Pucallpa,Nuevo,2024-02-22,crisol,2025-11-09
632777814,Andrés,Flores,22,Femenino,Cajamarca,Recurrente,2024-08-08,crisol,2025-11-09
247975555,Javier,Gonzales,55,Masculino,Chiclayo,Nuevo,2023-02-09,crisol,2025-11-09
876963890,Ana,Salazar,55,Femenino,Cajamarca,Nuevo,2024-06-27,crisol,2025-11-09
246124013,Juan,López,70,Femenino,Ica,Nuevo,2024-03-16,crisol,2025-11-09
51285942,María,Flores,69,Femenino,Arequipa,Recurrente,2024-07-13,crisol,2025-11-09
447487343,Juan,Díaz,64,Otro,Trujillo,Nuevo,2023-02-22,crisol,2025-11-09
533258413,Valeria,López,52,Otro,Arequipa,Nuevo,2023-04-29,crisol,2025-11-09
918300388,Ana,Herrera,42,Otro,Ayacucho,Nuevo,2024-07-12,crisol,2025-11-09
704484734,Ana,Pérez,61,Femenino,Huancayo,Nuevo,2023-09-09,crisol,2025-11-09
515250606,Juan,García,26,Otro,Ayacucho,Nuevo,2023-10-27,crisol,2025-11-09
721351429,Luis,Ramos,28,Femenino,Ica,Recurrente,2024-01-06,crisol,2025-11-09
104801830,Diego,Herrera,36,Femenino,Arequipa,Recurrente,2023-03-12,crisol,2025-11-09
81846798,Carlos,Vásquez,25,Masculino,Ica,Nuevo,2023-10-04,crisol,2025-11-09
192168084,María,Flores,46,Femenino,Huancayo,Nuevo,2024-07-01,crisol,2025-11-09
499609090,Pedro,García,48,Otro,Piura,Nuevo,2023-03-27,crisol,2025-11-09
382530255,Diego,García,40,Masculino,Cajamarca,Recurrente,2024-07-12,crisol,2025-11-09
268731717,Camila,Pérez,57,Masculino,Huancayo,Nuevo,2023-12-17,crisol,2025-11-09
172163578,Pedro,Vásquez,62,Otro,Ica,Nuevo,2023-12-26,crisol,2025-11-09
31985809,Sofía,Vásquez,42,Femenino,Huancayo,Recurrente,2024-02-17,crisol,2025-11-09
228019798,Carlos,López,57,Otro,Chiclayo,Recurrente,2023-03-10,crisol,2025-11-09
799563204,Ana,Vásquez,60,Femenino,Arequipa,Recurrente,2024-02-01,crisol,2025-11-09
345974650,Andrés,Gonzales,30,Masculino,Lima,Nuevo,2023-01-04,crisol,2025-11-09
613041404,Sofía,Pérez,60,Femenino,Tacna,Nuevo,2023-01-08,crisol,2025-11-09
338411395,Rosa,Torres,23,Masculino,Huancayo,Nuevo,2024-07-28,crisol,2025-11-09
822620619,María,Castro,26,Femenino,Chiclayo,Nuevo,2024-07-18,crisol,2025-11-09
779433140,Diego,Gonzales,25,Otro,Trujillo,Nuevo,2023-11-21,crisol,2025-11-09
264180837,Luis,Díaz,70,Femenino,Pucallpa,Nuevo,2023-04-20,crisol,2025-11-09
58962391,Luis,Salazar,26,Otro,Pucallpa,Recurrente,2023-06-06,crisol,2025-11-09
301365060,Sofía,Vásquez,44,Masculino,Arequipa,Nuevo,2024-05-25,crisol,2025-11-09
331126013,Camila,Martínez,44,Masculino,Lima,Recurrente,2023-12-02,crisol,2025-11-09
198401874,Camila,García,26,Otro,Piura,Nuevo,2023-04-13,crisol,2025-11-09
389265948,María,García,34,Femenino,Cusco,Recurrente,2023-07-07,crisol,2025-11-09
618916987,Ana,Castro,69,Masculino,Ica,Nuevo,2023-11-15,crisol,2025-11-09
903518518,Diego,Díaz,66,Otro,Huancayo,Recurrente,2024-07-16,crisol,2025-11-09
619937594,Rosa,Ruiz,52,Femenino,Arequipa,Recurrente,2023-04-13,crisol,2025-11-09
961348768,José,Flores,20,Femenino,Cajamarca,Nuevo,2023-12-08,crisol,2025-11-09
288888289,Camila,Pérez,26,Masculino,Huancayo,Recurrente,2023-01-05,crisol,2025-11-09
114706435,Javier,Torres,20,Femenino,Trujillo,Nuevo,2024-07-08,crisol,2025-11-09
114773266,Luis,Rodríguez,55,Otro,Trujillo,Nuevo,2023-12-09,crisol,2025-11-09
180796443,Carlos,Salazar,54,Otro,Huancayo,Recurrente,2023-01-18,crisol,2025-11-09
504997610,Ana,Ruiz,63,Masculino,Huánuco,Recurrente,2024-06-05,crisol,2025-11-09
256180343,José,Pérez,61,Otro,Pucallpa,Nuevo,2023-07-12,crisol,2025-11-09
528981921,Pedro,López,21,Femenino,Ica,Recurrente,2024-02-02,crisol,2025-11-09
206665009,Rosa,Díaz,36,Femenino,Huánuco,Nuevo,2024-02-26,crisol,2025-11-09
977906325,Valeria,Martínez,35,Masculino,Piura,Recurrente,2023-05-08,crisol,2025-11-09
759032780,José,Martínez,59,Otro,Chiclayo,Nuevo,2023-04-28,crisol,2025-11-09
435450587,Valeria,López,65,Femenino,Ayacucho,Nuevo,2023-07-08,crisol,2025-11-09
874504977,Andrés,Castro,25,Otro,Ica,Nuevo,2023-02-11,crisol,2025-11-09
247879360,Ana,Ruiz,20,Otro,Huancayo,Recurrente,2023-05-17,crisol,2025-11-09
234221394,Luis,García,54,Masculino,Tacna,Nuevo,2023-04-24,crisol,2025-11-09
891174263,Camila,Pérez,44,Masculino,Cusco,Nuevo,2023-05-28,crisol,2025-11-09
157826680,Camila,Salazar,68,Masculino,Cusco,Nuevo,2024-02-25,crisol,2025-11-09
406652481,Andrés,Díaz,61,Femenino,Chiclayo,Recurrente,2023-05-30,crisol,2025-11-09
222029909,José,Gonzales,30,Otro,Tacna,Nuevo,2024-05-15,crisol,2025-11-09
294095144,José,Pérez,34,Masculino,Cajamarca,Nuevo,2023-03-04,crisol,2025-11-09
839014432,Javier,Vásquez,21,Otro,Chiclayo,Nuevo,2023-07-28,crisol,2025-11-09
443889537,María,Herrera,36,Masculino,Pucallpa,Nuevo,2024-03-12,crisol,2025-11-09
825764977,Juan,Torres,68,Otro,Huancayo,Nuevo,2023-12-23,crisol,2025-11-09
325553894,Andrés,López,46,Masculino,Ayacucho,Recurrente,2024-05-03,crisol,2025-11-09
419398085,Luis,Rodríguez,48,Masculino,Chiclayo,Recurrente,2023-01-18,crisol,2025-11-09
838600755,Ana,Salazar,49,Femenino,Ica,Recurrente,2024-07-18,crisol,2025-11-09
547283746,Andrés,Herrera,27,Masculino,Pucallpa,Recurrente,2024-06-18,crisol,2025-11-09
273601416,Camila,García,35,Otro,Arequipa,Recurrente,2024-02-18,crisol,2025-11-09
21796495,María,Castro,24,Masculino,Pucallpa,Nuevo,2023-09-08,crisol,2025-11-09
813613821,Andrés,Herrera,53,Otro,Piura,Recurrente,2024-06-26,crisol,2025-11-09
989804725,Carlos,Salazar,49,Otro,Lima,Nuevo,2023-01-21,crisol,2025-11-09
351518025,Diego,Ruiz,67,Otro,Cajamarca,Nuevo,2023-01-02,crisol,2025-11-09
516490490,Ana,Rodríguez,24,Otro,Pucallpa,Recurrente,2024-03-11,crisol,2025-11-09
269689276,Camila,Flores,35,Otro,Ica,Recurrente,2024-08-01,crisol,2025-11-09
605614022,Sofía,García,42,Femenino,Piura,Nuevo,2023-09-08,crisol,2025-11-09
348660139,Juan,Vásquez,39,Femenino,Chiclayo,Recurrente,2024-06-29,crisol,2025-11-09
358016856,Lucía,López,45,Otro,Lima,Recurrente,2023-04-16,crisol,2025-11-09
606834809,Javier,Rodríguez,32,Femenino,Lima,Nuevo,2024-02-27,crisol,2025-11-09
574431163,Camila,García,24,Otro,Arequipa,Nuevo,2023-05-19,crisol,2025-11-09
237009348,Camila,López,31,Femenino,Huancayo,Nuevo,2023-01-12,crisol,2025-11-09
985913449,Valeria,Ramos,25,Femenino,Tacna,Nuevo,2024-04-05,crisol,2025-11-09
958961763,Ana,García,39,Masculino,Piura,Nuevo,2023-09-14,crisol,2025-11-09
849436665,Valeria,Díaz,65,Otro,Trujillo,Nuevo,2024-05-02,crisol,2025-11-09
739804571,Luis,Díaz,28,Otro,Trujillo,Recurrente,2023-01-07,crisol,2025-11-09
994529974,Rosa,Torres,70,Masculino,Trujillo,Nuevo,2023-12-05,crisol,2025-11-09
107474629,María,Díaz,55,Masculino,Piura,Nuevo,2024-03-13,crisol,2025-11-09
747731349,Sofía,Herrera,40,Femenino,Arequipa,Recurrente,2023-01-28,crisol,2025-11-09
793388588,María,Salazar,54,Masculino,Tacna,Nuevo,2023-06-26,crisol,2025-11-09
882952963,Carlos,López,65,Masculino,Ayacucho,Nuevo,2023-08-03,crisol,2025-11-09
212219350,Carlos,Martínez,47,Masculino,Tacna,Nuevo,2023-05-18,crisol,2025-11-09
33813100,María,Ruiz,64,Masculino,Cusco,Recurrente,2023-11-03,crisol,2025-11-09
896302119,Andrés,Ramos,27,Otro,Huancayo,Recurrente,2023-06-12,crisol,2025-11-09
508663769,José,Pérez,28,Femenino,Lima,Nuevo,2024-03-06,crisol,2025-11-09
116527215,María,Flores,28,Masculino,Huancayo,Nuevo,2023-04-22,crisol,2025-11-09
466668019,Ana,Ruiz,70,Masculino,Pucallpa,Recurrente,2024-07-22,crisol,2025-11-09
949003775,Andrés,Díaz,55,Otro,Cusco,Recurrente,2023-06-11,crisol,2025-11-09
889890958,Valeria,Díaz,60,Otro,Ica,Recurrente,2024-03-11,crisol,2025-11-09
184828560,Valeria,Vásquez,68,Femenino,Pucallpa,Nuevo,2023-08-08,crisol,2025-11-09
994513756,Camila,Flores,67,Masculino,Ica,Nuevo,2024-01-20,crisol,2025-11-09
829527906,Pedro,Torres,23,Otro,Huancayo,Recurrente,2023-05-10,crisol,2025-11-09
967259862,Juan,López,65,Otro,Arequipa,Recurrente,2023-04-26,crisol,2025-11-09
601365049,Lucía,Ramos,59,Otro,Ayacucho,Recurrente,2023-05-19,crisol,2025-11-09
56727602,Pedro,Rodríguez,52,Masculino,Trujillo,Nuevo,2023-02-21,crisol,2025-11-09
545907499,Rosa,Castro,52,Masculino,Ica,Nuevo,2023-03-27,crisol,2025-11-09
364118688,Pedro,Díaz,23,Femenino,Pucallpa,Nuevo,2023-05-20,crisol,2025-11-09
889176460,Carlos,Pérez,45,Femenino,Ica,Nuevo,2023-08-14,crisol,2025-11-09
750304499,Andrés,García,51,Masculino,Piura,Nuevo,2024-03-08,crisol,2025-11-09
774081780,Andrés,Díaz,23,Otro,Trujillo,Nuevo,2023-06-18,crisol,2025-11-09
731582118,Luis,Vásquez,39,Masculino,Lima,Recurrente,2023-01-28,crisol,2025-11-09
832476600,Andrés,Ruiz,19,Otro,Lima,Nuevo,2023-06-18,crisol,2025-11-09
813422267,Camila,Flores,58,Otro,Huancayo,Nuevo,2023-07-14,crisol,2025-11-09
516233458,Diego,García,46,Otro,Tacna,Nuevo,2023-01-27,crisol,2025-11-09
772262401,Carlos,Gonzales,38,Femenino,Tacna,Nuevo,2024-05-31,crisol,2025-11-09
693215275,Luis,Flores,36,Femenino,Huánuco,Nuevo,2023-06-01,crisol,2025-11-09
644619070,Andrés,Castro,52,Femenino,Pucallpa,Nuevo,2023-03-20,crisol,2025-11-09
161681093,Carlos,Vásquez,66,Femenino,Arequipa,Recurrente,2023-02-13,crisol,2025-11-09
337276949,José,Torres,20,Otro,Cajamarca,Nuevo,2023-02-15,crisol,2025-11-09
643398610,Juan,Pérez,60,Femenino,Ica,Nuevo,2023-12-16,crisol,2025-11-09
95228611,Sofía,Ruiz,51,Femenino,Arequipa,Nuevo,2024-01-22,crisol,2025-11-09
604518264,María,López,44,Masculino,Trujillo,Nuevo,2023-08-22,crisol,2025-11-09
345358772,Sofía,Salazar,21,Femenino,Pucallpa,Recurrente,2024-08-13,crisol,2025-11-09
403002716,Camila,Pérez,53,Otro,Lima,Recurrente,2023-02-24,crisol,2025-11-09
436725061,Ana,López,44,Otro,Piura,Nuevo,2023-12-30,crisol,2025-11-09
844522875,Juan,Flores,57,Otro,Arequipa,Nuevo,2023-03-08,crisol,2025-11-09
65188767,Luis,Flores,21,Masculino,Cajamarca,Nuevo,2024-06-25,crisol,2025-11-09
133427939,Javier,Díaz,51,Otro,Lima,Nuevo,2023-09-22,crisol,2025-11-09
920138500,Andrés,Rodríguez,53,Femenino,Chiclayo,Recurrente,2023-09-12,crisol,2025-11-09
553689310,Ana,Ramos,63,Masculino,Arequipa,Recurrente,2024-02-14,crisol,2025-11-09
287547461,Ana,Rodríguez,61,Masculino,Huánuco,Recurrente,2023-10-30,crisol,2025-11-09
779525408,Carlos,Díaz,54,Otro,Tacna,Recurrente,2023-11-11,crisol,2025-11-09
437701423,Luis,Rodríguez,19,Masculino,Cajamarca,Recurrente,2023-05-14,crisol,2025-11-09
395412423,Camila,Ruiz,51,Femenino,Ica,Nuevo,2023-09-15,crisol,2025-11-09
88227515,Lucía,Vásquez,20,Femenino,Pucallpa,Recurrente,2024-02-04,crisol,2025-11-09
168225289,Sofía,Flores,41,Femenino,Lima,Nuevo,2023-08-23,crisol,2025-11-09
774301128,Andrés,Gonzales,39,Otro,Tacna,Nuevo,2023-07-16,crisol,2025-11-09
929289220,Javier,Ruiz,19,Otro,Huancayo,Nuevo,2023-11-12,crisol,2025-11-09
441513645,Diego,Martínez,36,Otro,Piura,Recurrente,2024-06-27,crisol,2025-11-09
542471905,Javier,Herrera,19,Masculino,Ayacucho,Nuevo,2023-09-05,crisol,2025-11-09
597097434,Camila,Díaz,51,Masculino,Pucallpa,Nuevo,2023-05-18,crisol,2025-11-09
500022986,Valeria,Vásquez,62,Masculino,Tacna,Recurrente,2023-02-08,crisol,2025-11-09
311058912,Andrés,Salazar,21,Femenino,Ica,Nuevo,2023-08-10,crisol,2025-11-09
224344582,Diego,Vásquez,40,Masculino,Arequipa,Nuevo,2023-11-19,crisol,2025-11-09
948629694,Camila,García,43,Otro,Ica,Recurrente,2023-04-15,crisol,2025-11-09
96698641,María,Ruiz,56,Femenino,Arequipa,Nuevo,2023-05-07,crisol,2025-11-09
584521339,Juan,Castro,30,Masculino,Piura,Nuevo,2023-07-22,crisol,2025-11-09
528904885,Ana,Rodríguez,43,Otro,Cusco,Recurrente,2023-02-10,crisol,2025-11-09
947451291,José,Vásquez,20,Otro,Huancayo,Recurrente,2024-06-01,crisol,2025-11-09
533291486,Diego,Gonzales,42,Masculino,Chiclayo,Recurrente,2024-02-21,crisol,2025-11-09
836351832,Pedro,Ruiz,51,Masculino,Lima,Recurrente,2023-08-02,crisol,2025-11-09
880842880,Juan,Flores,19,Otro,Huancayo,Nuevo,2024-02-29,crisol,2025-11-09
120274791,Pedro,Rodríguez,56,Otro,Lima,Nuevo,2024-01-22,crisol,2025-11-09
358470811,Lucía,Salazar,62,Femenino,Pucallpa,Recurrente,2023-05-03,crisol,2025-11-09
778224060,Javier,Ramos,18,Otro,Tacna,Nuevo,2024-01-12,crisol,2025-11-09
654706152,Diego,Gonzales,26,Masculino,Huancayo,Nuevo,2023-03-14,crisol,2025-11-09
868134885,María,Vásquez,51,Otro,Trujillo,Nuevo,2023-04-22,crisol,2025-11-09
578993084,Luis,López,32,Femenino,Arequipa,Nuevo,2023-01-28,crisol,2025-11-09
629810876,Carlos,Flores,44,Masculino,Huánuco,Recurrente,2023-06-11,crisol,2025-11-09
231483273,Valeria,Castro,50,Masculino,Huancayo,Nuevo,2023-10-09,crisol,2025-11-09
359908886,Sofía,Ramos,22,Masculino,Pucallpa,Recurrente,2023-10-29,crisol,2025-11-09
139642759,Pedro,Díaz,44,Otro,Lima,Recurrente,2023-01-22,crisol,2025-11-09
835390937,Diego,Gonzales,33,Femenino,Cajamarca,Nuevo,2023-02-17,crisol,2025-11-09
557636273,Camila,García,25,Otro,Huánuco,Nuevo,2023-01-19,crisol,2025-11-09
45267360,Ana,Vásquez,21,Otro,Ica,Nuevo,2024-02-12,crisol,2025-11-09
949767166,Valeria,García,70,Masculino,Cajamarca,Nuevo,2024-04-11,crisol,2025-11-09
78038923,Sofía,Ruiz,31,Masculino,Huánuco,Recurrente,2023-09-18,crisol,2025-11-09
963676441,Sofía,Gonzales,21,Femenino,Arequipa,Nuevo,2024-03-22,crisol,2025-11-09
614224890,María,Torres,58,Femenino,Cajamarca,Recurrente,2023-05-27,crisol,2025-11-09
666985517,Ana,Díaz,34,Femenino,Ayacucho,Recurrente,2023-04-29,crisol,2025-11-09
259953022,Luis,Herrera,53,Masculino,Trujillo,Nuevo,2024-04-03,crisol,2025-11-09
837779825,Ana,Gonzales,37,Masculino,Chiclayo,Recurrente,2024-07-17,crisol,2025-11-09
790980624,Javier,Díaz,26,Femenino,Lima,Nuevo,2024-01-19,crisol,2025-11-09
659823520,Camila,García,21,Masculino,Tacna,Nuevo,2023-01-19,crisol,2025-11-09
650346154,Rosa,Pérez,50,Femenino,Piura,Nuevo,2023-03-08,crisol,2025-11-09
862522337,Luis,Martínez,54,Masculino,Lima,Recurrente,2024-04-08,crisol,2025-11-09
274066171,Valeria,Flores,28,Femenino,Trujillo,Nuevo,2024-08-09,crisol,2025-11-09
669773919,Andrés,Ramos,67,Otro,Piura,Recurrente,2023-10-31,crisol,2025-11-09
891508710,Pedro,Salazar,56,Otro,Ayacucho,Recurrente,2024-04-12,crisol,2025-11-09
96265979,Javier,Díaz,36,Masculino,Arequipa,Recurrente,2024-08-16,crisol,2025-11-09
412422984,Andrés,Castro,33,Masculino,Cusco,Nuevo,2023-10-29,crisol,2025-11-09
22842097,Diego,Díaz,37,Otro,Piura,Recurrente,2023-07-19,crisol,2025-11-09
188037595,Javier,López,24,Masculino,Trujillo,Recurrente,2023-08-17,crisol,2025-11-09
316143580,Diego,Rodríguez,67,Femenino,Cajamarca,Nuevo,2023-02-26,crisol,2025-11-09
437892427,Valeria,Ruiz,19,Otro,Chiclayo,Nuevo,2023-05-01,crisol,2025-11-09
490894894,Diego,Ramos,19,Otro,Chiclayo,Nuevo,2023-08-10,crisol,2025-11-09
332324981,Pedro,Ruiz,32,Otro,Piura,Nuevo,2024-01-06,crisol,2025-11-09
698135755,Ana,Herrera,51,Masculino,Tacna,Recurrente,2023-01-18,crisol,2025-11-09
897617294,Rosa,Martínez,70,Masculino,Cusco,Recurrente,2023-05-01,crisol,2025-11-09
152961256,Javier,Ruiz,54,Otro,Cajamarca,Nuevo,2024-07-16,crisol,2025-11-09
863916845,Rosa,Flores,27,Femenino,Piura,Recurrente,2024-07-11,crisol,2025-11-09
726444529,Carlos,Ramos,60,Femenino,Huancayo,Recurrente,2024-01-27,crisol,2025-11-09
615160949,José,Gonzales,44,Otro,Huancayo,Recurrente,2023-08-10,crisol,2025-11-09
16034290,Pedro,Torres,69,Femenino,Huancayo,Recurrente,2023-05-30,crisol,2025-11-09
823013449,Ana,Flores,51,Femenino,Piura,Nuevo,2023-05-04,crisol,2025-11-09
270508353,Rosa,López,67,Femenino,Cajamarca,Nuevo,2023-09-04,crisol,2025-11-09
630942731,Diego,Flores,37,Otro,Pucallpa,Recurrente,2023-02-11,crisol,2025-11-09
917659414,Juan,Vásquez,28,Femenino,Trujillo,Nuevo,2023-01-07,crisol,2025-11-09
716954954,Rosa,Díaz,45,Otro,Cajamarca,Recurrente,2024-02-03,crisol,2025-11-09
67221562,Juan,García,66,Femenino,Arequipa,Nuevo,2023-03-25,crisol,2025-11-09
717597823,Ana,Vásquez,57,Femenino,Lima,Nuevo,2023-03-09,crisol,2025-11-09
402858736,Pedro,Pérez,57,Otro,Pucallpa,Nuevo,2023-03-16,crisol,2025-11-09
921095266,Camila,Gonzales,21,Femenino,Cajamarca,Recurrente,2024-06-18,crisol,2025-11-09
210345499,Rosa,Castro,46,Otro,Cajamarca,Recurrente,2023-02-21,crisol,2025-11-09
783806173,Sofía,López,58,Femenino,Pucallpa,Nuevo,2024-05-22,crisol,2025-11-09
473143850,Lucía,Castro,36,Femenino,Huánuco,Nuevo,2024-04-04,crisol,2025-11-09
950729144,Carlos,Ruiz,43,Femenino,Tacna,Nuevo,2023-05-21,crisol,2025-11-09
369958264,Juan,Díaz,69,Masculino,Ayacucho,Recurrente,2024-04-30,crisol,2025-11-09
990879984,José,Herrera,21,Masculino,Piura,Recurrente,2023-03-10,crisol,2025-11-09
825828938,Diego,Martínez,19,Femenino,Arequipa,Recurrente,2023-09-27,crisol,2025-11-09
72110452,Ana,López,30,Femenino,Ica,Nuevo,2023-05-16,crisol,2025-11-09
337369840,Sofía,Ruiz,28,Masculino,Cusco,Recurrente,2024-02-15,crisol,2025-11-09
116730003,Lucía,Díaz,23,Femenino,Lima,Nuevo,2023-06-18,crisol,2025-11-09
728032070,María,García,56,Masculino,Lima,Nuevo,2023-08-13,crisol,2025-11-09
805668951,José,López,70,Otro,Tacna,Nuevo,2024-04-23,crisol,2025-11-09
532305451,Pedro,Castro,40,Femenino,Huancayo,Nuevo,2024-04-03,crisol,2025-11-09
79817709,Javier,Salazar,52,Femenino,Pucallpa,Nuevo,2023-02-20,crisol,2025-11-09
779522221,Carlos,Vásquez,55,Femenino,Lima,Nuevo,2024-02-10,crisol,2025-11-09
315697820,Pedro,Pérez,70,Masculino,Cajamarca,Nuevo,2023-02-24,crisol,2025-11-09
253948002,Lucía,López,61,Femenino,Huancayo,Nuevo,2024-07-01,crisol,2025-11-09
116267573,Javier,Rodríguez,47,Otro,Trujillo,Nuevo,2024-06-09,crisol,2025-11-09
182877760,Javier,Rodríguez,22,Masculino,Huánuco,Recurrente,2024-05-18,crisol,2025-11-09
960211055,Rosa,Castro,52,Masculino,Huancayo,Recurrente,2023-09-25,crisol,2025-11-09
557727794,Javier,Ramos,28,Otro,Arequipa,Nuevo,2024-05-18,crisol,2025-11-09
842237230,Camila,Salazar,56,Femenino,Ica,Recurrente,2023-08-26,crisol,2025-11-09
939237676,Rosa,Díaz,33,Masculino,Arequipa,Nuevo,2023-11-23,crisol,2025-11-09
438543191,Juan,Gonzales,32,Otro,Trujillo,Nuevo,2023-01-24,crisol,2025-11-09
529167976,Diego,Ruiz,55,Otro,Ayacucho,Recurrente,2024-02-17,crisol,2025-11-09
730944708,Javier,García,47,Femenino,Ayacucho,Nuevo,2024-05-23,crisol,2025-11-09
253349292,Javier,Ramos,51,Masculino,Trujillo,Nuevo,2023-01-03,crisol,2025-11-09
403852374,Pedro,Rodríguez,23,Otro,Huánuco,Nuevo,2023-12-24,crisol,2025-11-09
352069854,Andrés,Rodríguez,23,Femenino,Tacna,Recurrente,2024-01-10,crisol,2025-11-09
15925900,Diego,Gonzales,52,Femenino,Huancayo,Recurrente,2024-02-19,crisol,2025-11-09
611422741,Carlos,Ruiz,22,Otro,Tacna,Recurrente,2023-06-28,crisol,2025-11-09
78118235,Valeria,Rodríguez,38,Otro,Cajamarca,Recurrente,2023-02-10,crisol,2025-11-09
598639425,Valeria,Díaz,67,Otro,Pucallpa,Nuevo,2024-07-08,crisol,2025-11-09
310101026,Diego,Díaz,19,Masculino,Huánuco,Recurrente,2023-02-08,crisol,2025-11-09
913617344,Sofía,Flores,20,Otro,Ayacucho,Recurrente,2024-07-09,crisol,2025-11-09
465092207,Camila,Castro,63,Otro,Pucallpa,Nuevo,2023-10-26,crisol,2025-11-09
696182694,Carlos,Martínez,56,Femenino,Ayacucho,Recurrente,2024-07-20,crisol,2025-11-09
675937688,María,Salazar,23,Femenino,Cusco,Nuevo,2024-07-12,crisol,2025-11-09
544961452,Lucía,Flores,66,Masculino,Ayacucho,Recurrente,2023-04-04,crisol,2025-11-09
383259116,Javier,Rodríguez,33,Otro,Cajamarca,Nuevo,2024-05-04,crisol,2025-11-09
210441319,Pedro,Flores,60,Masculino,Lima,Recurrente,2024-04-07,crisol,2025-11-09
295171674,José,Flores,22,Otro,Huancayo,Recurrente,2024-04-17,crisol,2025-11-09
531392957,Valeria,Díaz,49,Femenino,Arequipa,Nuevo,2024-08-11,crisol,2025-11-09
982815514,José,Díaz,49,Otro,Huánuco,Recurrente,2023-05-13,crisol,2025-11-09
343722233,Pedro,Castro,30,Femenino,Ayacucho,Nuevo,2024-06-28,crisol,2025-11-09
341722477,Andrés,Díaz,18,Femenino,Tacna,Nuevo,2023-09-01,crisol,2025-11-09
395868120,Juan,Ruiz,35,Masculino,Tacna,Recurrente,2024-01-05,crisol,2025-11-09
811284047,José,Ramos,64,Otro,Cusco,Recurrente,2024-08-05,crisol,2025-11-09
41141272,Juan,Salazar,25,Masculino,Pucallpa,Recurrente,2023-06-30,crisol,2025-11-09
835778172,Camila,Gonzales,41,Femenino,Pucallpa,Nuevo,2024-06-20,crisol,2025-11-09
422166686,Lucía,Castro,43,Masculino,Huánuco,Nuevo,2023-10-29,crisol,2025-11-09
199381926,Andrés,López,58,Masculino,Tacna,Nuevo,2024-08-12,crisol,2025-11-09
909183500,Luis,Flores,43,Masculino,Ica,Nuevo,2024-08-09,crisol,2025-11-09
110705588,Sofía,Ramos,28,Femenino,Huancayo,Recurrente,2023-12-02,crisol,2025-11-09
200362150,Pedro,Flores,39,Otro,Chiclayo,Nuevo,2023-12-18,crisol,2025-11-09
417767751,Carlos,Castro,28,Femenino,Piura,Nuevo,2023-08-16,crisol,2025-11-09
368642463,Pedro,Castro,68,Otro,Cusco,Nuevo,2024-05-31,crisol,2025-11-09
114042789,Pedro,Ruiz,43,Femenino,Cusco,Nuevo,2024-05-16,crisol,2025-11-09
557202202,Luis,Ramos,53,Femenino,Lima,Recurrente,2024-05-14,crisol,2025-11-09
830005907,Andrés,Martínez,70,Femenino,Ica,Nuevo,2023-11-10,crisol,2025-11-09
674447039,Valeria,García,61,Otro,Piura,Nuevo,2023-04-26,crisol,2025-11-09
981271602,Lucía,Castro,48,Masculino,Lima,Nuevo,2023-12-08,crisol,2025-11-09
624893002,Ana,Martínez,68,Masculino,Huancayo,Recurrente,2023-08-04,crisol,2025-11-09
423624169,Luis,García,38,Femenino,Chiclayo,Nuevo,2023-12-02,crisol,2025-11-09
217214952,María,López,64,Masculino,Cusco,Recurrente,2023-08-08,crisol,2025-11-09
877825620,José,Torres,64,Otro,Huancayo,Nuevo,2024-03-12,crisol,2025-11-09
480313557,Rosa,Gonzales,20,Masculino,Piura,Nuevo,2023-06-03,crisol,2025-11-09
748533254,Rosa,Salazar,69,Masculino,Pucallpa,Recurrente,2023-03-31,crisol,2025-11-09
37787327,Diego,Gonzales,29,Femenino,Cajamarca,Recurrente,2023-05-05,crisol,2025-11-09
747408994,Valeria,Díaz,48,Otro,Lima,Recurrente,2023-05-15,crisol,2025-11-09
813643760,Lucía,Pérez,35,Femenino,Huánuco,Nuevo,2024-06-10,crisol,2025-11-09
565629037,Pedro,Vásquez,67,Femenino,Cajamarca,Nuevo,2023-05-21,crisol,2025-11-09
355293889,Pedro,Flores,69,Femenino,Cajamarca,Nuevo,2023-11-29,crisol,2025-11-09
927749890,Diego,Castro,50,Femenino,Trujillo,Recurrente,2024-07-05,crisol,2025-11-09
474810235,Luis,Martínez,28,Masculino,Chiclayo,Recurrente,2024-06-06,crisol,2025-11-09
362157365,Camila,Herrera,60,Femenino,Arequipa,Recurrente,2024-03-08,crisol,2025-11-09
390530383,Diego,Vásquez,38,Otro,Piura,Nuevo,2024-05-29,crisol,2025-11-09
138401931,Luis,Castro,25,Masculino,Trujillo,Recurrente,2023-12-07,crisol,2025-11-09
27268476,Carlos,Herrera,18,Masculino,Lima,Nuevo,2023-11-11,crisol,2025-11-09
399972692,Andrés,López,55,Otro,Ica,Nuevo,2023-08-31,crisol,2025-11-09
140797507,Andrés,Herrera,70,Masculino,Trujillo,Nuevo,2023-11-21,crisol,2025-11-09
74348652,Ana,Pérez,38,Femenino,Chiclayo,Nuevo,2023-07-28,crisol,2025-11-09
680127237,Andrés,Ramos,53,Otro,Huánuco,Recurrente,2023-10-18,crisol,2025-11-09
325625559,Luis,Vásquez,51,Otro,Piura,Nuevo,2024-08-23,crisol,2025-11-09
665679412,Camila,Torres,27,Femenino,Ayacucho,Recurrente,2023-08-16,crisol,2025-11-09
454270461,Lucía,Herrera,58,Femenino,Ayacucho,Recurrente,2024-02-28,crisol,2025-11-09
160744181,Camila,Pérez,26,Femenino,Arequipa,Recurrente,2023-06-21,crisol,2025-11-09
987027616,Sofía,Martínez,31,Masculino,Arequipa,Nuevo,2023-06-27,crisol,2025-11-09
759742984,Pedro,Flores,70,Masculino,Ayacucho,Nuevo,2023-03-06,crisol,2025-11-09
135608676,Ana,Castro,27,Otro,Lima,Recurrente,2023-04-05,crisol,2025-11-09
63334116,José,Ruiz,18,Masculino,Arequipa,Nuevo,2023-09-26,crisol,2025-11-09
525637267,Carlos,López,63,Otro,Chiclayo,Nuevo,2024-06-29,crisol,2025-11-09
177230903,Diego,Torres,43,Otro,Ayacucho,Nuevo,2024-04-11,crisol,2025-11-09
189989124,Diego,Rodríguez,40,Femenino,Chiclayo,Nuevo,2024-01-07,crisol,2025-11-09
603487252,Andrés,Martínez,48,Masculino,Cajamarca,Nuevo,2024-08-07,crisol,2025-11-09
35104676,Sofía,Rodríguez,57,Masculino,Arequipa,Recurrente,2024-04-09,crisol,2025-11-09
410612598,Javier,Salazar,53,Masculino,Ayacucho,Nuevo,2023-02-24,crisol,2025-11-09
589885924,Rosa,Rodríguez,63,Femenino,Huancayo,Recurrente,2023-06-29,crisol,2025-11-09
67991414,Lucía,Salazar,31,Masculino,Chiclayo,Recurrente,2023-08-11,crisol,2025-11-09
994064789,Valeria,Salazar,55,Masculino,Lima,Nuevo,2023-06-26,crisol,2025-11-09
166635767,Valeria,Castro,57,Masculino,Ayacucho,Nuevo,2023-06-25,crisol,2025-11-09
108243963,Camila,Ramos,69,Femenino,Tacna,Recurrente,2023-03-19,crisol,2025-11-09
687578647,Luis,López,53,Otro,Huánuco,Nuevo,2023-06-20,crisol,2025-11-09
349076166,Andrés,Gonzales,62,Masculino,Trujillo,Nuevo,2024-07-07,crisol,2025-11-09
218169853,Sofía,Díaz,37,Femenino,Cajamarca,Nuevo,2024-04-19,crisol,2025-11-09
791471133,Camila,Herrera,49,Masculino,Huánuco,Recurrente,2023-10-24,crisol,2025-11-09
265359505,Juan,Castro,39,Femenino,Pucallpa,Nuevo,2024-05-25,crisol,2025-11-09
656284791,Camila,Ruiz,25,Masculino,Chiclayo,Recurrente,2024-08-19,crisol,2025-11-09
471153623,Juan,Rodríguez,54,Masculino,Chiclayo,Nuevo,2023-02-26,crisol,2025-11-09
355526363,Ana,Salazar,56,Femenino,Trujillo,Nuevo,2024-05-24,crisol,2025-11-09
771767632,María,López,49,Otro,Cusco,Nuevo,2024-07-25,crisol,2025-11-09
982453113,Pedro,López,26,Masculino,Lima,Recurrente,2023-04-11,crisol,2025-11-09
144650517,Diego,Gonzales,43,Otro,Trujillo,Recurrente,2023-02-25,crisol,2025-11-09
588388486,Ana,Rodríguez,20,Masculino,Pucallpa,Recurrente,2024-05-15,crisol,2025-11-09
651310272,Diego,Salazar,47,Otro,Arequipa,Nuevo,2024-08-05,crisol,2025-11-09
470696149,Sofía,Salazar,31,Otro,Ayacucho,Recurrente,2024-01-17,crisol,2025-11-09
716559352,Pedro,Gonzales,29,Masculino,Tacna,Nuevo,2023-03-04,crisol,2025-11-09
857589057,Rosa,Herrera,66,Masculino,Ica,Nuevo,2023-11-06,crisol,2025-11-09
253711592,Javier,Ramos,59,Masculino,Piura,Recurrente,2024-08-10,crisol,2025-11-09
344385657,María,Torres,22,Femenino,Huánuco,Recurrente,2024-08-07,crisol,2025-11-09
964799691,Javier,Vásquez,23,Masculino,Trujillo,Nuevo,2024-08-14,crisol,2025-11-09
179830352,Diego,Herrera,64,Otro,Ayacucho,Nuevo,2023-01-25,crisol,2025-11-09
99294339,Luis,López,48,Femenino,Tacna,Recurrente,2024-06-07,crisol,2025-11-09
207072487,Juan,Castro,70,Masculino,Lima,Nuevo,2024-04-26,crisol,2025-11-09
88742421,Ana,Salazar,55,Femenino,Huancayo,Recurrente,2023-04-28,crisol,2025-11-09
155890191,José,Pérez,58,Masculino,Ayacucho,Nuevo,2023-08-01,crisol,2025-11-09
169011848,María,Vásquez,61,Otro,Chiclayo,Nuevo,2023-05-23,crisol,2025-11-09
57448904,María,Castro,67,Otro,Tacna,Nuevo,2023-04-26,crisol,2025-11-09
410794353,José,García,26,Masculino,Lima,Nuevo,2023-02-02,crisol,2025-11-09
479416064,Carlos,Ruiz,39,Otro,Ayacucho,Recurrente,2024-03-24,crisol,2025-11-09
267011518,Ana,Herrera,57,Otro,Ayacucho,Nuevo,2023-10-28,crisol,2025-11-09
614055603,Ana,Ramos,42,Femenino,Ica,Nuevo,2023-07-03,crisol,2025-11-09
488921094,Andrés,Herrera,60,Femenino,Trujillo,Nuevo,2023-06-03,crisol,2025-11-09
820725378,Diego,Martínez,29,Masculino,Huancayo,Nuevo,2024-07-25,crisol,2025-11-09
733410460,José,Salazar,51,Masculino,Cusco,Recurrente,2024-08-13,crisol,2025-11-09
713956153,Sofía,Rodríguez,27,Otro,Pucallpa,Nuevo,2023-01-18,crisol,2025-11-09
901933872,Rosa,Castro,30,Otro,Cusco,Recurrente,2023-12-25,crisol,2025-11-09
774784405,José,Vásquez,68,Masculino,Trujillo,Recurrente,2023-01-02,crisol,2025-11-09
864751031,Javier,López,63,Otro,Piura,Nuevo,2023-05-12,crisol,2025-11-09
836679916,Camila,Castro,49,Masculino,Trujillo,Nuevo,2024-04-09,crisol,2025-11-09
127399830,Carlos,Martínez,30,Femenino,Cusco,Nuevo,2024-07-06,crisol,2025-11-09
393731040,José,Martínez,66,Masculino,Ica,Recurrente,2023-09-23,crisol,2025-11-09
80475880,Javier,Ruiz,67,Masculino,Lima,Nuevo,2024-05-08,crisol,2025-11-09
998778785,Juan,Ramos,25,Femenino,Piura,Nuevo,2023-08-25,crisol,2025-11-09
598641566,Lucía,Martínez,21,Masculino,Piura,Recurrente,2024-03-29,crisol,2025-11-09
771849625,Camila,García,45,Femenino,Piura,Nuevo,2023-08-22,crisol,2025-11-09
139573132,Carlos,Vásquez,36,Otro,Tacna,Recurrente,2023-04-20,crisol,2025-11-09
367638808,Sofía,Martínez,28,Otro,Tacna,Recurrente,2023-08-16,crisol,2025-11-09
752908844,Camila,Vásquez,36,Masculino,Ica,Nuevo,2023-01-18,crisol,2025-11-09
661572282,Sofía,Herrera,43,Femenino,Piura,Recurrente,2024-04-07,crisol,2025-11-09
395744834,José,Herrera,68,Femenino,Piura,Nuevo,2024-03-29,crisol,2025-11-09
633639638,Andrés,Flores,40,Femenino,Pucallpa,Nuevo,2023-06-26,crisol,2025-11-09
264245218,Luis,Torres,24,Masculino,Trujillo,Nuevo,2024-03-20,crisol,2025-11-09
2933494,María,Pérez,53,Masculino,Trujillo,Nuevo,2024-06-10,crisol,2025-11-09
131680283,Juan,López,19,Otro,Trujillo,Nuevo,2023-08-24,crisol,2025-11-09
107779186,Lucía,Ramos,35,Masculino,Chiclayo,Nuevo,2024-06-12,crisol,2025-11-09
45766573,Pedro,Pérez,51,Masculino,Trujillo,Recurrente,2024-01-11,crisol,2025-11-09
480779943,María,Rodríguez,55,Masculino,Ayacucho,Nuevo,2023-12-17,crisol,2025-11-09
756240418,Juan,Torres,23,Masculino,Arequipa,Nuevo,2024-04-08,crisol,2025-11-09
109163516,Ana,Pérez,47,Otro,Ica,Nuevo,2023-02-18,crisol,2025-11-09
872949045,Rosa,Martínez,41,Otro,Pucallpa,Nuevo,2023-07-24,crisol,2025-11-09
860095812,José,Rodríguez,25,Otro,Ica,Nuevo,2024-08-01,crisol,2025-11-09
467180873,Carlos,Gonzales,52,Otro,Tacna,Nuevo,2024-03-12,crisol,2025-11-09
755278334,José,Castro,34,Femenino,Lima,Nuevo,2024-07-28,crisol,2025-11-09
5869805,Sofía,López,60,Masculino,Piura,Nuevo,2024-03-26,crisol,2025-11-09
989956946,Luis,Vásquez,45,Femenino,Cajamarca,Recurrente,2023-03-22,crisol,2025-11-09
379281838,Valeria,García,51,Masculino,Huánuco,Recurrente,2024-05-01,crisol,2025-11-09
20380266,Juan,Pérez,35,Femenino,Cajamarca,Nuevo,2023-11-15,crisol,2025-11-09
354691010,Andrés,Castro,19,Masculino,Trujillo,Nuevo,2024-04-02,crisol,2025-11-09
631912405,Lucía,Salazar,47,Masculino,Pucallpa,Nuevo,2023-09-26,crisol,2025-11-09
628745204,Ana,Díaz,67,Otro,Huancayo,Recurrente,2024-07-30,crisol,2025-11-09
813130969,Camila,Vásquez,63,Otro,Ayacucho,Nuevo,2023-01-04,crisol,2025-11-09
338279112,Ana,Salazar,63,Masculino,Cusco,Recurrente,2023-02-13,crisol,2025-11-09
274364321,Valeria,Castro,50,Masculino,Trujillo,Nuevo,2024-05-23,crisol,2025-11-09
997786428,Javier,Ramos,68,Otro,Arequipa,Recurrente,2023-08-18,crisol,2025-11-09
695813602,María,López,47,Otro,Chiclayo,Recurrente,2024-02-29,crisol,2025-11-09
410406943,Valeria,Díaz,65,Femenino,Huancayo,Nuevo,2024-01-27,crisol,2025-11-09
106919738,Carlos,López,49,Femenino,Lima,Nuevo,2024-08-07,crisol,2025-11-09
285802293,Ana,López,29,Femenino,Cajamarca,Nuevo,2024-06-11,crisol,2025-11-09
719118723,Valeria,Castro,36,Otro,Piura,Recurrente,2024-04-01,crisol,2025-11-09
866524048,Juan,García,63,Femenino,Huánuco,Recurrente,2023-05-23,crisol,2025-11-09
28246876,Ana,Torres,21,Otro,Chiclayo,Recurrente,2024-07-07,crisol,2025-11-09
906507480,Carlos,García,23,Femenino,Lima,Recurrente,2023-01-29,crisol,2025-11-09
677342791,Diego,Salazar,58,Femenino,Huancayo,Recurrente,2024-07-12,crisol,2025-11-09
858119260,María,López,41,Otro,Ayacucho,Recurrente,2024-08-08,crisol,2025-11-09
550781494,Valeria,Díaz,67,Otro,Chiclayo,Recurrente,2023-04-25,crisol,2025-11-09
89658290,Lucía,Pérez,64,Otro,Arequipa,Recurrente,2023-10-24,crisol,2025-11-09
996221287,Andrés,Díaz,19,Masculino,Arequipa,Recurrente,2023-09-24,crisol,2025-11-09
326540001,Pedro,Rodríguez,28,Masculino,Chiclayo,Recurrente,2023-12-31,crisol,2025-11-09
560435567,Pedro,Ruiz,32,Otro,Chiclayo,Recurrente,2024-01-18,crisol,2025-11-09
469942271,Javier,Pérez,52,Masculino,Lima,Recurrente,2023-09-23,crisol,2025-11-09
579922568,Juan,Ramos,48,Femenino,Chiclayo,Recurrente,2023-07-04,crisol,2025-11-09
904218143,Ana,Ramos,54,Masculino,Pucallpa,Nuevo,2023-04-04,crisol,2025-11-09
820993249,Andrés,Salazar,23,Masculino,Arequipa,Recurrente,2023-10-04,crisol,2025-11-09
849827238,Carlos,Castro,60,Femenino,Arequipa,Recurrente,2023-06-04,crisol,2025-11-09
497528007,Camila,Flores,43,Otro,Tacna,Recurrente,2024-05-03,crisol,2025-11-09
713591018,Andrés,Pérez,35,Masculino,Piura,Nuevo,2023-05-01,crisol,2025-11-09
277724867,Javier,Flores,23,Otro,Cajamarca,Nuevo,2024-03-13,crisol,2025-11-09
47267393,Lucía,Herrera,53,Otro,Ica,Nuevo,2023-10-18,crisol,2025-11-09
723908633,Javier,Flores,62,Otro,Arequipa,Nuevo,2024-01-22,crisol,2025-11-09
380150328,María,Flores,47,Otro,Trujillo,Recurrente,2024-02-12,crisol,2025-11-09
195126001,Luis,Salazar,20,Otro,Cajamarca,Recurrente,2023-10-17,crisol,2025-11-09
896667415,Valeria,Ramos,42,Otro,Ica,Recurrente,2024-03-15,crisol,2025-11-09
27510381,Luis,Torres,50,Femenino,Huánuco,Nuevo,2023-01-12,crisol,2025-11-09
164228009,Pedro,Gonzales,24,Femenino,Huánuco,Nuevo,2023-12-31,crisol,2025-11-09
622767457,Diego,López,70,Otro,Cajamarca,Nuevo,2024-07-13,crisol,2025-11-09
134279687,Juan,Díaz,54,Masculino,Pucallpa,Nuevo,2024-06-29,crisol,2025-11-09
748062857,Pedro,López,57,Masculino,Cajamarca,Nuevo,2023-09-22,crisol,2025-11-09
424330442,Lucía,Rodríguez,66,Otro,Chiclayo,Recurrente,2023-03-11,crisol,2025-11-09
456248404,Juan,Castro,22,Masculino,Pucallpa,Nuevo,2023-04-26,crisol,2025-11-09
629747367,Javier,Flores,64,Masculino,Cusco,Recurrente,2023-06-17,crisol,2025-11-09
881271946,Rosa,López,63,Femenino,Huancayo,Nuevo,2024-05-01,crisol,2025-11-09
772787506,José,Herrera,18,Femenino,Huánuco,Recurrente,2023-02-14,crisol,2025-11-09
986071494,Luis,Gonzales,53,Otro,Huancayo,Nuevo,2023-01-23,crisol,2025-11-09
977115537,Carlos,Gonzales,35,Femenino,Chiclayo,Nuevo,2023-05-08,crisol,2025-11-09
661725207,María,Ramos,38,Otro,Lima,Recurrente,2023-10-24,crisol,2025-11-09
293775870,Juan,Flores,54,Femenino,Cajamarca,Recurrente,2024-04-26,crisol,2025-11-09
811325224,Camila,Torres,65,Masculino,Trujillo,Nuevo,2023-09-22,crisol,2025-11-09
638390187,Pedro,Castro,66,Otro,Tacna,Nuevo,2024-07-08,crisol,2025-11-09
974477732,Camila,Pérez,43,Femenino,Arequipa,Nuevo,2023-10-06,crisol,2025-11-09
85490742,Lucía,Martínez,44,Otro,Huancayo,Recurrente,2023-12-01,crisol,2025-11-09
668455304,Carlos,Herrera,43,Otro,Cajamarca,Recurrente,2024-07-13,crisol,2025-11-09
453317805,Valeria,Salazar,52,Otro,Trujillo,Recurrente,2024-08-18,crisol,2025-11-09
425016611,Camila,Castro,53,Femenino,Pucallpa,Recurrente,2024-01-26,crisol,2025-11-09
609049343,Luis,Ruiz,23,Femenino,Cusco,Nuevo,2023-11-18,crisol,2025-11-09
862836693,Andrés,Pérez,25,Masculino,Piura,Nuevo,2023-07-04,crisol,2025-11-09
62908464,Rosa,Salazar,67,Femenino,Cusco,Nuevo,2024-01-26,crisol,2025-11-09
954721640,Camila,Pérez,40,Masculino,Huancayo,Nuevo,2024-03-08,crisol,2025-11-09
733114470,Camila,Pérez,32,Otro,Arequipa,Recurrente,2024-07-22,crisol,2025-11-09
867050713,José,López,44,Femenino,Ica,Nuevo,2023-05-09,crisol,2025-11-09
107383106,Pedro,Castro,34,Femenino,Cusco,Nuevo,2024-01-24,crisol,2025-11-09
521310390,Juan,Pérez,19,Otro,Tacna,Recurrente,2023-11-05,crisol,2025-11-09
866502737,Carlos,Martínez,51,Otro,Pucallpa,Nuevo,2023-10-28,crisol,2025-11-09
988388416,José,Ramos,61,Femenino,Trujillo,Recurrente,2024-07-24,crisol,2025-11-09
658622998,José,Ramos,49,Femenino,Lima,Nuevo,2024-03-22,crisol,2025-11-09
281460807,Carlos,Pérez,70,Femenino,Cusco,Nuevo,2024-01-08,crisol,2025-11-09
526164956,Diego,Torres,39,Otro,Lima,Nuevo,2023-11-12,crisol,2025-11-09
824639504,Sofía,López,30,Otro,Trujillo,Recurrente,2024-03-11,crisol,2025-11-09
140505379,Ana,Vásquez,68,Femenino,Pucallpa,Recurrente,2024-01-26,crisol,2025-11-09
841039537,Carlos,Vásquez,58,Masculino,Trujillo,Nuevo,2023-10-24,crisol,2025-11-09
58188648,María,Ramos,58,Femenino,Piura,Recurrente,2023-08-23,crisol,2025-11-09
993589463,Juan,Pérez,62,Otro,Cajamarca,Nuevo,2023-07-11,crisol,2025-11-09
127146375,Carlos,Rodríguez,36,Masculino,Trujillo,Recurrente,2024-03-14,crisol,2025-11-09
946346872,Lucía,Ruiz,60,Femenino,Pucallpa,Nuevo,2023-11-20,crisol,2025-11-09
658497009,María,Ramos,19,Masculino,Huancayo,Nuevo,2023-04-13,crisol,2025-11-09
99106536,Sofía,Herrera,50,Femenino,Arequipa,Recurrente,2024-02-02,crisol,2025-11-09
64390815,Juan,Flores,52,Masculino,Huancayo,Nuevo,2024-06-12,crisol,2025-11-09
425288688,Lucía,Ruiz,49,Otro,Huánuco,Nuevo,2023-03-23,crisol,2025-11-09
185638316,Valeria,Castro,40,Femenino,Trujillo,Recurrente,2023-10-07,crisol,2025-11-09
479012732,Carlos,Ruiz,44,Femenino,Huánuco,Recurrente,2024-03-11,crisol,2025-11-09
81754369,Carlos,Ruiz,25,Masculino,Lima,Nuevo,2023-09-15,crisol,2025-11-09
245680253,Camila,Flores,48,Femenino,Ica,Nuevo,2024-01-31,crisol,2025-11-09
930288169,Diego,Díaz,21,Femenino,Arequipa,Nuevo,2023-06-22,crisol,2025-11-09
395669330,Luis,Díaz,29,Femenino,Huánuco,Nuevo,2024-07-24,crisol,2025-11-09
745945754,Diego,López,50,Femenino,Pucallpa,Nuevo,2023-10-02,crisol,2025-11-09
50625936,Juan,Salazar,45,Femenino,Pucallpa,Recurrente,2023-10-20,crisol,2025-11-09
700301972,Lucía,Gonzales,65,Masculino,Ica,Recurrente,2023-03-20,crisol,2025-11-09
119618771,Carlos,López,27,Otro,Chiclayo,Nuevo,2024-07-04,crisol,2025-11-09
660111361,Diego,Ruiz,64,Femenino,Tacna,Recurrente,2023-03-28,crisol,2025-11-09
483989254,Lucía,Herrera,67,Femenino,Trujillo,Nuevo,2023-10-28,crisol,2025-11-09
692633163,Andrés,Salazar,65,Masculino,Chiclayo,Nuevo,2023-07-16,crisol,2025-11-09
931588964,Rosa,Díaz,52,Femenino,Tacna,Nuevo,2023-03-16,crisol,2025-11-09
963940176,Lucía,Gonzales,63,Masculino,Tacna,Nuevo,2023-03-10,crisol,2025-11-09
651482677,Diego,Ramos,33,Masculino,Pucallpa,Nuevo,2023-07-19,crisol,2025-11-09
35648379,José,Castro,68,Masculino,Cusco,Recurrente,2024-05-30,crisol,2025-11-09
890930317,Carlos,Martínez,57,Masculino,Cusco,Recurrente,2023-11-09,crisol,2025-11-09
12686584,Juan,Vásquez,62,Otro,Ayacucho,Nuevo,2023-03-12,crisol,2025-11-09
767892241,Rosa,Ramos,46,Femenino,Arequipa,Nuevo,2023-03-10,crisol,2025-11-09
904692089,José,Gonzales,29,Femenino,Pucallpa,Nuevo,2024-01-04,crisol,2025-11-09
280947516,Luis,Ramos,21,Otro,Ica,Recurrente,2024-01-06,crisol,2025-11-09
739200409,María,Torres,56,Otro,Ica,Nuevo,2024-07-19,crisol,2025-11-09
115054804,Juan,Salazar,61,Otro,Trujillo,Recurrente,2023-11-25,crisol,2025-11-09
258689711,Andrés,Castro,25,Masculino,Arequipa,Nuevo,2024-05-29,crisol,2025-11-09
550284454,Andrés,Martínez,52,Otro,Cajamarca,Recurrente,2024-08-04,crisol,2025-11-09
621996865,José,Castro,51,Otro,Trujillo,Nuevo,2023-03-04,crisol,2025-11-09
328645576,Sofía,Torres,55,Otro,Huánuco,Recurrente,2023-04-18,crisol,2025-11-09
294463869,Rosa,Torres,61,Masculino,Pucallpa,Nuevo,2023-02-07,crisol,2025-11-09
869971215,María,Vásquez,64,Otro,Arequipa,Recurrente,2024-01-26,crisol,2025-11-09
762864148,Luis,Rodríguez,35,Masculino,Ica,Recurrente,2023-08-20,crisol,2025-11-09
636077031,Lucía,Rodríguez,51,Masculino,Ica,Nuevo,2023-04-16,crisol,2025-11-09
162079043,María,Salazar,60,Otro,Chiclayo,Nuevo,2023-06-10,crisol,2025-11-09
946571625,Valeria,López,29,Otro,Arequipa,Recurrente,2024-08-14,crisol,2025-11-09
598123420,Javier,López,28,Masculino,Huancayo,Nuevo,2023-04-30,crisol,2025-11-09
16001798,Carlos,López,29,Masculino,Lima,Nuevo,2024-06-18,crisol,2025-11-09
414399726,Lucía,Ramos,42,Masculino,Lima,Recurrente,2024-06-04,crisol,2025-11-09
903312223,Andrés,Castro,60,Otro,Trujillo,Recurrente,2024-01-31,crisol,2025-11-09
130677293,Juan,Díaz,23,Femenino,Ica,Nuevo,2023-04-06,crisol,2025-11-09
310057868,Juan,Herrera,64,Masculino,Arequipa,Nuevo,2023-11-23,crisol,2025-11-09
697798656,Ana,Salazar,23,Otro,Arequipa,Recurrente,2024-05-09,crisol,2025-11-09
296743138,José,Flores,66,Otro,Tacna,Nuevo,2023-11-19,crisol,2025-11-09
332140581,José,Vásquez,55,Femenino,Tacna,Recurrente,2023-02-05,crisol,2025-11-09
3919069,Ana,Ruiz,67,Masculino,Chiclayo,Recurrente,2024-02-18,crisol,2025-11-09
983546754,Carlos,Pérez,41,Femenino,Cusco,Recurrente,2024-01-24,crisol,2025-11-09
469799493,Rosa,García,39,Masculino,Ayacucho,Nuevo,2024-03-19,crisol,2025-11-09
963024851,Andrés,Ramos,45,Femenino,Huancayo,Nuevo,2024-02-07,crisol,2025-11-09
983697700,Sofía,Martínez,23,Otro,Huancayo,Recurrente,2023-08-19,crisol,2025-11-09
303001934,Juan,Flores,46,Otro,Cusco,Nuevo,2023-10-03,crisol,2025-11-09
829386021,Valeria,Torres,20,Otro,Piura,Nuevo,2024-07-29,crisol,2025-11-09
816267975,Ana,Ramos,44,Otro,Ica,Nuevo,2023-05-25,crisol,2025-11-09
405789203,Pedro,Ruiz,54,Otro,Piura,Nuevo,2024-02-02,crisol,2025-11-09
651689611,Lucía,Flores,18,Otro,Ica,Nuevo,2024-07-25,crisol,2025-11-09
596378535,Pedro,Herrera,58,Otro,Huancayo,Nuevo,2024-05-11,crisol,2025-11-09
839225097,Valeria,García,41,Masculino,Cusco,Recurrente,2024-03-15,crisol,2025-11-09
193928606,Sofía,Torres,22,Otro,Chiclayo,Recurrente,2023-01-24,crisol,2025-11-09
744332287,Valeria,López,26,Masculino,Huancayo,Nuevo,2024-01-03,crisol,2025-11-09
488071626,Rosa,Salazar,51,Otro,Arequipa,Recurrente,2023-07-11,crisol,2025-11-09
408172677,Juan,Martínez,23,Otro,Lima,Recurrente,2024-08-08,crisol,2025-11-09
395720862,Javier,Rodríguez,22,Femenino,Cusco,Nuevo,2023-11-18,crisol,2025-11-09
126463759,Lucía,Torres,47,Femenino,Ayacucho,Nuevo,2023-05-22,crisol,2025-11-09
524284242,Luis,Ramos,56,Masculino,Trujillo,Nuevo,2024-07-08,crisol,2025-11-09
722600617,Diego,Vásquez,59,Otro,Huánuco,Nuevo,2024-02-17,crisol,2025-11-09
147930241,José,Martínez,29,Masculino,Huánuco,Recurrente,2024-05-03,crisol,2025-11-09
358916917,Pedro,Castro,22,Femenino,Lima,Recurrente,2023-09-28,crisol,2025-11-09
774174394,Camila,Gonzales,35,Masculino,Huancayo,Recurrente,2023-12-21,crisol,2025-11-09
731234560,Luis,Gonzales,49,Masculino,Cusco,Nuevo,2024-06-01,crisol,2025-11-09
135741420,Juan,Vásquez,54,Masculino,Huánuco,Recurrente,2024-01-11,crisol,2025-11-09
533590589,Rosa,Pérez,63,Otro,Lima,Recurrente,2023-02-20,crisol,2025-11-09
68042297,Andrés,Ramos,32,Otro,Cusco,Nuevo,2023-02-24,crisol,2025-11-09
493232068,Carlos,López,70,Masculino,Pucallpa,Recurrente,2024-04-26,crisol,2025-11-09
190723740,Pedro,Rodríguez,53,Otro,Cusco,Recurrente,2023-10-14,crisol,2025-11-09
5429773,Juan,García,49,Otro,Tacna,Recurrente,2024-06-13,crisol,2025-11-09
196245885,Carlos,Ruiz,34,Otro,Chiclayo,Nuevo,2023-05-20,crisol,2025-11-09
450633661,María,Ramos,52,Femenino,Lima,Nuevo,2023-03-02,crisol,2025-11-09
844284468,Sofía,Díaz,59,Otro,Trujillo,Recurrente,2023-04-04,crisol,2025-11-09
124735136,Valeria,Gonzales,18,Otro,Huánuco,Recurrente,2023-04-22,crisol,2025-11-09
876475705,Andrés,García,38,Masculino,Cajamarca,Nuevo,2023-02-14,crisol,2025-11-09
798722372,Sofía,López,70,Femenino,Lima,Recurrente,2023-05-20,crisol,2025-11-09
214329144,Juan,Pérez,47,Masculino,Trujillo,Nuevo,2023-11-18,crisol,2025-11-09
730665669,Juan,Pérez,48,Femenino,Ayacucho,Recurrente,2023-03-30,crisol,2025-11-09
941947059,Pedro,Castro,68,Femenino,Arequipa,Recurrente,2023-10-28,crisol,2025-11-09
243742981,Diego,Salazar,27,Otro,Arequipa,Nuevo,2024-07-22,crisol,2025-11-09
615344632,Ana,Vásquez,44,Femenino,Huánuco,Nuevo,2023-10-13,crisol,2025-11-09
507039565,Diego,García,44,Otro,Huancayo,Recurrente,2024-06-11,crisol,2025-11-09
993957938,Carlos,Torres,30,Femenino,Trujillo,Nuevo,2023-08-07,crisol,2025-11-09
968189274,Diego,Ruiz,67,Masculino,Lima,Nuevo,2023-02-16,crisol,2025-11-09
165065333,Sofía,Flores,53,Otro,Piura,Nuevo,2023-07-07,crisol,2025-11-09
73788332,Lucía,Herrera,36,Masculino,Trujillo,Recurrente,2024-01-04,crisol,2025-11-09
470138283,Luis,Díaz,66,Masculino,Cusco,Recurrente,2023-06-05,crisol,2025-11-09
451698338,Pedro,Pérez,43,Femenino,Arequipa,Nuevo,2024-03-15,crisol,2025-11-09
480826586,Ana,Castro,53,Masculino,Ayacucho,Recurrente,2023-11-03,crisol,2025-11-09
999598814,Pedro,Díaz,30,Otro,Pucallpa,Recurrente,2023-11-22,crisol,2025-11-09
859210287,Ana,Ramos,69,Otro,Pucallpa,Nuevo,2023-05-22,crisol,2025-11-09
580026872,Juan,Gonzales,39,Masculino,Chiclayo,Recurrente,2023-10-11,crisol,2025-11-09
756652902,Juan,Ramos,41,Femenino,Piura,Nuevo,2023-03-23,crisol,2025-11-09
391080478,José,Rodríguez,31,Otro,Huánuco,Recurrente,2023-01-10,crisol,2025-11-09
637874179,Juan,Díaz,39,Femenino,Huancayo,Nuevo,2023-11-13,crisol,2025-11-09
784497112,Juan,Salazar,56,Masculino,Ica,Nuevo,2023-03-27,crisol,2025-11-09
107499879,Lucía,Flores,50,Femenino,Huancayo,Recurrente,2023-01-20,crisol,2025-11-09
152819463,Sofía,Flores,36,Otro,Chiclayo,Recurrente,2023-02-25,crisol,2025-11-09
737378898,Camila,Rodríguez,28,Otro,Lima,Nuevo,2024-01-15,crisol,2025-11-09
987173814,Ana,Gonzales,70,Femenino,Ayacucho,Recurrente,2023-07-01,crisol,2025-11-09
697964,Javier,García,60,Masculino,Huánuco,Nuevo,2023-11-18,crisol,2025-11-09
842816002,Diego,Herrera,54,Femenino,Lima,Nuevo,2024-03-03,crisol,2025-11-09
815556899,Diego,Ruiz,21,Masculino,Cusco,Nuevo,2023-08-08,crisol,2025-11-09
926449853,Camila,Herrera,29,Femenino,Trujillo,Recurrente,2023-09-23,crisol,2025-11-09
472612347,Andrés,Herrera,57,Femenino,Lima,Nuevo,2023-02-14,crisol,2025-11-09
896309776,Lucía,García,66,Femenino,Ayacucho,Nuevo,2023-05-13,crisol,2025-11-09
497889349,Valeria,Díaz,21,Femenino,Ayacucho,Recurrente,2024-01-10,crisol,2025-11-09
691396646,Juan,Herrera,32,Otro,Trujillo,Recurrente,2023-02-19,crisol,2025-11-09
10439717,José,Martínez,61,Otro,Ica,Recurrente,2023-01-13,crisol,2025-11-09
218252453,Camila,Herrera,55,Masculino,Lima,Nuevo,2023-05-10,crisol,2025-11-09
33750631,Javier,López,45,Masculino,Arequipa,Recurrente,2023-10-19,crisol,2025-11-09
69159137,María,Díaz,37,Otro,Piura,Recurrente,2023-08-15,crisol,2025-11-09
702164038,Sofía,Herrera,57,Otro,Huánuco,Recurrente,2024-01-03,crisol,2025-11-09
371630823,Diego,Flores,33,Femenino,Tacna,Nuevo,2023-05-31,crisol,2025-11-09
49074949,Sofía,Ramos,22,Masculino,Lima,Nuevo,2024-05-13,crisol,2025-11-09
611382669,Valeria,Pérez,59,Masculino,Cajamarca,Nuevo,2024-07-14,crisol,2025-11-09
63125085,María,Díaz,42,Otro,Chiclayo,Nuevo,2023-02-15,crisol,2025-11-09
835686725,Camila,Herrera,33,Femenino,Arequipa,Nuevo,2023-05-09,crisol,2025-11-09
769503997,Javier,López,60,Masculino,Piura,Recurrente,2023-11-11,crisol,2025-11-09
623901080,Camila,Gonzales,32,Masculino,Lima,Nuevo,2024-04-14,crisol,2025-11-09
404775916,Diego,Vásquez,28,Femenino,Cusco,Nuevo,2023-06-14,crisol,2025-11-09
679553060,Sofía,Vásquez,18,Masculino,Chiclayo,Nuevo,2024-01-24,crisol,2025-11-09
336192432,Luis,Rodríguez,43,Masculino,Pucallpa,Nuevo,2024-07-04,crisol,2025-11-09
273558458,Carlos,Castro,21,Otro,Huánuco,Recurrente,2024-08-09,crisol,2025-11-09
754256866,Diego,Rodríguez,32,Masculino,Pucallpa,Nuevo,2023-04-08,crisol,2025-11-09
74887063,Juan,Ruiz,68,Masculino,Piura,Nuevo,2024-03-07,crisol,2025-11-09
900794507,Andrés,Pérez,40,Masculino,Lima,Recurrente,2024-07-07,crisol,2025-11-09
596770527,Javier,Ramos,50,Femenino,Ica,Nuevo,2023-04-30,crisol,2025-11-09
94904011,José,Ramos,46,Masculino,Trujillo,Nuevo,2023-01-07,crisol,2025-11-09
302354833,Javier,Salazar,39,Femenino,Cusco,Recurrente,2024-07-30,crisol,2025-11-09
597519663,Diego,Díaz,46,Femenino,Piura,Recurrente,2023-03-31,crisol,2025-11-09
183601178,Valeria,Ruiz,55,Femenino,Pucallpa,Nuevo,2023-02-17,crisol,2025-11-09
247975484,Rosa,López,44,Otro,Trujillo,Recurrente,2023-01-09,crisol,2025-11-09
949986948,Camila,Rodríguez,47,Femenino,Cusco,Nuevo,2023-03-21,crisol,2025-11-09
274700215,Lucía,Torres,19,Otro,Piura,Nuevo,2024-03-31,crisol,2025-11-09
122980417,María,Flores,40,Masculino,Ica,Recurrente,2024-07-17,crisol,2025-11-09
6570447,Carlos,López,45,Otro,Huánuco,Nuevo,2023-06-25,crisol,2025-11-09
72504595,Sofía,Herrera,51,Masculino,Arequipa,Nuevo,2024-05-15,crisol,2025-11-09
776089213,Juan,Salazar,41,Otro,Huancayo,Nuevo,2023-04-25,crisol,2025-11-09
540234831,José,López,52,Femenino,Cusco,Nuevo,2023-03-25,crisol,2025-11-09
784185895,Valeria,Herrera,38,Otro,Ayacucho,Nuevo,2024-04-26,crisol,2025-11-09
179829630,Camila,Ruiz,24,Femenino,Arequipa,Nuevo,2023-02-21,crisol,2025-11-09
805749233,Diego,Gonzales,33,Femenino,Arequipa,Recurrente,2023-08-10,crisol,2025-11-09
72121887,Pedro,Ramos,56,Masculino,Arequipa,Recurrente,2024-05-06,crisol,2025-11-09
965524418,Carlos,Flores,50,Femenino,Cusco,Recurrente,2023-11-15,crisol,2025-11-09
930110222,Juan,Salazar,24,Otro,Huánuco,Nuevo,2024-05-03,crisol,2025-11-09
174497626,Juan,Pérez,29,Otro,Ica,Recurrente,2024-07-03,crisol,2025-11-09
136860018,Andrés,Herrera,32,Masculino,Tacna,Recurrente,2023-03-02,crisol,2025-11-09
270542162,María,Martínez,35,Femenino,Pucallpa,Recurrente,2023-05-15,crisol,2025-11-09
992733114,Camila,Vásquez,51,Otro,Huancayo,Nuevo,2024-01-04,crisol,2025-11-09
619843588,Valeria,Ruiz,30,Otro,Lima,Recurrente,2023-01-14,crisol,2025-11-09
136988709,Juan,Salazar,31,Masculino,Pucallpa,Recurrente,2023-06-02,crisol,2025-11-09
235168266,Rosa,Rodríguez,26,Otro,Chiclayo,Nuevo,2023-05-11,crisol,2025-11-09
746736540,Javier,García,33,Femenino,Ayacucho,Nuevo,2023-05-14,crisol,2025-11-09
540455195,María,Ramos,39,Masculino,Cajamarca,Nuevo,2023-07-21,crisol,2025-11-09
3098643,Andrés,Vásquez,21,Femenino,Ayacucho,Recurrente,2023-08-25,crisol,2025-11-09
889248079,Lucía,Torres,47,Femenino,Cajamarca,Recurrente,2023-04-09,crisol,2025-11-09
656169258,Pedro,López,26,Masculino,Tacna,Nuevo,2023-06-15,crisol,2025-11-09
642328417,María,Ramos,61,Otro,Ayacucho,Nuevo,2023-11-02,crisol,2025-11-09
406003375,Rosa,Castro,20,Masculino,Piura,Recurrente,2024-06-27,crisol,2025-11-09
234258002,María,Flores,19,Femenino,Ica,Recurrente,2024-07-08,crisol,2025-11-09
881733121,Luis,García,57,Femenino,Cajamarca,Nuevo,2024-08-04,crisol,2025-11-09
87144741,Diego,Vásquez,30,Masculino,Cajamarca,Nuevo,2024-05-28,crisol,2025-11-09
59997565,Sofía,Ramos,53,Femenino,Cajamarca,Recurrente,2024-02-07,crisol,2025-11-09
494463016,Diego,Herrera,20,Femenino,Ica,Recurrente,2023-06-06,crisol,2025-11-09
90315292,Valeria,Díaz,69,Femenino,Cusco,Nuevo,2023-11-07,crisol,2025-11-09
624073270,Luis,Flores,66,Femenino,Pucallpa,Recurrente,2024-03-27,crisol,2025-11-09
463303681,José,López,61,Femenino,Piura,Recurrente,2023-08-19,crisol,2025-11-09
609405267,José,Gonzales,18,Femenino,Tacna,Recurrente,2023-06-21,crisol,2025-11-09
487065766,Ana,Rodríguez,28,Femenino,Huánuco,Nuevo,2023-05-01,crisol,2025-11-09
94982824,Luis,Rodríguez,34,Masculino,Trujillo,Nuevo,2023-05-21,crisol,2025-11-09
987450726,Rosa,Ruiz,39,Otro,Arequipa,Recurrente,2023-09-30,crisol,2025-11-09
723171704,Carlos,García,61,Otro,Arequipa,Recurrente,2023-02-10,crisol,2025-11-09
573164392,Camila,Torres,56,Otro,Piura,Nuevo,2024-02-22,crisol,2025-11-09
158397223,Andrés,López,64,Femenino,Ayacucho,Nuevo,2024-08-07,crisol,2025-11-09
733041703,José,Martínez,32,Masculino,Arequipa,Nuevo,2023-09-03,crisol,2025-11-09
952797216,Carlos,Ruiz,36,Femenino,Huánuco,Recurrente,2023-02-28,crisol,2025-11-09
391561974,Pedro,López,32,Masculino,Pucallpa,Recurrente,2023-02-05,crisol,2025-11-09
868567809,Camila,López,22,Masculino,Ayacucho,Recurrente,2024-06-25,crisol,2025-11-09
536342896,José,Pérez,41,Otro,Pucallpa,Nuevo,2024-04-23,crisol,2025-11-09
835759851,Camila,Ramos,62,Otro,Tacna,Nuevo,2023-12-05,crisol,2025-11-09
854769398,Lucía,Ramos,55,Otro,Ayacucho,Recurrente,2023-10-02,crisol,2025-11-09
774968535,Diego,Herrera,58,Femenino,Ica,Nuevo,2023-09-03,crisol,2025-11-09
468780797,Sofía,Castro,48,Femenino,Cajamarca,Nuevo,2024-05-29,crisol,2025-11-09
410499835,Diego,García,45,Masculino,Pucallpa,Nuevo,2023-07-01,crisol,2025-11-09
368569991,Luis,Gonzales,19,Otro,Ayacucho,Recurrente,2024-08-09,crisol,2025-11-09
356525687,Javier,Vásquez,57,Femenino,Arequipa,Nuevo,2023-12-16,crisol,2025-11-09
199033911,Diego,Ramos,56,Masculino,Cusco,Recurrente,2024-01-16,crisol,2025-11-09
618170969,José,Ramos,37,Femenino,Huánuco,Nuevo,2023-09-03,crisol,2025-11-09
14545162,Lucía,Vásquez,35,Masculino,Ica,Nuevo,2023-05-02,crisol,2025-11-09
285287934,Carlos,Ramos,25,Femenino,Lima,Recurrente,2023-09-29,crisol,2025-11-09
698646390,Pedro,Castro,30,Masculino,Trujillo,Recurrente,2024-03-01,crisol,2025-11-09
876793968,María,Martínez,67,Femenino,Pucallpa,Nuevo,2023-02-27,crisol,2025-11-09
486195859,Valeria,Ramos,32,Otro,Trujillo,Nuevo,2023-04-17,crisol,2025-11-09
974378155,Andrés,Herrera,19,Masculino,Arequipa,Recurrente,2023-05-05,crisol,2025-11-09
532234943,Pedro,Vásquez,40,Masculino,Huánuco,Recurrente,2023-03-23,crisol,2025-11-09
395523897,Camila,Díaz,46,Masculino,Arequipa,Nuevo,2023-06-10,crisol,2025-11-09
224535804,Sofía,Vásquez,60,Femenino,Ayacucho,Recurrente,2024-03-19,crisol,2025-11-09
954749911,Javier,Díaz,69,Femenino,Pucallpa,Nuevo,2024-05-25,crisol,2025-11-09
52193976,María,Torres,30,Otro,Huánuco,Recurrente,2023-01-26,crisol,2025-11-09
742493520,Pedro,Ramos,68,Femenino,Ayacucho,Recurrente,2023-08-16,crisol,2025-11-09
971669017,Lucía,Torres,46,Masculino,Piura,Nuevo,2023-11-28,crisol,2025-11-09
436731210,Ana,López,47,Masculino,Huancayo,Nuevo,2023-03-05,crisol,2025-11-09
693320994,Rosa,Pérez,66,Otro,Ayacucho,Nuevo,2023-06-06,crisol,2025-11-09
873673014,Lucía,Herrera,52,Masculino,Lima,Recurrente,2024-01-12,crisol,2025-11-09
349485406,Andrés,Díaz,60,Masculino,Lima,Nuevo,2023-06-05,crisol,2025-11-09
519524536,Rosa,Salazar,29,Otro,Huánuco,Nuevo,2023-07-10,crisol,2025-11-09
343370407,Lucía,Salazar,30,Masculino,Cajamarca,Nuevo,2023-11-05,crisol,2025-11-09
243427104,Valeria,Ruiz,68,Masculino,Trujillo,Recurrente,2024-02-12,crisol,2025-11-09
568102406,Diego,Salazar,62,Masculino,Chiclayo,Recurrente,2023-02-05,crisol,2025-11-09
213094252,María,López,42,Otro,Cusco,Nuevo,2023-06-07,crisol,2025-11-09
556302923,Diego,Ramos,29,Otro,Lima,Recurrente,2023-07-10,crisol,2025-11-09
618060269,Camila,Salazar,49,Masculino,Cusco,Nuevo,2024-01-18,crisol,2025-11-09
660748777,Sofía,Vásquez,60,Otro,Ica,Recurrente,2023-06-01,crisol,2025-11-09
181436558,Carlos,Salazar,62,Femenino,Ica,Recurrente,2023-07-14,crisol,2025-11-09
959518748,Pedro,Castro,56,Masculino,Lima,Nuevo,2024-04-30,crisol,2025-11-09
742159490,Camila,Vásquez,68,Masculino,Trujillo,Nuevo,2023-05-13,crisol,2025-11-09
243349813,José,Ramos,23,Otro,Cusco,Recurrente,2024-04-25,crisol,2025-11-09
426378600,María,Herrera,21,Otro,Chiclayo,Nuevo,2023-07-11,crisol,2025-11-09
417782164,Valeria,Torres,68,Masculino,Trujillo,Nuevo,2023-06-12,crisol,2025-11-09
890953276,Rosa,López,42,Masculino,Huancayo,Nuevo,2023-05-08,crisol,2025-11-09
167472502,José,García,40,Otro,Arequipa,Nuevo,2024-07-25,crisol,2025-11-09
727750968,Pedro,Salazar,29,Otro,Huancayo,Recurrente,2024-05-19,crisol,2025-11-09
715348960,Diego,Vásquez,58,Femenino,Ayacucho,Recurrente,2024-06-30,crisol,2025-11-09
922912547,Luis,Flores,43,Femenino,Ica,Nuevo,2023-09-26,crisol,2025-11-09
140686092,Carlos,López,31,Otro,Huánuco,Nuevo,2023-06-15,crisol,2025-11-09
987458775,Camila,Díaz,19,Otro,Huancayo,Recurrente,2023-10-27,crisol,2025-11-09
272468758,Carlos,Gonzales,53,Otro,Ayacucho,Nuevo,2023-07-08,crisol,2025-11-09
191811319,Camila,Gonzales,43,Masculino,Cajamarca,Nuevo,2023-12-12,crisol,2025-11-09
226627746,Sofía,Salazar,21,Femenino,Ica,Recurrente,2024-05-05,crisol,2025-11-09
928242554,Diego,López,22,Otro,Huancayo,Nuevo,2023-10-06,crisol,2025-11-09
426081956,Andrés,Flores,49,Femenino,Huancayo,Recurrente,2023-01-07,crisol,2025-11-09
521373414,Andrés,Gonzales,32,Otro,Pucallpa,Recurrente,2024-07-29,crisol,2025-11-09
347848188,Carlos,Pérez,60,Masculino,Ica,Recurrente,2023-06-28,crisol,2025-11-09
430884687,Andrés,Pérez,50,Femenino,Tacna,Nuevo,2024-08-07,crisol,2025-11-09
889242841,Camila,Torres,60,Femenino,Cajamarca,Nuevo,2023-10-11,crisol,2025-11-09
849065814,Lucía,Pérez,41,Femenino,Pucallpa,Nuevo,2023-06-28,crisol,2025-11-09
672387031,Andrés,García,41,Masculino,Cajamarca,Recurrente,2023-10-02,crisol,2025-11-09
77331835,María,Castro,67,Otro,Cusco,Nuevo,2023-10-06,crisol,2025-11-09
18153736,Valeria,Herrera,60,Masculino,Piura,Recurrente,2023-08-05,crisol,2025-11-09
634511209,Sofía,Torres,53,Femenino,Cusco,Recurrente,2023-03-03,crisol,2025-11-09
512347052,Diego,Pérez,69,Masculino,Lima,Nuevo,2024-03-21,crisol,2025-11-09
169968727,Andrés,Pérez,22,Otro,Tacna,Nuevo,2023-05-20,crisol,2025-11-09
782719285,Andrés,García,27,Femenino,Huancayo,Recurrente,2024-08-08,crisol,2025-11-09
261618173,Diego,Ruiz,45,Otro,Cajamarca,Nuevo,2024-08-03,crisol,2025-11-09
694996875,Lucía,Ramos,20,Otro,Arequipa,Nuevo,2023-03-17,crisol,2025-11-09
177139151,José,Torres,48,Masculino,Huancayo,Recurrente,2023-07-09,crisol,2025-11-09
141574585,Lucía,Salazar,42,Otro,Trujillo,Nuevo,2023-12-14,crisol,2025-11-09
746736837,Valeria,Díaz,52,Otro,Chiclayo,Recurrente,2024-03-06,crisol,2025-11-09
378404740,Ana,Vásquez,58,Masculino,Tacna,Recurrente,2023-11-13,crisol,2025-11-09
217986019,María,Castro,23,Otro,Trujillo,Nuevo,2023-11-13,crisol,2025-11-09
202267303,Juan,Díaz,61,Otro,Trujillo,Nuevo,2023-12-09,crisol,2025-11-09
195087087,Ana,García,27,Masculino,Huánuco,Nuevo,2023-03-12,crisol,2025-11-09
377927960,Rosa,Pérez,67,Femenino,Chiclayo,Recurrente,2023-10-06,crisol,2025-11-09
303641609,Valeria,Salazar,47,Femenino,Chiclayo,Nuevo,2023-02-21,crisol,2025-11-09
1278408,Carlos,Ramos,53,Femenino,Cajamarca,Nuevo,2024-07-11,crisol,2025-11-09
714447710,Diego,Ramos,49,Femenino,Pucallpa,Nuevo,2024-04-05,crisol,2025-11-09
991447290,Luis,Herrera,23,Femenino,Ica,Nuevo,2023-12-22,crisol,2025-11-09
458090912,Camila,Pérez,34,Femenino,Lima,Nuevo,2023-09-08,crisol,2025-11-09
379034438,Sofía,Ruiz,32,Femenino,Ica,Nuevo,2024-01-31,crisol,2025-11-09
292486848,Valeria,Ramos,57,Masculino,Chiclayo,Nuevo,2023-04-23,crisol,2025-11-09
947826169,Andrés,Castro,59,Femenino,Huánuco,Nuevo,2024-01-25,crisol,2025-11-09
239165424,Sofía,López,21,Otro,Cusco,Nuevo,2023-01-09,crisol,2025-11-09
192464207,Sofía,Gonzales,25,Masculino,Arequipa,Nuevo,2024-02-28,crisol,2025-11-09
724154194,Ana,Ramos,37,Masculino,Huancayo,Recurrente,2023-10-24,crisol,2025-11-09
983724827,Pedro,Castro,53,Otro,Trujillo,Nuevo,2024-02-07,crisol,2025-11-09
374393308,Javier,Martínez,44,Otro,Cajamarca,Nuevo,2023-12-05,crisol,2025-11-09
809299884,Luis,Vásquez,36,Otro,Ica,Nuevo,2023-09-21,crisol,2025-11-09
843493564,María,Flores,37,Otro,Huancayo,Nuevo,2023-09-08,crisol,2025-11-09
808507722,Valeria,López,63,Femenino,Pucallpa,Nuevo,2023-10-19,crisol,2025-11-09
243111206,Valeria,Herrera,35,Femenino,Pucallpa,Nuevo,2024-07-28,crisol,2025-11-09
183972085,Carlos,López,21,Otro,Cusco,Nuevo,2023-05-12,crisol,2025-11-09
650084905,Camila,Torres,64,Masculino,Piura,Recurrente,2024-06-29,crisol,2025-11-09
689927700,Diego,Herrera,51,Otro,Pucallpa,Nuevo,2023-06-11,crisol,2025-11-09
111251825,Juan,Herrera,66,Otro,Chiclayo,Nuevo,2023-06-27,crisol,2025-11-09
123634420,Rosa,Torres,66,Masculino,Chiclayo,Nuevo,2024-06-15,crisol,2025-11-09
373391201,Ana,Martínez,58,Otro,Trujillo,Nuevo,2023-12-11,crisol,2025-11-09
507469315,Diego,Castro,26,Masculino,Lima,Nuevo,2023-02-13,crisol,2025-11-09
324024403,Luis,Castro,45,Femenino,Cajamarca,Recurrente,2023-06-01,crisol,2025-11-09
776889251,Valeria,López,54,Masculino,Lima,Nuevo,2023-12-31,crisol,2025-11-09
114499625,Carlos,Flores,25,Masculino,Ayacucho,Recurrente,2023-12-08,crisol,2025-11-09
921776951,José,Vásquez,40,Otro,Ayacucho,Nuevo,2023-07-14,crisol,2025-11-09
355158753,Valeria,Gonzales,58,Otro,Chiclayo,Recurrente,2024-07-22,crisol,2025-11-09
461971098,Diego,García,54,Otro,Ica,Recurrente,2023-09-25,crisol,2025-11-09
757864453,Sofía,Díaz,37,Masculino,Pucallpa,Recurrente,2024-02-11,crisol,2025-11-09
416489739,Ana,García,22,Masculino,Arequipa,Nuevo,2023-02-19,crisol,2025-11-09
950280848,Ana,Martínez,29,Masculino,Cajamarca,Nuevo,2023-05-19,crisol,2025-11-09
35954751,Rosa,López,30,Femenino,Chiclayo,Nuevo,2023-09-29,crisol,2025-11-09
436559233,Ana,Salazar,24,Masculino,Pucallpa,Nuevo,2024-04-06,crisol,2025-11-09
766872447,Valeria,Ramos,50,Otro,Ayacucho,Recurrente,2024-02-10,crisol,2025-11-09
839055093,Rosa,Díaz,19,Masculino,Arequipa,Recurrente,2023-11-18,crisol,2025-11-09
763168039,Camila,Herrera,27,Otro,Pucallpa,Nuevo,2024-08-19,crisol,2025-11-09
53819205,Carlos,Herrera,69,Otro,Huancayo,Recurrente,2024-05-13,crisol,2025-11-09
470464462,Javier,Martínez,22,Femenino,Pucallpa,Nuevo,2023-02-08,crisol,2025-11-09
324375336,Ana,Vásquez,38,Masculino,Huánuco,Nuevo,2024-01-11,crisol,2025-11-09
50392501,Carlos,Rodríguez,70,Otro,Piura,Recurrente,2024-03-08,crisol,2025-11-09
419664953,Sofía,Rodríguez,46,Femenino,Ayacucho,Recurrente,2023-06-13,crisol,2025-11-09
213642767,Ana,Rodríguez,51,Masculino,Piura,Recurrente,2023-01-10,crisol,2025-11-09
146342612,Juan,Rodríguez,39,Femenino,Piura,Recurrente,2023-08-09,crisol,2025-11-09
219484826,Javier,Pérez,32,Masculino,Ica,Nuevo,2024-02-23,crisol,2025-11-09
502990092,Lucía,García,64,Otro,Huancayo,Recurrente,2024-03-14,crisol,2025-11-09
841076154,Lucía,Gonzales,70,Masculino,Chiclayo,Recurrente,2023-05-26,crisol,2025-11-09
833122427,Lucía,Castro,57,Femenino,Trujillo,Recurrente,2023-09-13,crisol,2025-11-09
964912720,Camila,Pérez,29,Femenino,Tacna,Nuevo,2023-02-27,crisol,2025-11-09
84011602,Javier,Rodríguez,32,Otro,Piura,Nuevo,2023-09-22,crisol,2025-11-09
876242839,Lucía,Rodríguez,33,Masculino,Ica,Nuevo,2023-05-15,crisol,2025-11-09
50108003,Carlos,Díaz,36,Femenino,Huancayo,Recurrente,2024-08-18,crisol,2025-11-09
869193386,Camila,Flores,67,Masculino,Huancayo,Nuevo,2023-06-16,crisol,2025-11-09
175456486,Andrés,Flores,26,Femenino,Lima,Recurrente,2023-03-01,crisol,2025-11-09
471744824,Rosa,Herrera,64,Femenino,Pucallpa,Recurrente,2024-07-13,crisol,2025-11-09
496680697,Camila,Flores,24,Femenino,Tacna,Recurrente,2024-05-22,crisol,2025-11-09
344794527,Rosa,Martínez,44,Masculino,Piura,Recurrente,2023-07-07,crisol,2025-11-09
993919115,Luis,Pérez,42,Femenino,Tacna,Nuevo,2024-07-03,crisol,2025-11-09
936729321,Javier,Torres,27,Otro,Chiclayo,Recurrente,2023-12-14,crisol,2025-11-09
543087065,Rosa,Herrera,22,Masculino,Huánuco,Nuevo,2023-02-11,crisol,2025-11-09
861854387,Valeria,Flores,62,Femenino,Cajamarca,Nuevo,2024-06-30,crisol,2025-11-09
302523984,Camila,Martínez,50,Otro,Ayacucho,Nuevo,2023-09-11,crisol,2025-11-09
521267068,Ana,Salazar,30,Femenino,Piura,Recurrente,2023-03-20,crisol,2025-11-09
853011821,Carlos,García,26,Masculino,Huancayo,Recurrente,2023-05-03,crisol,2025-11-09
570066556,Lucía,Díaz,20,Masculino,Ayacucho,Nuevo,2024-07-20,crisol,2025-11-09
446599993,Diego,Herrera,65,Otro,Lima,Recurrente,2023-03-17,crisol,2025-11-09
487923963,Rosa,Pérez,70,Femenino,Pucallpa,Recurrente,2023-08-19,crisol,2025-11-09
642381335,Carlos,Gonzales,24,Otro,Piura,Recurrente,2023-12-30,crisol,2025-11-09
191343796,Valeria,Gonzales,65,Masculino,Chiclayo,Nuevo,2023-06-29,crisol,2025-11-09
152584053,Javier,Torres,42,Otro,Pucallpa,Nuevo,2024-07-24,crisol,2025-11-09
487912048,Carlos,Rodríguez,19,Femenino,Pucallpa,Nuevo,2023-04-26,crisol,2025-11-09
403383841,Carlos,Ramos,61,Femenino,Tacna,Recurrente,2024-01-27,crisol,2025-11-09
912677735,Ana,Herrera,30,Otro,Ayacucho,Nuevo,2024-07-06,crisol,2025-11-09
876660776,Ana,López,36,Femenino,Pucallpa,Nuevo,2023-01-19,crisol,2025-11-09
327204844,Pedro,Vásquez,51,Femenino,Arequipa,Nuevo,2023-12-05,crisol,2025-11-09
12609563,Luis,Torres,19,Masculino,Lima,Recurrente,2024-01-22,crisol,2025-11-09
822438169,Pedro,Salazar,40,Masculino,Piura,Recurrente,2023-11-17,crisol,2025-11-09
203438093,Diego,Salazar,46,Femenino,Pucallpa,Recurrente,2023-07-06,crisol,2025-11-09
426555697,José,Salazar,60,Masculino,Huánuco,Recurrente,2023-11-21,crisol,2025-11-09
444652427,Ana,Martínez,29,Femenino,Chiclayo,Nuevo,2023-06-24,crisol,2025-11-09
171817988,Javier,Gonzales,54,Masculino,Lima,Nuevo,2024-02-13,crisol,2025-11-09
375046939,Pedro,García,27,Otro,Huánuco,Nuevo,2024-01-13,crisol,2025-11-09
614936900,Camila,Herrera,28,Masculino,Piura,Nuevo,2023-03-15,crisol,2025-11-09
346367983,Javier,Vásquez,67,Femenino,Ica,Nuevo,2023-11-22,crisol,2025-11-09
339092647,Diego,Salazar,62,Otro,Cajamarca,Nuevo,2023-09-08,crisol,2025-11-09
497434896,Andrés,Ruiz,69,Masculino,Tacna,Nuevo,2023-10-31,crisol,2025-11-09
713050798,Diego,Rodríguez,20,Femenino,Cajamarca,Nuevo,2023-09-23,crisol,2025-11-09
669480579,Pedro,Pérez,59,Otro,Arequipa,Nuevo,2023-07-19,crisol,2025-11-09
219862291,Camila,García,32,Otro,Arequipa,Recurrente,2023-02-11,crisol,2025-11-09
46825230,Luis,Castro,52,Masculino,Ayacucho,Recurrente,2023-03-07,crisol,2025-11-09
879310849,Andrés,García,29,Masculino,Huancayo,Recurrente,2023-06-27,crisol,2025-11-09
839785263,María,Gonzales,65,Femenino,Arequipa,Recurrente,2023-04-26,crisol,2025-11-09
763676110,Sofía,Díaz,27,Femenino,Arequipa,Nuevo,2024-05-26,crisol,2025-11-09
431068038,Luis,Herrera,18,Masculino,Trujillo,Nuevo,2024-06-27,crisol,2025-11-09
350809299,Luis,Díaz,52,Masculino,Cajamarca,Nuevo,2023-11-09,crisol,2025-11-09
805388622,Carlos,Vásquez,61,Masculino,Lima,Recurrente,2023-07-01,crisol,2025-11-09
612051373,Javier,Díaz,49,Femenino,Tacna,Nuevo,2023-09-08,crisol,2025-11-09
893254743,Sofía,Díaz,38,Otro,Cajamarca,Recurrente,2023-10-16,crisol,2025-11-09
934387619,José,Ruiz,37,Otro,Huancayo,Nuevo,2023-05-13,crisol,2025-11-09
233765973,Luis,Salazar,29,Masculino,Piura,Nuevo,2024-03-22,crisol,2025-11-09
868295630,Carlos,Rodríguez,22,Masculino,Huánuco,Nuevo,2023-03-07,crisol,2025-11-09
48825334,Luis,Rodríguez,57,Femenino,Arequipa,Nuevo,2023-04-26,crisol,2025-11-09
302155787,Camila,Torres,50,Otro,Trujillo,Recurrente,2023-04-25,crisol,2025-11-09
96687876,Lucía,Vásquez,57,Femenino,Huánuco,Recurrente,2024-02-21,crisol,2025-11-09
631497110,Valeria,Castro,57,Femenino,Piura,Recurrente,2023-04-09,crisol,2025-11-09
699744320,Carlos,Díaz,62,Masculino,Huancayo,Recurrente,2023-01-21,crisol,2025-11-09
61217307,Ana,Herrera,45,Femenino,Cajamarca,Nuevo,2023-06-22,crisol,2025-11-09
758309093,Juan,Pérez,18,Femenino,Ica,Recurrente,2024-07-06,crisol,2025-11-09
361486522,Ana,Díaz,43,Masculino,Huancayo,Nuevo,2023-02-17,crisol,2025-11-09
350724299,Diego,Rodríguez,35,Masculino,Arequipa,Recurrente,2024-07-17,crisol,2025-11-09
762125171,Juan,Herrera,40,Otro,Ayacucho,Nuevo,2024-03-03,crisol,2025-11-09
904575175,Diego,Castro,28,Otro,Trujillo,Nuevo,2023-03-05,crisol,2025-11-09
64039356,Lucía,Ramos,52,Otro,Cajamarca,Nuevo,2024-04-13,crisol,2025-11-09
812056458,José,Herrera,33,Masculino,Huánuco,Recurrente,2023-07-31,crisol,2025-11-09
947055457,Rosa,Díaz,57,Femenino,Tacna,Recurrente,2023-07-28,crisol,2025-11-09
230307055,Rosa,Torres,44,Otro,Huancayo,Nuevo,2023-04-27,crisol,2025-11-09
948406969,Andrés,Díaz,69,Femenino,Huánuco,Nuevo,2023-04-18,crisol,2025-11-09
266107754,José,Díaz,37,Masculino,Lima,Recurrente,2023-07-14,crisol,2025-11-09
166486397,Andrés,Díaz,68,Masculino,Ica,Recurrente,2023-06-06,crisol,2025-11-09
106460807,Andrés,Díaz,50,Otro,Ica,Nuevo,2023-07-11,crisol,2025-11-09
495087968,Camila,Castro,64,Masculino,Arequipa,Nuevo,2023-01-21,crisol,2025-11-09
436004269,Javier,Torres,49,Femenino,Huancayo,Recurrente,2024-03-08,crisol,2025-11-09
811230903,Andrés,Ruiz,41,Otro,Huánuco,Nuevo,2024-07-05,crisol,2025-11-09
561187595,María,Vásquez,59,Femenino,Ica,Recurrente,2023-05-11,crisol,2025-11-09
501532871,Valeria,Torres,44,Masculino,Chiclayo,Recurrente,2023-04-24,crisol,2025-11-09
378325727,Valeria,Ramos,55,Otro,Tacna,Nuevo,2023-11-03,crisol,2025-11-09
375748989,Andrés,Torres,29,Otro,Tacna,Nuevo,2023-06-04,crisol,2025-11-09
753224738,José,Ramos,41,Otro,Cajamarca,Nuevo,2023-06-24,crisol,2025-11-09
656738678,Rosa,Gonzales,54,Masculino,Huánuco,Nuevo,2023-07-29,crisol,2025-11-09
330763906,Valeria,Díaz,55,Otro,Huánuco,Nuevo,2023-08-17,crisol,2025-11-09
646761915,Luis,Salazar,45,Otro,Tacna,Nuevo,2024-03-31,crisol,2025-11-09
792608419,Luis,Herrera,26,Otro,Piura,Nuevo,2023-10-02,crisol,2025-11-09
673667319,Lucía,Rodríguez,66,Otro,Cajamarca,Nuevo,2023-11-08,crisol,2025-11-09
67569640,Diego,Torres,54,Otro,Cajamarca,Nuevo,2024-07-29,crisol,2025-11-09
4130943,Pedro,Flores,56,Femenino,Pucallpa,Recurrente,2024-05-24,crisol,2025-11-09
273707633,Pedro,Gonzales,61,Otro,Piura,Nuevo,2023-10-10,crisol,2025-11-09
80818365,Pedro,López,69,Otro,Trujillo,Nuevo,2023-11-06,crisol,2025-11-09
120843803,José,Torres,33,Femenino,Chiclayo,Nuevo,2023-12-18,crisol,2025-11-09
221467715,José,Ruiz,55,Otro,Trujillo,Nuevo,2024-01-25,crisol,2025-11-09
314571238,Diego,Castro,52,Masculino,Pucallpa,Nuevo,2023-01-11,crisol,2025-11-09
850763485,Valeria,Rodríguez,60,Otro,Arequipa,Recurrente,2023-01-11,crisol,2025-11-09
350756034,Carlos,García,20,Masculino,Cajamarca,Nuevo,2024-04-14,crisol,2025-11-09
41966685,José,Ramos,36,Otro,Piura,Recurrente,2023-01-19,crisol,2025-11-09
901800631,Pedro,Rodríguez,35,Otro,Pucallpa,Nuevo,2023-04-17,crisol,2025-11-09
826966364,Ana,Pérez,53,Otro,Piura,Nuevo,2023-02-12,crisol,2025-11-09
354205969,Lucía,Martínez,60,Otro,Arequipa,Nuevo,2024-04-30,crisol,2025-11-09
281225320,Rosa,Vásquez,65,Masculino,Arequipa,Nuevo,2023-08-31,crisol,2025-11-09
15643227,Carlos,Herrera,46,Femenino,Lima,Nuevo,2023-08-06,crisol,2025-11-09
49310804,Andrés,Gonzales,64,Femenino,Trujillo,Recurrente,2023-04-15,crisol,2025-11-09
635841848,Javier,Vásquez,67,Otro,Cusco,Recurrente,2023-01-18,crisol,2025-11-09
978351100,Sofía,Ramos,36,Masculino,Arequipa,Nuevo,2024-08-01,crisol,2025-11-09
205709493,Rosa,Torres,52,Otro,Pucallpa,Nuevo,2024-08-06,crisol,2025-11-09
55605129,Pedro,Flores,48,Otro,Lima,Recurrente,2024-06-27,crisol,2025-11-09
506917907,Carlos,Ramos,59,Masculino,Lima,Nuevo,2023-07-28,crisol,2025-11-09
459268147,Sofía,Herrera,62,Masculino,Lima,Nuevo,2023-10-30,crisol,2025-11-09
325361053,Luis,Rodríguez,56,Otro,Lima,Nuevo,2023-10-08,crisol,2025-11-09
714323020,Sofía,Ramos,53,Femenino,Cusco,Nuevo,2023-02-09,crisol,2025-11-09
405691670,Carlos,Flores,67,Masculino,Huancayo,Nuevo,2023-12-19,crisol,2025-11-09
656358865,Valeria,Ramos,48,Masculino,Cusco,Recurrente,2023-07-02,crisol,2025-11-09
197822758,Rosa,Rodríguez,25,Otro,Lima,Nuevo,2023-08-09,crisol,2025-11-09
682043247,Andrés,Salazar,36,Femenino,Trujillo,Nuevo,2024-05-25,crisol,2025-11-09
329964279,Lucía,Herrera,42,Femenino,Arequipa,Nuevo,2023-11-30,crisol,2025-11-09
399824326,Valeria,López,56,Femenino,Cusco,Nuevo,2023-08-26,crisol,2025-11-09
573783531,Ana,Gonzales,18,Femenino,Huancayo,Recurrente,2023-10-22,crisol,2025-11-09
357574208,Camila,Gonzales,31,Masculino,Huánuco,Recurrente,2023-02-27,crisol,2025-11-09
3569442,Camila,López,43,Masculino,Tacna,Nuevo,2023-04-04,crisol,2025-11-09
999136389,Rosa,García,63,Femenino,Ica,Recurrente,2023-05-27,crisol,2025-11-09
680008564,Lucía,Torres,28,Femenino,Trujillo,Nuevo,2024-07-12,crisol,2025-11-09
785449020,Ana,Castro,40,Otro,Cusco,Recurrente,2023-11-25,crisol,2025-11-09
595007427,Sofía,Rodríguez,29,Otro,Tacna,Nuevo,2023-12-21,crisol,2025-11-09
150262765,Camila,Vásquez,38,Masculino,Cajamarca,Nuevo,2024-05-29,crisol,2025-11-09
351856326,Lucía,Gonzales,57,Masculino,Chiclayo,Nuevo,2023-12-11,crisol,2025-11-09
983801932,Juan,Díaz,58,Masculino,Cusco,Nuevo,2023-04-05,crisol,2025-11-09
277375815,Lucía,Torres,37,Femenino,Chiclayo,Nuevo,2024-01-10,crisol,2025-11-09
685722215,Ana,Gonzales,67,Masculino,Pucallpa,Nuevo,2024-06-25,crisol,2025-11-09
785764410,Camila,Vásquez,64,Femenino,Huancayo,Recurrente,2024-04-17,crisol,2025-11-09
127863848,Sofía,Castro,37,Otro,Trujillo,Recurrente,2024-04-15,crisol,2025-11-09
214145782,Luis,Martínez,56,Masculino,Lima,Nuevo,2024-05-15,crisol,2025-11-09
548193635,Pedro,Pérez,32,Masculino,Huancayo,Nuevo,2024-03-07,crisol,2025-11-09
89277215,Rosa,Flores,22,Otro,Ica,Nuevo,2024-06-17,crisol,2025-11-09
986171919,Valeria,Rodríguez,45,Masculino,Arequipa,Nuevo,2024-07-01,crisol,2025-11-09
955226971,Carlos,Flores,53,Masculino,Cusco,Recurrente,2024-05-06,crisol,2025-11-09
583369363,Lucía,López,18,Femenino,Arequipa,Nuevo,2023-11-20,crisol,2025-11-09
734730622,María,Gonzales,29,Masculino,Chiclayo,Recurrente,2024-02-23,crisol,2025-11-09
350807271,Rosa,Salazar,31,Femenino,Ayacucho,Nuevo,2024-06-08,crisol,2025-11-09
53689819,María,Díaz,54,Masculino,Cusco,Nuevo,2024-05-04,crisol,2025-11-09
201854363,Luis,Martínez,42,Femenino,Huancayo,Recurrente,2024-03-29,crisol,2025-11-09
797045810,José,Herrera,28,Otro,Trujillo,Nuevo,2023-03-08,crisol,2025-11-09
333280484,Ana,López,70,Femenino,Huánuco,Nuevo,2024-08-12,crisol,2025-11-09
275900673,Javier,Ramos,58,Femenino,Pucallpa,Recurrente,2023-12-16,crisol,2025-11-09
56541402,Valeria,Castro,54,Otro,Trujillo,Nuevo,2023-02-07,crisol,2025-11-09
120436830,Juan,Díaz,56,Otro,Cusco,Nuevo,2024-08-14,crisol,2025-11-09
18212699,Pedro,Herrera,32,Otro,Ayacucho,Nuevo,2023-04-08,crisol,2025-11-09
756206028,María,Díaz,56,Femenino,Tacna,Nuevo,2023-10-22,crisol,2025-11-09
182752130,Andrés,Martínez,42,Femenino,Ayacucho,Recurrente,2024-06-13,crisol,2025-11-09
319482003,Valeria,Flores,60,Otro,Ayacucho,Nuevo,2024-01-15,crisol,2025-11-09
470342322,Carlos,Díaz,41,Femenino,Cusco,Recurrente,2024-08-07,crisol,2025-11-09
374230679,Diego,Díaz,26,Otro,Ayacucho,Nuevo,2023-02-22,crisol,2025-11-09
192360970,Carlos,García,46,Otro,Piura,Nuevo,2024-07-05,crisol,2025-11-09
654126431,Andrés,Herrera,60,Otro,Huancayo,Recurrente,2023-11-03,crisol,2025-11-09
567812152,Pedro,López,58,Otro,Chiclayo,Recurrente,2024-04-18,crisol,2025-11-09
15449752,Javier,Gonzales,66,Otro,Arequipa,Nuevo,2023-09-26,crisol,2025-11-09
993684208,Sofía,Flores,24,Femenino,Trujillo,Recurrente,2024-03-11,crisol,2025-11-09
532940741,Diego,Vásquez,28,Otro,Cajamarca,Recurrente,2023-04-18,crisol,2025-11-09
89120763,Carlos,Ruiz,31,Otro,Lima,Nuevo,2024-05-29,crisol,2025-11-09
366917992,Diego,Ramos,52,Masculino,Trujillo,Nuevo,2023-09-09,crisol,2025-11-09
654719022,Lucía,Vásquez,52,Masculino,Pucallpa,Recurrente,2023-12-11,crisol,2025-11-09
618945314,Juan,Herrera,70,Masculino,Ayacucho,Recurrente,2024-08-09,crisol,2025-11-09
676752672,Rosa,Rodríguez,24,Femenino,Chiclayo,Nuevo,2024-01-15,crisol,2025-11-09
338897511,Carlos,Díaz,45,Femenino,Piura,Nuevo,2024-01-18,crisol,2025-11-09
96025017,Andrés,Vásquez,60,Femenino,Ayacucho,Nuevo,2023-01-22,crisol,2025-11-09
810185625,Camila,Torres,65,Masculino,Trujillo,Recurrente,2023-11-23,crisol,2025-11-09
209550241,Carlos,Salazar,43,Masculino,Ayacucho,Recurrente,2023-05-05,crisol,2025-11-09
618124470,Ana,Flores,55,Masculino,Lima,Nuevo,2024-06-29,crisol,2025-11-09
134915899,Rosa,Castro,48,Femenino,Huánuco,Recurrente,2023-11-19,crisol,2025-11-09
375339059,María,López,64,Femenino,Lima,Nuevo,2024-06-27,crisol,2025-11-09
352284061,Rosa,Díaz,69,Masculino,Arequipa,Recurrente,2023-02-13,crisol,2025-11-09
304306019,Sofía,Pérez,26,Femenino,Ica,Recurrente,2023-07-31,crisol,2025-11-09
429991641,María,Herrera,39,Otro,Trujillo,Recurrente,2024-05-23,crisol,2025-11-09
220805967,José,Flores,43,Masculino,Chiclayo,Nuevo,2023-12-24,crisol,2025-11-09
547240037,Camila,Castro,43,Otro,Ica,Nuevo,2023-09-05,crisol,2025-11-09
857360461,Valeria,Pérez,63,Masculino,Tacna,Nuevo,2023-11-26,crisol,2025-11-09
938251847,Diego,Vásquez,45,Masculino,Cusco,Recurrente,2023-10-26,crisol,2025-11-09
483573331,Andrés,López,23,Otro,Cusco,Recurrente,2024-01-20,crisol,2025-11-09
257063230,Valeria,Torres,54,Masculino,Cusco,Nuevo,2023-04-29,crisol,2025-11-09
108729236,José,Martínez,33,Femenino,Tacna,Recurrente,2023-05-18,crisol,2025-11-09
900138348,Pedro,Herrera,33,Femenino,Chiclayo,Nuevo,2023-01-29,crisol,2025-11-09
918328775,Carlos,Díaz,56,Femenino,Trujillo,Recurrente,2024-02-24,crisol,2025-11-09
5031540,Sofía,Herrera,33,Femenino,Huánuco,Nuevo,2024-01-22,crisol,2025-11-09
866765128,Luis,Martínez,22,Otro,Tacna,Nuevo,2023-02-05,crisol,2025-11-09
959175018,María,Castro,62,Femenino,Cusco,Recurrente,2023-07-29,crisol,2025-11-09
359448074,Pedro,Vásquez,70,Otro,Pucallpa,Nuevo,2023-09-29,crisol,2025-11-09
46013804,Sofía,García,20,Masculino,Tacna,Nuevo,2023-01-02,crisol,2025-11-09
145351271,Lucía,López,18,Femenino,Huánuco,Nuevo,2023-08-02,crisol,2025-11-09
453356002,Carlos,Herrera,50,Masculino,Pucallpa,Recurrente,2023-10-05,crisol,2025-11-09
486713899,María,Díaz,66,Otro,Ica,Nuevo,2023-08-05,crisol,2025-11-09
994891607,Juan,Castro,44,Otro,Trujillo,Nuevo,2024-05-22,crisol,2025-11-09
431785885,Luis,Ruiz,66,Otro,Piura,Recurrente,2023-01-04,crisol,2025-11-09
611676151,Carlos,Rodríguez,50,Otro,Trujillo,Recurrente,2024-06-05,crisol,2025-11-09
487848958,Diego,Martínez,38,Femenino,Huancayo,Recurrente,2023-08-31,crisol,2025-11-09
892449270,Rosa,Flores,39,Otro,Ayacucho,Recurrente,2023-05-20,crisol,2025-11-09
908233433,Lucía,García,47,Femenino,Ica,Nuevo,2024-03-11,crisol,2025-11-09
865483263,Pedro,Díaz,25,Masculino,Trujillo,Nuevo,2023-10-05,crisol,2025-11-09
832858219,Camila,Flores,20,Masculino,Pucallpa,Recurrente,2024-05-30,crisol,2025-11-09
816050964,Pedro,Herrera,22,Otro,Chiclayo,Nuevo,2024-04-26,crisol,2025-11-09
475868914,Andrés,Ruiz,40,Otro,Ica,Recurrente,2023-08-08,crisol,2025-11-09
434546517,Luis,Flores,48,Femenino,Lima,Recurrente,2023-04-07,crisol,2025-11-09
249696697,Camila,Pérez,56,Masculino,Piura,Recurrente,2023-12-24,crisol,2025-11-09
207233660,Pedro,Vásquez,58,Femenino,Lima,Nuevo,2023-05-11,crisol,2025-11-09
425092245,Carlos,Gonzales,34,Masculino,Lima,Recurrente,2023-03-11,crisol,2025-11-09
703525067,Rosa,Rodríguez,32,Masculino,Piura,Nuevo,2023-12-31,crisol,2025-11-09
483409569,Lucía,Rodríguez,18,Femenino,Trujillo,Nuevo,2023-01-21,crisol,2025-11-09
60770672,Camila,Ruiz,49,Otro,Piura,Recurrente,2023-10-06,crisol,2025-11-09
107057192,Valeria,López,28,Femenino,Cusco,Recurrente,2023-09-03,crisol,2025-11-09
902145738,Pedro,Salazar,22,Masculino,Piura,Nuevo,2023-11-13,crisol,2025-11-09
106075687,Andrés,Herrera,27,Masculino,Trujillo,Nuevo,2024-04-21,crisol,2025-11-09
30237940,Valeria,Ruiz,65,Otro,Chiclayo,Nuevo,2024-02-04,crisol,2025-11-09
274619476,Rosa,Herrera,54,Femenino,Ica,Nuevo,2024-01-18,crisol,2025-11-09
83889967,Lucía,Vásquez,37,Masculino,Huánuco,Nuevo,2023-09-29,crisol,2025-11-09
893763079,Javier,Ruiz,59,Otro,Ica,Nuevo,2023-04-13,crisol,2025-11-09
115837729,Pedro,Vásquez,57,Masculino,Lima,Nuevo,2024-01-27,crisol,2025-11-09
564616896,José,García,62,Femenino,Ica,Nuevo,2023-01-13,crisol,2025-11-09
160319624,Pedro,Ramos,46,Otro,Tacna,Nuevo,2023-06-05,crisol,2025-11-09
836483568,Juan,Pérez,56,Femenino,Trujillo,Recurrente,2024-02-05,crisol,2025-11-09
959133318,Diego,Ramos,64,Masculino,Huancayo,Nuevo,2023-07-21,crisol,2025-11-09
439450487,Pedro,Castro,19,Masculino,Cusco,Nuevo,2023-11-17,crisol,2025-11-09
32239174,Juan,García,49,Masculino,Huánuco,Nuevo,2024-07-30,crisol,2025-11-09
13233072,Juan,Flores,47,Masculino,Piura,Nuevo,2023-07-14,crisol,2025-11-09
808135928,Diego,Pérez,59,Femenino,Huánuco,Nuevo,2023-04-22,crisol,2025-11-09
219251480,Pedro,Vásquez,42,Otro,Lima,Recurrente,2024-04-28,crisol,2025-11-09
949831481,María,Salazar,42,Femenino,Huánuco,Nuevo,2023-01-26,crisol,2025-11-09
863572942,Rosa,Martínez,38,Otro,Trujillo,Nuevo,2024-02-22,crisol,2025-11-09
850776308,María,Torres,25,Otro,Huánuco,Nuevo,2023-03-12,crisol,2025-11-09
508911742,Rosa,Pérez,47,Femenino,Pucallpa,Nuevo,2023-02-25,crisol,2025-11-09
155370170,Rosa,López,66,Femenino,Pucallpa,Recurrente,2023-05-15,crisol,2025-11-09
197211078,Sofía,Rodríguez,23,Otro,Cajamarca,Nuevo,2023-12-17,crisol,2025-11-09
194437160,Ana,Herrera,55,Femenino,Trujillo,Nuevo,2023-01-18,crisol,2025-11-09
626357673,Luis,Martínez,65,Femenino,Trujillo,Recurrente,2023-07-04,crisol,2025-11-09
403541834,Valeria,Pérez,31,Otro,Huánuco,Nuevo,2023-12-28,crisol,2025-11-09
339094404,María,López,26,Femenino,Cajamarca,Nuevo,2024-04-21,crisol,2025-11-09
647120459,Rosa,Martínez,64,Otro,Lima,Recurrente,2023-05-18,crisol,2025-11-09
290284374,Sofía,Vásquez,62,Femenino,Piura,Nuevo,2023-04-25,crisol,2025-11-09
410453846,Juan,Rodríguez,24,Masculino,Piura,Recurrente,2023-11-24,crisol,2025-11-09
998731131,Pedro,Castro,23,Masculino,Trujillo,Nuevo,2024-02-19,crisol,2025-11-09
813303658,Camila,Martínez,64,Otro,Trujillo,Nuevo,2024-02-28,crisol,2025-11-09
274125495,Lucía,Díaz,45,Otro,Tacna,Nuevo,2023-08-08,crisol,2025-11-09
497796336,José,Pérez,18,Otro,Arequipa,Nuevo,2024-04-12,crisol,2025-11-09
277903610,Juan,Díaz,65,Masculino,Chiclayo,Recurrente,2024-07-24,crisol,2025-11-09
95102126,Valeria,García,54,Masculino,Chiclayo,Nuevo,2024-08-03,crisol,2025-11-09
140262356,María,Ramos,37,Masculino,Lima,Nuevo,2024-06-25,crisol,2025-11-09
884634188,Diego,Herrera,30,Femenino,Piura,Recurrente,2023-05-11,crisol,2025-11-09
895077335,Ana,Flores,38,Masculino,Pucallpa,Nuevo,2024-06-06,crisol,2025-11-09
469274860,Luis,Torres,20,Otro,Huánuco,Nuevo,2024-08-10,crisol,2025-11-09
566703831,José,Gonzales,35,Femenino,Huánuco,Nuevo,2023-01-10,crisol,2025-11-09
180573895,María,Rodríguez,30,Otro,Ayacucho,Nuevo,2023-06-01,crisol,2025-11-09
930096564,Juan,Gonzales,39,Masculino,Ica,Recurrente,2023-01-03,crisol,2025-11-09
65454770,Juan,Pérez,53,Otro,Cajamarca,Nuevo,2023-10-26,crisol,2025-11-09
798624180,Camila,Ramos,47,Masculino,Piura,Nuevo,2023-01-05,crisol,2025-11-09
3606363,Pedro,Díaz,54,Otro,Huancayo,Nuevo,2023-05-02,crisol,2025-11-09
436147256,Diego,Pérez,19,Otro,Huancayo,Nuevo,2023-06-05,crisol,2025-11-09
880897770,Ana,Rodríguez,61,Femenino,Ica,Recurrente,2024-08-18,crisol,2025-11-09
722901108,Pedro,Flores,54,Otro,Chiclayo,Recurrente,2023-02-15,crisol,2025-11-09
416831500,Juan,Díaz,68,Otro,Cusco,Nuevo,2023-03-26,crisol,2025-11-09
917587367,Rosa,Herrera,53,Femenino,Chiclayo,Recurrente,2024-02-02,crisol,2025-11-09
263006459,Juan,Pérez,19,Otro,Piura,Nuevo,2023-08-13,crisol,2025-11-09
267405921,José,García,24,Otro,Ica,Recurrente,2023-03-26,crisol,2025-11-09
998117240,María,Díaz,23,Femenino,Huancayo,Recurrente,2024-07-22,crisol,2025-11-09
693381428,Sofía,Ruiz,34,Femenino,Arequipa,Nuevo,2024-08-10,crisol,2025-11-09
864207402,Luis,Rodríguez,19,Masculino,Tacna,Nuevo,2023-01-13,crisol,2025-11-09
73458529,Sofía,López,38,Masculino,Pucallpa,Nuevo,2023-01-31,crisol,2025-11-09
479401780,Sofía,Ramos,54,Otro,Piura,Nuevo,2024-08-18,crisol,2025-11-09
956243080,Camila,Martínez,43,Femenino,Chiclayo,Nuevo,2023-02-24,crisol,2025-11-09
102532181,Juan,Díaz,26,Femenino,Tacna,Recurrente,2023-05-23,crisol,2025-11-09
758426762,Diego,Díaz,23,Otro,Arequipa,Nuevo,2023-05-22,crisol,2025-11-09
700743524,Ana,Díaz,46,Otro,Trujillo,Nuevo,2023-01-02,crisol,2025-11-09
160300857,Javier,Ramos,27,Masculino,Arequipa,Nuevo,2023-03-13,crisol,2025-11-09
533521546,Luis,Ruiz,38,Masculino,Chiclayo,Nuevo,2024-01-03,crisol,2025-11-09
684159813,Ana,Ramos,37,Masculino,Ica,Nuevo,2024-04-10,crisol,2025-11-09
18679727,Juan,Martínez,23,Masculino,Piura,Nuevo,2024-07-27,crisol,2025-11-09
149775416,Pedro,Ruiz,39,Masculino,Arequipa,Nuevo,2024-03-04,crisol,2025-11-09
74564173,Andrés,Rodríguez,68,Otro,Cusco,Nuevo,2023-01-19,crisol,2025-11-09
308018616,Andrés,Vásquez,43,Masculino,Lima,Nuevo,2023-06-27,crisol,2025-11-09
235217398,Juan,Martínez,45,Femenino,Lima,Nuevo,2023-05-11,crisol,2025-11-09
602967881,Ana,Díaz,27,Femenino,Huancayo,Nuevo,2023-06-29,crisol,2025-11-09
215289344,Javier,Rodríguez,54,Otro,Tacna,Nuevo,2023-12-26,crisol,2025-11-09
96176452,Carlos,Pérez,59,Femenino,Arequipa,Recurrente,2023-01-12,crisol,2025-11-09
534464106,Camila,Ramos,45,Femenino,Ica,Recurrente,2023-09-22,crisol,2025-11-09
335068180,José,Ruiz,20,Femenino,Tacna,Nuevo,2023-05-28,crisol,2025-11-09
472238097,José,López,58,Femenino,Cajamarca,Recurrente,2023-01-26,crisol,2025-11-09
114966531,Valeria,García,39,Masculino,Lima,Nuevo,2023-07-29,crisol,2025-11-09
785859825,Luis,Torres,27,Femenino,Ica,Nuevo,2024-03-07,crisol,2025-11-09
89200192,Lucía,Ramos,52,Masculino,Huánuco,Recurrente,2023-04-14,crisol,2025-11-09
804719299,Andrés,Rodríguez,70,Femenino,Tacna,Recurrente,2024-02-08,crisol,2025-11-09
486472900,Juan,Díaz,43,Femenino,Ayacucho,Recurrente,2023-12-26,crisol,2025-11-09
750320018,Diego,Ramos,27,Masculino,Pucallpa,Recurrente,2024-03-28,crisol,2025-11-09
949052617,José,Vásquez,52,Femenino,Arequipa,Recurrente,2023-10-04,crisol,2025-11-09
848370834,Valeria,Martínez,48,Femenino,Huancayo,Recurrente,2024-08-15,crisol,2025-11-09
64520636,Andrés,López,41,Masculino,Lima,Nuevo,2023-04-22,crisol,2025-11-09
865732675,Pedro,Martínez,50,Otro,Chiclayo,Recurrente,2023-05-30,crisol,2025-11-09
134812659,Ana,Gonzales,35,Masculino,Pucallpa,Nuevo,2024-03-05,crisol,2025-11-09
943502455,Camila,Flores,42,Otro,Huánuco,Recurrente,2023-06-04,crisol,2025-11-09
93287387,Sofía,Flores,58,Femenino,Pucallpa,Recurrente,2023-12-31,crisol,2025-11-09
175693103,Sofía,Martínez,54,Masculino,Lima,Recurrente,2023-10-11,crisol,2025-11-09
860099249,Luis,Salazar,70,Masculino,Trujillo,Nuevo,2024-05-19,crisol,2025-11-09
831194352,Ana,Díaz,53,Masculino,Arequipa,Nuevo,2023-09-13,crisol,2025-11-09
2707385,Rosa,Salazar,45,Masculino,Pucallpa,Nuevo,2024-08-23,crisol,2025-11-09
847134005,Luis,Díaz,50,Masculino,Ayacucho,Nuevo,2024-06-13,crisol,2025-11-09
297670698,Valeria,Flores,44,Otro,Lima,Recurrente,2024-02-19,crisol,2025-11-09
278818931,Rosa,Flores,19,Femenino,Huancayo,Recurrente,2023-02-14,crisol,2025-11-09
195147039,María,Rodríguez,70,Femenino,Pucallpa,Nuevo,2023-10-13,crisol,2025-11-09
88327860,Diego,Ruiz,29,Masculino,Lima,Nuevo,2024-02-16,crisol,2025-11-09
54715416,Luis,Castro,65,Otro,Cajamarca,Nuevo,2023-09-03,crisol,2025-11-09
533296706,Carlos,García,63,Otro,Tacna,Recurrente,2024-01-30,crisol,2025-11-09
56770212,Juan,López,28,Masculino,Ayacucho,Nuevo,2024-04-02,crisol,2025-11-09
591372740,Rosa,Castro,57,Otro,Lima,Nuevo,2023-10-10,crisol,2025-11-09
34825449,Juan,López,37,Femenino,Huancayo,Nuevo,2024-05-23,crisol,2025-11-09
802663395,María,Castro,70,Femenino,Trujillo,Recurrente,2024-02-29,crisol,2025-11-09
48948859,Diego,Ruiz,24,Otro,Trujillo,Nuevo,2023-06-09,crisol,2025-11-09
816644671,Sofía,Salazar,63,Otro,Trujillo,Recurrente,2024-06-03,crisol,2025-11-09
277423226,María,Castro,59,Femenino,Tacna,Nuevo,2024-06-20,crisol,2025-11-09
352892501,Rosa,Gonzales,18,Otro,Huancayo,Nuevo,2024-03-24,crisol,2025-11-09
365851880,Ana,Gonzales,51,Masculino,Ayacucho,Nuevo,2024-04-28,crisol,2025-11-09
990659957,Carlos,Díaz,51,Otro,Chiclayo,Nuevo,2023-01-04,crisol,2025-11-09
506455944,Carlos,Flores,47,Otro,Trujillo,Nuevo,2023-08-21,crisol,2025-11-09
502455623,María,Ramos,24,Femenino,Lima,Nuevo,2024-06-08,crisol,2025-11-09
119258561,Diego,Castro,48,Masculino,Huánuco,Recurrente,2024-01-29,crisol,2025-11-09
269846581,Lucía,Torres,67,Masculino,Arequipa,Nuevo,2023-12-13,crisol,2025-11-09
899260138,Ana,Pérez,46,Femenino,Arequipa,Recurrente,2023-01-08,crisol,2025-11-09
195486701,Diego,Martínez,53,Masculino,Tacna,Recurrente,2024-07-16,crisol,2025-11-09
393350716,Diego,Gonzales,47,Otro,Lima,Nuevo,2023-09-21,crisol,2025-11-09
718472514,Rosa,Martínez,30,Masculino,Ica,Recurrente,2023-07-10,crisol,2025-11-09
174235288,Rosa,García,43,Otro,Lima,Recurrente,2024-01-29,crisol,2025-11-09
646891673,Andrés,Flores,42,Otro,Cusco,Recurrente,2023-09-23,crisol,2025-11-09
427790327,Andrés,Torres,19,Femenino,Trujillo,Nuevo,2024-01-01,crisol,2025-11-09
71181802,José,Castro,62,Masculino,Ica,Nuevo,2024-01-09,crisol,2025-11-09
748378142,Camila,Herrera,27,Masculino,Cusco,Nuevo,2023-04-29,crisol,2025-11-09
900579013,José,Herrera,37,Masculino,Cajamarca,Nuevo,2024-05-06,crisol,2025-11-09
996157157,Juan,López,30,Femenino,Lima,Recurrente,2024-06-19,crisol,2025-11-09
823392214,Luis,Herrera,68,Masculino,Pucallpa,Recurrente,2023-04-26,crisol,2025-11-09
665722917,Pedro,Vásquez,32,Otro,Huánuco,Nuevo,2023-10-27,crisol,2025-11-09
540510063,María,López,19,Masculino,Pucallpa,Recurrente,2024-03-11,crisol,2025-11-09
644982771,Diego,Flores,22,Masculino,Cusco,Recurrente,2023-02-17,crisol,2025-11-09
158226709,María,Gonzales,22,Femenino,Chiclayo,Recurrente,2024-07-17,crisol,2025-11-09
416756516,Camila,Martínez,43,Otro,Trujillo,Nuevo,2023-12-04,crisol,2025-11-09
249830241,Luis,Díaz,23,Masculino,Lima,Nuevo,2023-05-02,crisol,2025-11-09
945391507,Diego,Martínez,49,Femenino,Pucallpa,Recurrente,2023-06-09,crisol,2025-11-09
526760528,Pedro,Vásquez,69,Otro,Trujillo,Nuevo,2023-05-06,crisol,2025-11-09
343658910,Lucía,López,53,Femenino,Cusco,Recurrente,2023-04-24,crisol,2025-11-09
146904781,Pedro,Flores,22,Femenino,Chiclayo,Nuevo,2023-04-11,crisol,2025-11-09
143866809,Ana,Castro,41,Otro,Chiclayo,Nuevo,2023-12-16,crisol,2025-11-09
388995820,Luis,Rodríguez,42,Otro,Lima,Recurrente,2024-04-17,crisol,2025-11-09
172632082,Ana,Ruiz,42,Masculino,Huánuco,Nuevo,2023-10-27,crisol,2025-11-09
467219082,Diego,Ruiz,41,Femenino,Cajamarca,Recurrente,2024-04-24,crisol,2025-11-09
151769571,Juan,Gonzales,22,Femenino,Huancayo,Nuevo,2023-07-28,crisol,2025-11-09
65655153,Rosa,Díaz,47,Masculino,Cusco,Nuevo,2023-09-27,crisol,2025-11-09
810351552,Andrés,Torres,52,Otro,Trujillo,Nuevo,2023-03-04,crisol,2025-11-09
232479101,María,Torres,38,Femenino,Ica,Nuevo,2023-07-10,crisol,2025-11-09
954199223,Lucía,Martínez,70,Masculino,Pucallpa,Nuevo,2023-11-29,crisol,2025-11-09
757715792,Lucía,Salazar,29,Femenino,Lima,Nuevo,2023-06-26,crisol,2025-11-09
356837467,Luis,Flores,66,Femenino,Tacna,Nuevo,2023-06-01,crisol,2025-11-09
959391483,Lucía,Rodríguez,53,Otro,Pucallpa,Recurrente,2024-04-04,crisol,2025-11-09
447341738,José,Martínez,26,Masculino,Chiclayo,Recurrente,2024-01-22,crisol,2025-11-09
733572515,Ana,Rodríguez,48,Masculino,Ayacucho,Nuevo,2023-12-13,crisol,2025-11-09
223602245,Camila,Díaz,43,Femenino,Cajamarca,Recurrente,2024-01-02,crisol,2025-11-09
648263098,Carlos,López,51,Femenino,Ayacucho,Nuevo,2024-05-01,crisol,2025-11-09
652170882,Juan,Ramos,60,Otro,Lima,Recurrente,2024-06-13,crisol,2025-11-09
986256065,Javier,Díaz,43,Otro,Tacna,Nuevo,2023-02-28,crisol,2025-11-09
745092763,Sofía,Flores,41,Masculino,Pucallpa,Nuevo,2023-01-27,crisol,2025-11-09
737987225,Pedro,Vásquez,56,Masculino,Chiclayo,Nuevo,2024-03-04,crisol,2025-11-09
796935161,María,Herrera,38,Otro,Chiclayo,Nuevo,2023-09-21,crisol,2025-11-09
833773051,Juan,Gonzales,30,Otro,Tacna,Recurrente,2024-02-26,crisol,2025-11-09
483432760,Juan,Ruiz,48,Otro,Piura,Recurrente,2024-05-26,crisol,2025-11-09
763086777,Sofía,Gonzales,34,Masculino,Cajamarca,Recurrente,2024-08-23,crisol,2025-11-09
756412137,Rosa,Pérez,33,Otro,Pucallpa,Nuevo,2023-07-05,crisol,2025-11-09
512021174,Ana,Vásquez,43,Otro,Huánuco,Nuevo,2023-07-31,crisol,2025-11-09
193555261,Juan,Ruiz,29,Masculino,Tacna,Nuevo,2023-04-16,crisol,2025-11-09
114264220,Diego,García,47,Femenino,Tacna,Recurrente,2024-03-12,crisol,2025-11-09
651489939,María,Torres,24,Femenino,Huánuco,Nuevo,2023-10-29,crisol,2025-11-09
169237408,Valeria,Herrera,52,Femenino,Huancayo,Nuevo,2024-07-19,crisol,2025-11-09
433950946,Valeria,Díaz,32,Masculino,Cusco,Nuevo,2023-04-17,crisol,2025-11-09
897160365,José,Castro,18,Masculino,Piura,Recurrente,2023-07-03,crisol,2025-11-09
200983484,Juan,Herrera,29,Otro,Cajamarca,Recurrente,2024-08-05,crisol,2025-11-09
853317056,Pedro,Pérez,24,Femenino,Huánuco,Recurrente,2023-10-03,crisol,2025-11-09
531991459,Rosa,García,21,Femenino,Arequipa,Nuevo,2023-03-15,crisol,2025-11-09
483803315,Lucía,Herrera,66,Masculino,Ica,Recurrente,2023-03-24,crisol,2025-11-09
429563416,Javier,López,46,Masculino,Cusco,Recurrente,2023-02-03,crisol,2025-11-09
312679306,Valeria,López,31,Masculino,Cajamarca,Recurrente,2023-07-07,crisol,2025-11-09
272521236,Javier,Martínez,42,Otro,Ica,Recurrente,2024-03-27,crisol,2025-11-09
171701718,Valeria,Martínez,68,Femenino,Cajamarca,Recurrente,2024-07-22,crisol,2025-11-09
5722375,Pedro,López,54,Masculino,Ayacucho,Nuevo,2023-11-29,crisol,2025-11-09
279290514,Juan,Rodríguez,40,Otro,Ayacucho,Recurrente,2024-07-17,crisol,2025-11-09
349019772,María,Ruiz,56,Masculino,Ayacucho,Recurrente,2023-05-11,crisol,2025-11-09
496087332,Camila,Rodríguez,66,Femenino,Huánuco,Nuevo,2023-03-31,crisol,2025-11-09
171868828,Javier,Castro,25,Femenino,Ica,Nuevo,2023-02-18,crisol,2025-11-09
320474498,Diego,Castro,70,Femenino,Lima,Nuevo,2024-03-16,crisol,2025-11-09
771511738,José,Torres,43,Otro,Cusco,Recurrente,2024-04-09,crisol,2025-11-09
926652763,Carlos,Díaz,59,Femenino,Cusco,Recurrente,2024-05-15,crisol,2025-11-09
284299976,Valeria,Ruiz,58,Otro,Cusco,Nuevo,2023-01-01,crisol,2025-11-09
542954188,Rosa,Díaz,45,Femenino,Lima,Nuevo,2024-05-22,crisol,2025-11-09
390184816,Diego,Ramos,19,Masculino,Lima,Nuevo,2023-04-16,crisol,2025-11-09
606712173,Rosa,Vásquez,28,Otro,Lima,Nuevo,2023-03-21,crisol,2025-11-09
970789688,Sofía,Flores,70,Femenino,Ica,Recurrente,2023-10-14,crisol,2025-11-09
278150741,Pedro,Castro,20,Otro,Ica,Nuevo,2023-06-10,crisol,2025-11-09
374194628,Ana,López,31,Masculino,Lima,Recurrente,2023-09-08,crisol,2025-11-09
383885133,María,Pérez,27,Femenino,Tacna,Recurrente,2023-12-19,crisol,2025-11-09
916446168,Juan,García,57,Otro,Ica,Recurrente,2023-10-18,crisol,2025-11-09
352789470,Diego,Ruiz,61,Masculino,Ica,Recurrente,2024-08-17,crisol,2025-11-09
541481172,Rosa,Díaz,69,Otro,Pucallpa,Recurrente,2023-08-02,crisol,2025-11-09
669780425,Ana,Flores,67,Masculino,Ica,Recurrente,2023-10-29,crisol,2025-11-09
912467824,Ana,Ramos,28,Otro,Cajamarca,Nuevo,2024-07-04,crisol,2025-11-09
28617680,Sofía,Castro,65,Otro,Arequipa,Recurrente,2023-08-25,crisol,2025-11-09
131478450,Carlos,Vásquez,68,Femenino,Trujillo,Nuevo,2023-06-15,crisol,2025-11-09
944574785,Valeria,Pérez,46,Femenino,Trujillo,Nuevo,2023-11-17,crisol,2025-11-09
974607019,Rosa,Castro,56,Otro,Huánuco,Recurrente,2023-05-01,crisol,2025-11-09
153161692,Ana,Torres,43,Masculino,Huancayo,Nuevo,2023-11-13,crisol,2025-11-09
631358204,Sofía,Martínez,28,Masculino,Lima,Nuevo,2023-10-02,crisol,2025-11-09
688179646,María,Castro,31,Femenino,Cusco,Recurrente,2023-04-11,crisol,2025-11-09
629166384,Carlos,Rodríguez,43,Femenino,Huancayo,Recurrente,2023-04-13,crisol,2025-11-09
517132938,Sofía,López,64,Femenino,Huánuco,Recurrente,2023-10-08,crisol,2025-11-09
508365807,Sofía,Rodríguez,60,Otro,Tacna,Recurrente,2023-09-15,crisol,2025-11-09
411345272,María,Herrera,27,Otro,Lima,Recurrente,2024-03-11,crisol,2025-11-09
129348877,Lucía,Flores,67,Masculino,Lima,Nuevo,2023-06-12,crisol,2025-11-09
708502926,Camila,Herrera,52,Femenino,Cusco,Recurrente,2023-10-04,crisol,2025-11-09
65588902,Ana,Rodríguez,63,Masculino,Huancayo,Nuevo,2023-08-24,crisol,2025-11-09
923482225,Sofía,Gonzales,18,Femenino,Huancayo,Nuevo,2023-05-23,crisol,2025-11-09
107768794,Valeria,Salazar,24,Femenino,Ica,Recurrente,2023-02-20,crisol,2025-11-09
555580562,Rosa,Torres,49,Otro,Chiclayo,Recurrente,2023-09-25,crisol,2025-11-09
500511615,Valeria,Rodríguez,41,Otro,Ayacucho,Nuevo,2023-05-15,crisol,2025-11-09
164631914,María,Díaz,52,Masculino,Ayacucho,Recurrente,2023-11-26,crisol,2025-11-09
752061631,Javier,Díaz,68,Masculino,Piura,Nuevo,2023-01-08,crisol,2025-11-09
324818833,Diego,Díaz,48,Femenino,Lima,Nuevo,2024-01-27,crisol,2025-11-09
890684745,Valeria,López,31,Masculino,Trujillo,Nuevo,2024-07-25,crisol,2025-11-09
461707241,Sofía,García,40,Otro,Lima,Nuevo,2024-04-23,crisol,2025-11-09
769241149,Pedro,Salazar,36,Femenino,Pucallpa,Nuevo,2024-06-16,crisol,2025-11-09
358139645,Andrés,Díaz,68,Femenino,Ayacucho,Nuevo,2023-07-16,crisol,2025-11-09
890714291,Camila,Díaz,28,Femenino,Ayacucho,Nuevo,2024-05-04,crisol,2025-11-09
144929032,José,Flores,29,Masculino,Ayacucho,Nuevo,2024-02-12,crisol,2025-11-09
517817389,Carlos,Salazar,55,Masculino,Cusco,Nuevo,2023-08-10,crisol,2025-11-09
925848422,Diego,Salazar,38,Otro,Cusco,Nuevo,2024-08-22,crisol,2025-11-09
420681439,Carlos,Díaz,28,Masculino,Huánuco,Recurrente,2023-01-09,crisol,2025-11-09
810655739,María,Díaz,29,Femenino,Ayacucho,Recurrente,2024-02-20,crisol,2025-11-09
180391467,Diego,Herrera,37,Femenino,Huánuco,Nuevo,2023-07-13,crisol,2025-11-09
632415019,Diego,Martínez,29,Otro,Lima,Nuevo,2023-06-23,crisol,2025-11-09
851390211,Carlos,López,35,Masculino,Pucallpa,Nuevo,2023-06-29,crisol,2025-11-09
637825890,Juan,Flores,18,Otro,Ayacucho,Recurrente,2024-02-08,crisol,2025-11-09
182794814,Rosa,Ruiz,46,Masculino,Huánuco,Nuevo,2023-01-01,crisol,2025-11-09
281616927,Javier,Vásquez,39,Masculino,Piura,Nuevo,2023-07-18,crisol,2025-11-09
198762013,María,Torres,36,Otro,Lima,Nuevo,2023-08-26,crisol,2025-11-09
659839298,María,Pérez,65,Masculino,Piura,Nuevo,2024-01-15,crisol,2025-11-09
819281684,Ana,Díaz,57,Masculino,Huánuco,Nuevo,2024-04-19,crisol,2025-11-09
100551789,María,Castro,32,Femenino,Lima,Recurrente,2024-03-05,crisol,2025-11-09
22836003,Javier,Díaz,27,Femenino,Chiclayo,Recurrente,2023-11-25,crisol,2025-11-09
429469086,Luis,Ramos,25,Otro,Ayacucho,Nuevo,2023-02-26,crisol,2025-11-09
508955365,José,Vásquez,26,Femenino,Pucallpa,Nuevo,2024-06-22,crisol,2025-11-09
765822970,Sofía,Pérez,18,Otro,Cusco,Nuevo,2023-06-27,crisol,2025-11-09
214625089,Luis,Ramos,23,Femenino,Cajamarca,Recurrente,2023-08-17,crisol,2025-11-09
722946804,María,López,30,Femenino,Huancayo,Nuevo,2023-09-23,crisol,2025-11-09
303991650,Camila,García,45,Femenino,Huánuco,Recurrente,2023-04-12,crisol,2025-11-09
417781575,Sofía,Martínez,70,Femenino,Huancayo,Recurrente,2023-07-21,crisol,2025-11-09
493670730,Carlos,Torres,48,Otro,Cajamarca,Nuevo,2024-05-03,crisol,2025-11-09
451211290,Javier,Herrera,66,Masculino,Cajamarca,Recurrente,2023-08-02,crisol,2025-11-09
848298033,Luis,Castro,36,Masculino,Piura,Recurrente,2023-10-12,crisol,2025-11-09
944892275,José,Flores,22,Femenino,Cusco,Recurrente,2023-04-13,crisol,2025-11-09
549323158,Pedro,Torres,19,Masculino,Chiclayo,Recurrente,2024-08-01,crisol,2025-11-09
202707032,Carlos,Martínez,62,Masculino,Lima,Recurrente,2023-10-21,crisol,2025-11-09
601684029,Ana,Torres,37,Femenino,Trujillo,Nuevo,2024-05-23,crisol,2025-11-09
180622991,Ana,Martínez,40,Femenino,Trujillo,Nuevo,2023-07-21,crisol,2025-11-09
537926569,Rosa,Ramos,54,Femenino,Chiclayo,Nuevo,2023-01-12,crisol,2025-11-09
177712646,Sofía,Vásquez,36,Otro,Cusco,Recurrente,2024-01-23,crisol,2025-11-09
904162231,Diego,Rodríguez,44,Otro,Piura,Nuevo,2024-04-23,crisol,2025-11-09
185710743,Ana,Díaz,45,Otro,Ayacucho,Nuevo,2023-01-13,crisol,2025-11-09
3449831,Valeria,Gonzales,32,Otro,Cusco,Recurrente,2023-11-17,crisol,2025-11-09
517230874,Camila,Martínez,29,Masculino,Cajamarca,Recurrente,2023-08-29,crisol,2025-11-09
344979381,Diego,Castro,56,Masculino,Trujillo,Nuevo,2023-08-14,crisol,2025-11-09
512127164,Pedro,García,34,Otro,Cajamarca,Nuevo,2024-05-15,crisol,2025-11-09
908847259,Andrés,Salazar,44,Otro,Huancayo,Nuevo,2024-04-11,crisol,2025-11-09
542442371,Javier,Díaz,34,Femenino,Ica,Nuevo,2024-02-10,crisol,2025-11-09
781406427,José,García,52,Femenino,Tacna,Recurrente,2023-12-26,crisol,2025-11-09
943250270,José,Martínez,44,Femenino,Huánuco,Recurrente,2024-02-02,crisol,2025-11-09
810694793,Ana,Ramos,53,Masculino,Cusco,Recurrente,2023-03-31,crisol,2025-11-09
557773672,Sofía,Vásquez,51,Otro,Piura,Nuevo,2023-03-03,crisol,2025-11-09
160151511,Lucía,Torres,62,Masculino,Piura,Recurrente,2023-01-12,crisol,2025-11-09
834373594,Pedro,Martínez,39,Masculino,Ayacucho,Nuevo,2024-07-29,crisol,2025-11-09
413453687,Juan,Martínez,33,Femenino,Cajamarca,Recurrente,2024-03-14,crisol,2025-11-09
35719308,Sofía,Herrera,20,Masculino,Ayacucho,Nuevo,2023-10-01,crisol,2025-11-09
982309312,José,Castro,50,Masculino,Ica,Nuevo,2024-05-09,crisol,2025-11-09
692146986,Lucía,Salazar,31,Masculino,Cajamarca,Nuevo,2023-05-04,crisol,2025-11-09
588403692,Javier,Rodríguez,29,Otro,Huánuco,Nuevo,2024-05-01,crisol,2025-11-09
978419919,Valeria,Salazar,35,Masculino,Piura,Nuevo,2024-06-08,crisol,2025-11-09
485462259,Pedro,Salazar,50,Femenino,Cusco,Nuevo,2023-12-04,crisol,2025-11-09
726120892,Valeria,Flores,70,Masculino,Cajamarca,Nuevo,2023-07-30,crisol,2025-11-09
614868729,José,López,37,Otro,Huánuco,Recurrente,2024-05-30,crisol,2025-11-09
811683205,Lucía,Ramos,19,Otro,Cusco,Recurrente,2023-11-27,crisol,2025-11-09
910705433,Juan,Vásquez,60,Otro,Pucallpa,Nuevo,2023-05-23,crisol,2025-11-09
889526196,María,Ruiz,47,Masculino,Pucallpa,Recurrente,2024-07-28,crisol,2025-11-09
453749809,Diego,Ruiz,66,Masculino,Arequipa,Recurrente,2024-03-29,crisol,2025-11-09
31932597,José,Ramos,31,Masculino,Lima,Recurrente,2024-02-16,crisol,2025-11-09
819271478,Carlos,Castro,61,Masculino,Chiclayo,Nuevo,2024-08-17,crisol,2025-11-09
624224452,Carlos,Flores,50,Otro,Huancayo,Recurrente,2024-08-03,crisol,2025-11-09
876603996,Pedro,Herrera,28,Femenino,Huancayo,Nuevo,2024-03-04,crisol,2025-11-09
754226243,Sofía,Herrera,67,Masculino,Trujillo,Recurrente,2024-04-19,crisol,2025-11-09
97106014,Lucía,Ruiz,18,Otro,Cajamarca,Recurrente,2023-11-12,crisol,2025-11-09
655783483,Luis,Rodríguez,43,Otro,Pucallpa,Nuevo,2023-07-31,crisol,2025-11-09
770907221,Camila,Castro,52,Otro,Tacna,Nuevo,2023-03-31,crisol,2025-11-09
724315961,Diego,López,38,Femenino,Tacna,Recurrente,2023-01-20,crisol,2025-11-09
121284215,Luis,Gonzales,67,Otro,Piura,Recurrente,2024-04-05,crisol,2025-11-09
28759156,José,Castro,29,Masculino,Piura,Nuevo,2024-07-05,crisol,2025-11-09
471575822,Ana,Pérez,41,Femenino,Piura,Nuevo,2023-10-06,crisol,2025-11-09
249108379,Pedro,Herrera,50,Otro,Trujillo,Nuevo,2023-09-09,crisol,2025-11-09
871581005,Juan,Ruiz,27,Otro,Tacna,Recurrente,2023-03-19,crisol,2025-11-09
500265347,Camila,Díaz,25,Femenino,Chiclayo,Nuevo,2023-01-06,crisol,2025-11-09
414855862,Andrés,Ramos,59,Femenino,Tacna,Nuevo,2023-04-27,crisol,2025-11-09
369087826,Javier,Salazar,51,Otro,Trujillo,Recurrente,2023-02-23,crisol,2025-11-09
110548322,José,Salazar,34,Otro,Ayacucho,Recurrente,2024-06-07,crisol,2025-11-09
100022937,Sofía,Pérez,30,Femenino,Trujillo,Nuevo,2024-05-02,crisol,2025-11-09
58410707,Javier,Castro,27,Femenino,Tacna,Nuevo,2024-04-01,crisol,2025-11-09
944716179,Juan,López,19,Otro,Tacna,Nuevo,2024-06-14,crisol,2025-11-09
687862511,Javier,Vásquez,22,Femenino,Huánuco,Nuevo,2024-06-25,crisol,2025-11-09
177816375,Valeria,Ramos,53,Masculino,Tacna,Recurrente,2023-10-31,crisol,2025-11-09
894344884,Luis,Vásquez,51,Femenino,Trujillo,Recurrente,2023-01-20,crisol,2025-11-09
491390731,Carlos,Díaz,50,Otro,Piura,Recurrente,2024-08-01,crisol,2025-11-09
197408206,Andrés,Salazar,47,Otro,Pucallpa,Nuevo,2024-03-05,crisol,2025-11-09
579645463,Juan,Ramos,55,Otro,Huancayo,Recurrente,2024-01-30,crisol,2025-11-09
921892789,María,Rodríguez,69,Femenino,Cajamarca,Nuevo,2023-01-16,crisol,2025-11-09
598578119,Juan,Díaz,26,Masculino,Ica,Recurrente,2024-04-12,crisol,2025-11-09
61008495,Andrés,Flores,69,Masculino,Cajamarca,Nuevo,2023-09-28,crisol,2025-11-09
301303803,Luis,López,38,Otro,Cajamarca,Recurrente,2023-07-08,crisol,2025-11-09
689261750,Luis,Gonzales,51,Otro,Chiclayo,Recurrente,2023-03-25,crisol,2025-11-09
191816148,Juan,Ruiz,65,Femenino,Trujillo,Recurrente,2023-05-27,crisol,2025-11-09
320250583,Carlos,Salazar,41,Masculino,Cajamarca,Nuevo,2024-08-22,crisol,2025-11-09
96663365,Javier,Rodríguez,32,Femenino,Cusco,Nuevo,2023-07-07,crisol,2025-11-09
591975017,Javier,Martínez,54,Femenino,Cajamarca,Recurrente,2023-03-02,crisol,2025-11-09
268355557,Valeria,Ramos,59,Femenino,Lima,Nuevo,2023-10-28,crisol,2025-11-09
260149444,José,Gonzales,26,Otro,Pucallpa,Nuevo,2023-12-30,crisol,2025-11-09
238699132,Camila,Flores,45,Femenino,Arequipa,Recurrente,2024-06-29,crisol,2025-11-09
875263361,Lucía,Flores,41,Femenino,Tacna,Nuevo,2023-09-06,crisol,2025-11-09
938132482,José,Vásquez,62,Femenino,Arequipa,Nuevo,2023-05-02,crisol,2025-11-09
378255806,Rosa,Ruiz,54,Femenino,Chiclayo,Nuevo,2024-01-14,crisol,2025-11-09
296830806,Camila,Ramos,44,Masculino,Ica,Recurrente,2023-08-25,crisol,2025-11-09
459440741,Juan,Ramos,43,Femenino,Piura,Recurrente,2024-06-25,crisol,2025-11-09
437821049,Luis,Castro,22,Masculino,Cusco,Nuevo,2024-08-03,crisol,2025-11-09
876813920,Lucía,Herrera,60,Masculino,Huánuco,Recurrente,2023-09-20,crisol,2025-11-09
199710882,Valeria,Díaz,42,Masculino,Huánuco,Recurrente,2024-07-31,crisol,2025-11-09
665593878,Carlos,Pérez,42,Femenino,Cajamarca,Nuevo,2024-04-09,crisol,2025-11-09
611169501,Valeria,Ramos,29,Masculino,Cusco,Nuevo,2023-06-08,crisol,2025-11-09
631346991,Javier,Ruiz,56,Otro,Arequipa,Nuevo,2023-11-25,crisol,2025-11-09
806912296,Pedro,Ruiz,48,Femenino,Arequipa,Nuevo,2024-05-22,crisol,2025-11-09
484192935,Valeria,Rodríguez,41,Femenino,Lima,Nuevo,2023-09-10,crisol,2025-11-09
273596878,Pedro,Rodríguez,21,Otro,Trujillo,Nuevo,2023-09-10,crisol,2025-11-09
102698732,Sofía,López,56,Otro,Ayacucho,Nuevo,2023-03-28,crisol,2025-11-09
166170017,Carlos,Ramos,18,Masculino,Lima,Recurrente,2023-10-24,crisol,2025-11-09
319428362,Juan,Salazar,60,Otro,Chiclayo,Recurrente,2023-05-31,crisol,2025-11-09
902024494,Valeria,Ruiz,65,Masculino,Trujillo,Nuevo,2023-08-21,crisol,2025-11-09
915801994,Juan,Vásquez,36,Otro,Piura,Nuevo,2023-11-04,crisol,2025-11-09
126925707,Juan,López,51,Otro,Chiclayo,Nuevo,2024-07-10,crisol,2025-11-09
504741676,Carlos,Pérez,55,Otro,Arequipa,Nuevo,2023-12-02,crisol,2025-11-09
894237152,Andrés,Ramos,37,Masculino,Ayacucho,Recurrente,2023-05-19,crisol,2025-11-09
318741838,Javier,Pérez,39,Otro,Ayacucho,Recurrente,2023-02-26,crisol,2025-11-09
556831984,Carlos,López,39,Masculino,Lima,Nuevo,2024-05-11,crisol,2025-11-09
458086339,José,Castro,69,Masculino,Piura,Recurrente,2024-07-26,crisol,2025-11-09
972535294,Valeria,Ramos,26,Otro,Trujillo,Nuevo,2023-02-04,crisol,2025-11-09
696896016,Rosa,Gonzales,43,Otro,Huánuco,Recurrente,2023-03-29,crisol,2025-11-09
508801224,Andrés,Gonzales,33,Otro,Lima,Nuevo,2024-02-23,crisol,2025-11-09
439203518,María,Herrera,51,Femenino,Piura,Nuevo,2024-05-06,crisol,2025-11-09
164212912,Diego,Flores,59,Otro,Tacna,Recurrente,2023-10-25,crisol,2025-11-09
912223254,Rosa,Pérez,37,Masculino,Trujillo,Recurrente,2024-05-17,crisol,2025-11-09
276625415,María,Ruiz,28,Femenino,Ica,Recurrente,2023-07-18,crisol,2025-11-09
517717364,Andrés,Castro,38,Femenino,Huancayo,Nuevo,2024-05-23,crisol,2025-11-09
526339635,Lucía,López,59,Masculino,Huancayo,Nuevo,2023-12-25,crisol,2025-11-09
66689973,Ana,Ramos,23,Otro,Trujillo,Recurrente,2023-02-16,crisol,2025-11-09
157424246,Camila,Gonzales,57,Otro,Piura,Nuevo,2023-03-14,crisol,2025-11-09
634351958,Ana,Díaz,48,Masculino,Ica,Nuevo,2023-07-14,crisol,2025-11-09
320264957,Camila,Rodríguez,69,Femenino,Pucallpa,Nuevo,2024-04-04,crisol,2025-11-09
307746385,Pedro,Castro,18,Femenino,Chiclayo,Nuevo,2024-03-30,crisol,2025-11-09
805083471,Pedro,Ramos,26,Masculino,Cusco,Recurrente,2023-01-06,crisol,2025-11-09
742844895,Rosa,Torres,44,Femenino,Huancayo,Recurrente,2023-03-15,crisol,2025-11-09
844420203,Lucía,Salazar,20,Otro,Arequipa,Recurrente,2024-01-01,crisol,2025-11-09
96452534,Lucía,Ruiz,33,Otro,Huánuco,Recurrente,2023-12-22,crisol,2025-11-09
84242563,Luis,Gonzales,42,Masculino,Pucallpa,Nuevo,2023-03-17,crisol,2025-11-09
599517725,Diego,Gonzales,50,Masculino,Cusco,Nuevo,2023-03-22,crisol,2025-11-09
782671628,Camila,Flores,24,Femenino,Chiclayo,Nuevo,2024-02-06,crisol,2025-11-09
718415838,Sofía,López,56,Otro,Huancayo,Recurrente,2023-02-18,crisol,2025-11-09
694294847,Lucía,Vásquez,48,Masculino,Lima,Nuevo,2023-09-09,crisol,2025-11-09
958057650,Rosa,Flores,18,Otro,Pucallpa,Nuevo,2023-11-16,crisol,2025-11-09
125874394,Pedro,Martínez,19,Masculino,Piura,Recurrente,2024-07-13,crisol,2025-11-09
160643932,Carlos,García,69,Otro,Lima,Recurrente,2024-01-27,crisol,2025-11-09
422685169,Diego,Rodríguez,67,Otro,Ayacucho,Nuevo,2024-06-10,crisol,2025-11-09
399160005,Javier,Vásquez,52,Otro,Cajamarca,Recurrente,2023-10-13,crisol,2025-11-09
674677118,Camila,Ruiz,19,Otro,Chiclayo,Nuevo,2023-01-13,crisol,2025-11-09
162727467,José,Gonzales,28,Otro,Ayacucho,Nuevo,2024-01-27,crisol,2025-11-09
303315481,Camila,Ramos,63,Otro,Ica,Recurrente,2023-08-31,crisol,2025-11-09
367805751,Camila,Ramos,26,Masculino,Lima,Recurrente,2024-04-24,crisol,2025-11-09
322102201,Luis,Vásquez,19,Otro,Arequipa,Recurrente,2024-03-18,crisol,2025-11-09
523322450,Juan,Díaz,64,Otro,Arequipa,Nuevo,2023-02-13,crisol,2025-11-09
640573830,Carlos,Pérez,61,Otro,Huancayo,Nuevo,2023-04-05,crisol,2025-11-09
580734759,Rosa,Ruiz,70,Otro,Tacna,Recurrente,2023-10-16,crisol,2025-11-09
929487529,Ana,García,23,Masculino,Tacna,Recurrente,2023-05-29,crisol,2025-11-09
870543563,José,Ramos,24,Masculino,Cusco,Nuevo,2024-07-20,crisol,2025-11-09
363465209,Pedro,Pérez,39,Masculino,Trujillo,Nuevo,2023-07-10,crisol,2025-11-09
706672010,María,García,56,Otro,Cajamarca,Nuevo,2024-04-10,crisol,2025-11-09
857619480,Andrés,Salazar,28,Masculino,Lima,Nuevo,2024-04-26,crisol,2025-11-09
728126405,Juan,Torres,48,Femenino,Cusco,Recurrente,2023-10-31,crisol,2025-11-09
515662035,Camila,Ruiz,68,Masculino,Arequipa,Recurrente,2023-05-21,crisol,2025-11-09
986268233,Andrés,Herrera,30,Masculino,Chiclayo,Recurrente,2023-10-24,crisol,2025-11-09
419190425,Camila,García,70,Otro,Piura,Nuevo,2023-09-07,crisol,2025-11-09
619097080,Luis,Ramos,68,Femenino,Trujillo,Nuevo,2024-02-22,crisol,2025-11-09
142024391,Rosa,Ramos,29,Masculino,Cusco,Recurrente,2024-08-13,crisol,2025-11-09
403648460,Javier,Pérez,41,Masculino,Lima,Nuevo,2024-01-29,crisol,2025-11-09
79105181,Camila,Díaz,37,Masculino,Huánuco,Nuevo,2024-07-22,crisol,2025-11-09
974115721,Lucía,Pérez,31,Femenino,Arequipa,Nuevo,2023-12-05,crisol,2025-11-09
996568081,Rosa,Pérez,43,Masculino,Lima,Nuevo,2023-09-02,crisol,2025-11-09
465974650,Rosa,Pérez,41,Masculino,Huánuco,Recurrente,2023-03-31,crisol,2025-11-09
694688785,Andrés,Ramos,35,Masculino,Piura,Nuevo,2023-05-04,crisol,2025-11-09
11756387,Rosa,López,55,Masculino,Piura,Nuevo,2023-06-18,crisol,2025-11-09
63031064,Diego,Ruiz,33,Otro,Lima,Nuevo,2023-05-19,crisol,2025-11-09
25024070,Valeria,Martínez,39,Masculino,Ayacucho,Nuevo,2024-04-16,crisol,2025-11-09
812796933,Sofía,Castro,47,Otro,Piura,Nuevo,2023-04-25,crisol,2025-11-09
616841166,Andrés,Vásquez,29,Femenino,Lima,Nuevo,2024-06-30,crisol,2025-11-09
462120224,Juan,Rodríguez,47,Femenino,Chiclayo,Recurrente,2023-11-26,crisol,2025-11-09
276799449,Diego,Martínez,58,Otro,Huánuco,Nuevo,2023-10-20,crisol,2025-11-09
802264040,Pedro,Castro,36,Otro,Pucallpa,Recurrente,2023-08-19,crisol,2025-11-09
551682876,María,García,53,Masculino,Tacna,Nuevo,2024-07-15,crisol,2025-11-09
639137271,José,Gonzales,58,Femenino,Arequipa,Nuevo,2023-10-17,crisol,2025-11-09
818286899,Sofía,Ramos,43,Masculino,Huánuco,Nuevo,2024-01-15,crisol,2025-11-09
160425685,María,Torres,57,Femenino,Lima,Nuevo,2024-02-22,crisol,2025-11-09
407899679,Juan,López,69,Femenino,Huancayo,Recurrente,2023-05-23,crisol,2025-11-09
332427162,Pedro,Ramos,19,Femenino,Lima,Nuevo,2023-06-07,crisol,2025-11-09
813648731,José,Herrera,43,Masculino,Huánuco,Nuevo,2023-03-06,crisol,2025-11-09
392959953,Pedro,Gonzales,19,Masculino,Cusco,Recurrente,2023-01-05,crisol,2025-11-09
72855040,Lucía,López,61,Otro,Tacna,Recurrente,2024-03-09,crisol,2025-11-09
533703824,Diego,García,38,Femenino,Lima,Nuevo,2024-03-26,crisol,2025-11-09
614267952,Juan,Gonzales,26,Masculino,Pucallpa,Nuevo,2023-08-03,crisol,2025-11-09
263383452,Valeria,Gonzales,37,Femenino,Piura,Nuevo,2024-01-20,crisol,2025-11-09
283698081,Camila,Ruiz,41,Masculino,Huancayo,Recurrente,2023-11-24,crisol,2025-11-09
745602677,Javier,Torres,55,Masculino,Cusco,Recurrente,2023-05-07,crisol,2025-11-09
614899200,Javier,Ruiz,23,Otro,Arequipa,Recurrente,2024-06-28,crisol,2025-11-09
427198520,José,Ruiz,37,Otro,Cajamarca,Nuevo,2024-03-15,crisol,2025-11-09
354439734,José,Herrera,25,Otro,Ica,Nuevo,2023-11-27,crisol,2025-11-09
766096611,Valeria,Torres,34,Otro,Tacna,Nuevo,2024-02-10,crisol,2025-11-09
587270868,Juan,Gonzales,61,Femenino,Lima,Recurrente,2023-09-06,crisol,2025-11-09
801110220,Camila,Torres,48,Otro,Huancayo,Nuevo,2023-09-08,crisol,2025-11-09
918627666,Juan,Flores,59,Masculino,Piura,Nuevo,2023-01-27,crisol,2025-11-09
647970973,Sofía,Ramos,49,Masculino,Ica,Nuevo,2023-05-28,crisol,2025-11-09
741100072,Camila,Castro,62,Femenino,Ica,Recurrente,2023-05-17,crisol,2025-11-09
225843670,Valeria,Vásquez,43,Femenino,Pucallpa,Nuevo,2024-07-28,crisol,2025-11-09
989516854,Carlos,Gonzales,33,Masculino,Cajamarca,Recurrente,2024-04-16,crisol,2025-11-09
403793562,Valeria,Vásquez,55,Otro,Huánuco,Nuevo,2024-03-25,crisol,2025-11-09
508306970,Javier,López,57,Otro,Huánuco,Nuevo,2024-07-01,crisol,2025-11-09
931434729,Sofía,Salazar,27,Masculino,Huánuco,Nuevo,2023-07-06,crisol,2025-11-09
23290626,Valeria,García,34,Otro,Lima,Nuevo,2023-07-13,crisol,2025-11-09
244762874,Diego,Flores,29,Otro,Pucallpa,Nuevo,2023-08-06,crisol,2025-11-09
318818039,Lucía,Salazar,22,Otro,Piura,Nuevo,2023-01-10,crisol,2025-11-09
858666421,Andrés,Torres,39,Femenino,Huancayo,Nuevo,2023-10-03,crisol,2025-11-09
740928626,Sofía,Rodríguez,42,Masculino,Chiclayo,Nuevo,2024-08-05,crisol,2025-11-09
740587853,Valeria,Castro,22,Masculino,Arequipa,Recurrente,2023-05-08,crisol,2025-11-09
31626483,Juan,Ruiz,43,Femenino,Ica,Nuevo,2023-06-08,crisol,2025-11-09
197896047,Diego,Flores,45,Otro,Ayacucho,Recurrente,2023-05-12,crisol,2025-11-09
529100384,Lucía,Torres,47,Masculino,Ica,Recurrente,2024-02-29,crisol,2025-11-09
952089883,Camila,Díaz,62,Masculino,Cajamarca,Nuevo,2023-11-02,crisol,2025-11-09
783953139,Lucía,Pérez,69,Femenino,Lima,Nuevo,2024-01-06,crisol,2025-11-09
56221065,Ana,Ramos,69,Masculino,Cusco,Recurrente,2023-06-23,crisol,2025-11-09
669912818,Pedro,Flores,37,Masculino,Tacna,Nuevo,2023-02-08,crisol,2025-11-09
687531046,Lucía,Flores,63,Femenino,Ayacucho,Nuevo,2024-05-22,crisol,2025-11-09
290177266,Juan,Salazar,59,Femenino,Chiclayo,Recurrente,2024-01-11,crisol,2025-11-09
543677956,Carlos,Ramos,47,Femenino,Huánuco,Nuevo,2023-01-03,crisol,2025-11-09
903937453,Javier,Ramos,28,Masculino,Lima,Nuevo,2024-02-19,crisol,2025-11-09
204988340,Diego,Díaz,60,Femenino,Tacna,Recurrente,2024-02-18,crisol,2025-11-09
948155017,Diego,Martínez,44,Otro,Huancayo,Nuevo,2024-04-03,crisol,2025-11-09
286974459,Sofía,Castro,49,Otro,Piura,Nuevo,2024-06-19,crisol,2025-11-09
993545663,Ana,Castro,62,Otro,Tacna,Nuevo,2024-08-11,crisol,2025-11-09
900485910,Pedro,Ruiz,35,Otro,Trujillo,Nuevo,2024-06-02,crisol,2025-11-09
458755476,Juan,Castro,65,Otro,Cusco,Recurrente,2023-01-15,crisol,2025-11-09
930693011,Luis,Castro,62,Otro,Ica,Nuevo,2024-03-02,crisol,2025-11-09
832233178,Rosa,Ramos,36,Masculino,Huánuco,Nuevo,2023-08-16,crisol,2025-11-09
634020498,Luis,Herrera,42,Masculino,Huánuco,Nuevo,2024-07-15,crisol,2025-11-09
628916168,Camila,Herrera,52,Otro,Huancayo,Recurrente,2023-04-17,crisol,2025-11-09
353845501,Valeria,Martínez,53,Femenino,Ica,Nuevo,2023-01-05,crisol,2025-11-09
751408023,María,Rodríguez,61,Femenino,Cajamarca,Recurrente,2023-06-17,crisol,2025-11-09
147608004,Javier,López,70,Otro,Arequipa,Recurrente,2023-11-08,crisol,2025-11-09
534409591,Luis,Rodríguez,70,Otro,Huánuco,Nuevo,2024-04-17,crisol,2025-11-09
801573226,Pedro,Ruiz,49,Masculino,Arequipa,Recurrente,2024-06-22,crisol,2025-11-09
151766763,Javier,Rodríguez,31,Femenino,Arequipa,Recurrente,2024-05-09,crisol,2025-11-09
62071486,Sofía,Salazar,52,Femenino,Huancayo,Nuevo,2023-02-20,crisol,2025-11-09
412767481,Camila,García,64,Masculino,Ayacucho,Recurrente,2024-08-12,crisol,2025-11-09
689808060,Sofía,Ramos,37,Femenino,Ayacucho,Recurrente,2024-07-03,crisol,2025-11-09
933984038,Luis,Ramos,19,Otro,Cusco,Nuevo,2024-03-30,crisol,2025-11-09
669512542,Luis,Castro,67,Femenino,Ica,Recurrente,2024-07-08,crisol,2025-11-09
259246236,Juan,Vásquez,57,Femenino,Huánuco,Nuevo,2023-05-03,crisol,2025-11-09
54433654,Rosa,Díaz,21,Otro,Huánuco,Nuevo,2024-01-29,crisol,2025-11-09
430330047,Carlos,Pérez,24,Femenino,Cusco,Nuevo,2023-11-23,crisol,2025-11-09
786467460,Lucía,Salazar,50,Femenino,Pucallpa,Nuevo,2024-06-19,crisol,2025-11-09
427990502,Sofía,Gonzales,66,Femenino,Chiclayo,Nuevo,2023-06-26,crisol,2025-11-09
273552584,Lucía,Ramos,35,Masculino,Lima,Nuevo,2024-06-20,crisol,2025-11-09
479329976,Sofía,Díaz,68,Femenino,Trujillo,Nuevo,2023-05-16,crisol,2025-11-09
312641556,Andrés,Pérez,40,Masculino,Cajamarca,Nuevo,2023-09-19,crisol,2025-11-09
349069295,María,Rodríguez,29,Femenino,Pucallpa,Nuevo,2024-06-08,crisol,2025-11-09
632142326,Valeria,Torres,36,Masculino,Huánuco,Recurrente,2023-07-26,crisol,2025-11-09
216456600,Pedro,Ramos,52,Femenino,Lima,Nuevo,2023-08-27,crisol,2025-11-09
898182240,Sofía,Vásquez,48,Masculino,Ayacucho,Nuevo,2023-01-21,crisol,2025-11-09
263228241,José,López,20,Otro,Pucallpa,Recurrente,2023-10-02,crisol,2025-11-09
165230512,Javier,López,50,Otro,Cajamarca,Nuevo,2023-02-16,crisol,2025-11-09
856108975,Camila,Gonzales,64,Masculino,Arequipa,Recurrente,2024-07-01,crisol,2025-11-09
239808248,Juan,Castro,67,Femenino,Ayacucho,Nuevo,2023-10-03,crisol,2025-11-09
717231001,Valeria,Pérez,55,Femenino,Tacna,Nuevo,2024-05-02,crisol,2025-11-09
640354544,Lucía,Vásquez,70,Otro,Chiclayo,Nuevo,2023-10-07,crisol,2025-11-09
361459462,Carlos,Díaz,35,Masculino,Ica,Nuevo,2023-10-04,crisol,2025-11-09
565461184,Juan,Martínez,38,Masculino,Chiclayo,Nuevo,2024-01-22,crisol,2025-11-09
807230588,Camila,Torres,37,Otro,Lima,Nuevo,2024-05-25,crisol,2025-11-09
687430791,Andrés,López,54,Femenino,Tacna,Nuevo,2023-12-11,crisol,2025-11-09
627578454,Rosa,Salazar,66,Otro,Lima,Nuevo,2024-03-18,crisol,2025-11-09
1170123,Carlos,Ruiz,57,Femenino,Pucallpa,Nuevo,2023-02-15,crisol,2025-11-09
860529750,Ana,García,40,Otro,Piura,Recurrente,2023-05-24,crisol,2025-11-09
356614938,Pedro,Martínez,57,Masculino,Chiclayo,Nuevo,2023-11-16,crisol,2025-11-09
164889013,Juan,López,24,Otro,Ayacucho,Nuevo,2024-04-15,crisol,2025-11-09
505909555,Luis,Díaz,45,Femenino,Cusco,Recurrente,2023-04-27,crisol,2025-11-09
704703228,Luis,García,50,Femenino,Ayacucho,Nuevo,2024-06-19,crisol,2025-11-09
774849172,Carlos,López,18,Otro,Arequipa,Recurrente,2023-05-13,crisol,2025-11-09
900975758,Valeria,Gonzales,68,Otro,Arequipa,Recurrente,2024-06-10,crisol,2025-11-09
865415402,Luis,García,54,Femenino,Huánuco,Nuevo,2023-08-14,crisol,2025-11-09
180727140,Javier,Ramos,19,Otro,Tacna,Nuevo,2024-07-15,crisol,2025-11-09
404525652,Camila,Castro,66,Femenino,Huánuco,Nuevo,2024-05-07,crisol,2025-11-09
314107655,Javier,Díaz,31,Masculino,Chiclayo,Nuevo,2023-01-03,crisol,2025-11-09
412262186,José,Rodríguez,55,Masculino,Tacna,Recurrente,2023-03-30,crisol,2025-11-09
398927805,María,Flores,51,Masculino,Chiclayo,Nuevo,2023-06-03,crisol,2025-11-09
316647587,Diego,Rodríguez,42,Femenino,Cusco,Nuevo,2024-02-29,crisol,2025-11-09
668788197,Pedro,Castro,19,Femenino,Huánuco,Nuevo,2024-04-16,crisol,2025-11-09
778390579,Carlos,López,59,Femenino,Huancayo,Nuevo,2024-05-29,crisol,2025-11-09
621988060,Juan,Rodríguez,28,Masculino,Chiclayo,Recurrente,2024-08-09,crisol,2025-11-09
60788845,Juan,Ruiz,70,Femenino,Cusco,Recurrente,2024-07-09,crisol,2025-11-09
673974194,Andrés,Torres,21,Otro,Arequipa,Nuevo,2024-04-22,crisol,2025-11-09
479563332,Valeria,Gonzales,63,Femenino,Huancayo,Recurrente,2024-03-31,crisol,2025-11-09
451743874,Lucía,Gonzales,38,Masculino,Piura,Nuevo,2024-07-11,crisol,2025-11-09
580665526,Valeria,Salazar,20,Femenino,Ayacucho,Nuevo,2024-06-10,crisol,2025-11-09
71198655,Sofía,Castro,22,Femenino,Chiclayo,Recurrente,2024-07-25,crisol,2025-11-09
623877167,Luis,Gonzales,50,Otro,Trujillo,Recurrente,2024-02-04,crisol,2025-11-09
180010955,José,Vásquez,53,Masculino,Arequipa,Nuevo,2024-06-08,crisol,2025-11-09
475983174,José,López,51,Masculino,Huánuco,Recurrente,2024-05-05,crisol,2025-11-09
427986710,María,Rodríguez,33,Otro,Cajamarca,Recurrente,2023-07-04,crisol,2025-11-09
122960934,Javier,Salazar,68,Otro,Piura,Nuevo,2023-12-08,crisol,2025-11-09
792666015,María,Díaz,69,Otro,Huancayo,Nuevo,2024-08-03,crisol,2025-11-09
694754655,Diego,Díaz,51,Otro,Cajamarca,Recurrente,2023-04-11,crisol,2025-11-09
548406718,Diego,Rodríguez,70,Masculino,Tacna,Recurrente,2023-01-08,crisol,2025-11-09
982912260,José,Ramos,63,Otro,Lima,Recurrente,2023-02-18,crisol,2025-11-09
488210640,Valeria,Rodríguez,32,Femenino,Trujillo,Nuevo,2024-07-22,crisol,2025-11-09
154595764,José,Díaz,56,Masculino,Ica,Nuevo,2024-06-07,crisol,2025-11-09
711626272,Javier,Vásquez,45,Otro,Pucallpa,Recurrente,2024-04-10,crisol,2025-11-09
989260067,Juan,López,63,Femenino,Lima,Nuevo,2023-12-02,crisol,2025-11-09
494180727,Pedro,Castro,44,Otro,Trujillo,Recurrente,2023-08-19,crisol,2025-11-09
205094266,Sofía,Gonzales,62,Femenino,Lima,Recurrente,2024-03-28,crisol,2025-11-09
253537964,Camila,García,67,Masculino,Trujillo,Recurrente,2023-08-12,crisol,2025-11-09
107535290,Sofía,Gonzales,39,Otro,Lima,Recurrente,2023-11-22,crisol,2025-11-09
472423094,Andrés,Herrera,20,Femenino,Huánuco,Recurrente,2024-06-21,crisol,2025-11-09
513722265,Valeria,Castro,61,Otro,Ica,Nuevo,2023-10-14,crisol,2025-11-09
282831675,Juan,Martínez,41,Otro,Arequipa,Nuevo,2023-03-20,crisol,2025-11-09
334323820,María,Martínez,48,Masculino,Tacna,Recurrente,2023-04-15,crisol,2025-11-09
808036622,Carlos,Herrera,32,Otro,Trujillo,Nuevo,2023-02-20,crisol,2025-11-09
213086324,José,Díaz,46,Masculino,Cusco,Recurrente,2024-02-07,crisol,2025-11-09
879540035,Javier,Flores,52,Otro,Huancayo,Recurrente,2024-08-19,crisol,2025-11-09
685981564,Lucía,Herrera,46,Otro,Chiclayo,Nuevo,2023-05-26,crisol,2025-11-09
249237774,Andrés,Martínez,69,Otro,Pucallpa,Nuevo,2024-06-08,crisol,2025-11-09
313449429,Luis,Ramos,48,Otro,Trujillo,Nuevo,2023-08-26,crisol,2025-11-09
879827024,Diego,Ramos,64,Femenino,Pucallpa,Recurrente,2023-03-09,crisol,2025-11-09
463863347,Ana,Rodríguez,57,Femenino,Chiclayo,Nuevo,2024-05-25,crisol,2025-11-09
543347637,Andrés,López,25,Femenino,Piura,Recurrente,2024-01-10,crisol,2025-11-09
486411508,Camila,Herrera,28,Otro,Ayacucho,Recurrente,2024-03-25,crisol,2025-11-09
250741721,María,Díaz,43,Otro,Trujillo,Recurrente,2023-02-08,crisol,2025-11-09
146786040,Valeria,Vásquez,23,Femenino,Arequipa,Nuevo,2023-11-08,crisol,2025-11-09
689914514,Carlos,Vásquez,32,Masculino,Huánuco,Nuevo,2024-01-20,crisol,2025-11-09
917551511,Camila,Gonzales,22,Otro,Cusco,Recurrente,2023-09-18,crisol,2025-11-09
577183654,Ana,Castro,45,Femenino,Lima,Recurrente,2023-08-01,crisol,2025-11-09
322005627,Luis,Flores,42,Femenino,Ayacucho,Nuevo,2023-06-30,crisol,2025-11-09
780777200,María,Gonzales,65,Otro,Piura,Nuevo,2023-10-18,crisol,2025-11-09
698256177,María,Herrera,58,Femenino,Pucallpa,Recurrente,2023-04-28,crisol,2025-11-09
456012552,María,Torres,18,Femenino,Lima,Recurrente,2023-06-19,crisol,2025-11-09
82594982,Pedro,Salazar,24,Femenino,Piura,Nuevo,2023-10-21,crisol,2025-11-09
956962022,María,López,68,Femenino,Pucallpa,Recurrente,2024-01-31,crisol,2025-11-09
750599733,Javier,Pérez,63,Otro,Pucallpa,Recurrente,2023-07-28,crisol,2025-11-09
745171293,Lucía,Flores,46,Femenino,Lima,Recurrente,2023-05-12,crisol,2025-11-09
635108981,Diego,Ruiz,26,Otro,Cajamarca,Nuevo,2023-09-05,crisol,2025-11-09
216125325,Diego,Herrera,19,Masculino,Cajamarca,Recurrente,2023-12-23,crisol,2025-11-09
804341388,Juan,Castro,64,Otro,Piura,Nuevo,2023-07-11,crisol,2025-11-09
125171515,Pedro,Herrera,30,Femenino,Cajamarca,Nuevo,2023-05-07,crisol,2025-11-09
644012293,Camila,Ramos,44,Femenino,Cajamarca,Recurrente,2023-01-02,crisol,2025-11-09
149840510,Sofía,Ruiz,43,Masculino,Pucallpa,Nuevo,2023-02-02,crisol,2025-11-09
144340189,Diego,Vásquez,26,Masculino,Tacna,Recurrente,2023-08-14,crisol,2025-11-09
288476710,Valeria,Castro,52,Masculino,Huancayo,Recurrente,2023-08-02,crisol,2025-11-09
778675451,Lucía,Ramos,53,Masculino,Cajamarca,Nuevo,2023-01-17,crisol,2025-11-09
100703392,Lucía,Vásquez,46,Otro,Huancayo,Nuevo,2023-11-08,crisol,2025-11-09
296436681,Rosa,Ramos,25,Femenino,Pucallpa,Nuevo,2023-06-18,crisol,2025-11-09
226869570,Ana,Flores,40,Masculino,Chiclayo,Nuevo,2024-02-09,crisol,2025-11-09
974920702,Sofía,Ramos,37,Masculino,Trujillo,Nuevo,2023-02-23,crisol,2025-11-09
118158489,Pedro,Ramos,33,Femenino,Trujillo,Nuevo,2023-08-12,crisol,2025-11-09
71387054,Valeria,Castro,68,Femenino,Ayacucho,Recurrente,2024-01-26,crisol,2025-11-09
959525651,Valeria,Salazar,39,Femenino,Piura,Recurrente,2023-07-07,crisol,2025-11-09
521803741,Andrés,Torres,42,Femenino,Trujillo,Nuevo,2023-02-16,crisol,2025-11-09
28267121,Ana,Herrera,68,Otro,Cusco,Nuevo,2023-07-03,crisol,2025-11-09
797737670,Diego,Gonzales,39,Masculino,Ayacucho,Recurrente,2023-08-02,crisol,2025-11-09
893077760,Javier,Flores,35,Femenino,Tacna,Nuevo,2024-07-16,crisol,2025-11-09
428777535,Lucía,Rodríguez,29,Otro,Arequipa,Nuevo,2023-01-01,crisol,2025-11-09
322863489,Lucía,Flores,33,Masculino,Huancayo,Nuevo,2024-01-05,crisol,2025-11-09
296345583,José,Ruiz,65,Otro,Huancayo,Nuevo,2024-05-08,crisol,2025-11-09
313973608,Valeria,Vásquez,30,Masculino,Cusco,Nuevo,2023-09-24,crisol,2025-11-09
748056906,Diego,Castro,47,Otro,Arequipa,Nuevo,2023-11-21,crisol,2025-11-09
229411667,María,Rodríguez,62,Masculino,Pucallpa,Nuevo,2023-11-26,crisol,2025-11-09
306461916,Ana,Torres,49,Otro,Cajamarca,Nuevo,2024-06-10,crisol,2025-11-09
208648628,Juan,Ruiz,51,Femenino,Arequipa,Nuevo,2023-04-13,crisol,2025-11-09
776408389,Camila,Díaz,48,Masculino,Huancayo,Nuevo,2024-08-19,crisol,2025-11-09
90524737,Sofía,García,22,Femenino,Ica,Nuevo,2024-07-01,crisol,2025-11-09
442975196,Carlos,Salazar,24,Masculino,Chiclayo,Recurrente,2023-03-21,crisol,2025-11-09
589261630,Lucía,García,20,Otro,Tacna,Nuevo,2024-06-21,crisol,2025-11-09
343687047,José,Martínez,26,Femenino,Trujillo,Nuevo,2023-02-24,crisol,2025-11-09
436525602,Andrés,Díaz,59,Masculino,Huánuco,Recurrente,2024-08-15,crisol,2025-11-09
704960582,Ana,López,69,Otro,Huancayo,Nuevo,2023-09-27,crisol,2025-11-09
192420820,Camila,Ruiz,30,Masculino,Cajamarca,Nuevo,2023-07-09,crisol,2025-11-09
209634863,Juan,Rodríguez,50,Femenino,Cusco,Recurrente,2023-12-10,crisol,2025-11-09
977055249,Camila,Pérez,61,Femenino,Huánuco,Nuevo,2023-04-08,crisol,2025-11-09
102904878,Luis,Flores,27,Masculino,Cajamarca,Nuevo,2023-02-07,crisol,2025-11-09
110699340,Sofía,García,34,Femenino,Ayacucho,Nuevo,2023-05-26,crisol,2025-11-09
20501292,María,Vásquez,43,Femenino,Ica,Nuevo,2024-06-15,crisol,2025-11-09
151021274,Carlos,Rodríguez,26,Femenino,Lima,Nuevo,2023-11-24,crisol,2025-11-09
249223189,Rosa,Castro,26,Masculino,Tacna,Nuevo,2024-01-17,crisol,2025-11-09
405638961,Carlos,Salazar,19,Masculino,Tacna,Recurrente,2023-02-17,crisol,2025-11-09
913041736,María,García,66,Masculino,Pucallpa,Nuevo,2023-08-03,crisol,2025-11-09
240117837,Valeria,García,30,Masculino,Tacna,Nuevo,2023-07-05,crisol,2025-11-09
555149383,José,García,68,Masculino,Huánuco,Nuevo,2023-09-18,crisol,2025-11-09
360278024,Rosa,Vásquez,44,Otro,Pucallpa,Nuevo,2023-08-10,crisol,2025-11-09
326717385,Carlos,Díaz,43,Femenino,Trujillo,Recurrente,2024-03-29,crisol,2025-11-09
459772803,Diego,Pérez,29,Femenino,Piura,Nuevo,2024-03-15,crisol,2025-11-09
207582943,Luis,Rodríguez,65,Masculino,Ayacucho,Recurrente,2024-01-01,crisol,2025-11-09
265769590,José,Flores,47,Otro,Tacna,Nuevo,2023-09-06,crisol,2025-11-09
297134330,Andrés,Castro,53,Otro,Tacna,Nuevo,2024-04-28,crisol,2025-11-09
891611042,Ana,Gonzales,43,Masculino,Cusco,Recurrente,2024-01-28,crisol,2025-11-09
434096846,Sofía,Vásquez,39,Otro,Huancayo,Nuevo,2024-02-04,crisol,2025-11-09
169335584,Sofía,Flores,33,Otro,Arequipa,Nuevo,2024-03-02,crisol,2025-11-09
447201781,Luis,García,35,Femenino,Trujillo,Recurrente,2023-08-13,crisol,2025-11-09
267591057,José,Vásquez,55,Otro,Cusco,Nuevo,2024-03-28,crisol,2025-11-09
834785617,Luis,Herrera,66,Femenino,Cajamarca,Recurrente,2023-08-27,crisol,2025-11-09
362993315,Ana,Díaz,55,Otro,Ayacucho,Recurrente,2024-02-22,crisol,2025-11-09
136667802,Diego,Salazar,67,Otro,Arequipa,Recurrente,2023-09-13,crisol,2025-11-09
165459293,Luis,López,63,Femenino,Chiclayo,Recurrente,2023-06-04,crisol,2025-11-09
319771296,María,Gonzales,48,Masculino,Huánuco,Recurrente,2024-03-04,crisol,2025-11-09
211007145,Camila,Salazar,53,Masculino,Cusco,Nuevo,2023-10-21,crisol,2025-11-09
441119217,Pedro,Gonzales,50,Otro,Cajamarca,Nuevo,2024-08-14,crisol,2025-11-09
28061387,José,Flores,24,Femenino,Ayacucho,Nuevo,2023-10-31,crisol,2025-11-09
607208261,Lucía,Castro,58,Masculino,Piura,Recurrente,2024-07-13,crisol,2025-11-09
845386763,Andrés,García,44,Masculino,Cusco,Recurrente,2024-05-27,crisol,2025-11-09
89445288,María,Ramos,68,Otro,Tacna,Nuevo,2024-04-17,crisol,2025-11-09
94902133,Juan,López,19,Femenino,Trujillo,Nuevo,2023-05-14,crisol,2025-11-09
407527532,Juan,Torres,62,Masculino,Trujillo,Recurrente,2023-01-05,crisol,2025-11-09
102455175,Luis,Díaz,57,Femenino,Chiclayo,Recurrente,2023-01-20,crisol,2025-11-09
596927376,Javier,Rodríguez,42,Otro,Pucallpa,Nuevo,2023-05-01,crisol,2025-11-09
141535182,María,Martínez,43,Masculino,Piura,Recurrente,2024-03-28,crisol,2025-11-09
426125807,Carlos,Gonzales,59,Femenino,Huánuco,Recurrente,2023-06-18,crisol,2025-11-09
417256515,Rosa,Ruiz,36,Femenino,Trujillo,Nuevo,2023-07-15,crisol,2025-11-09
641934318,María,Torres,26,Otro,Piura,Recurrente,2023-11-04,crisol,2025-11-09
12184992,Ana,Ramos,70,Otro,Pucallpa,Nuevo,2023-03-23,crisol,2025-11-09
717012115,María,Rodríguez,59,Femenino,Ayacucho,Recurrente,2023-10-27,crisol,2025-11-09
608980151,Lucía,García,57,Femenino,Chiclayo,Recurrente,2023-01-27,crisol,2025-11-09
442052973,Andrés,Herrera,53,Masculino,Ica,Nuevo,2023-04-24,crisol,2025-11-09
35284751,María,Ramos,24,Masculino,Cusco,Recurrente,2024-08-07,crisol,2025-11-09
29570739,María,Ramos,67,Otro,Ica,Nuevo,2023-10-06,crisol,2025-11-09
785315016,Valeria,Pérez,66,Masculino,Ica,Nuevo,2023-10-06,crisol,2025-11-09
291947019,Ana,Torres,60,Femenino,Chiclayo,Recurrente,2023-07-30,crisol,2025-11-09
736212307,Luis,Díaz,68,Masculino,Pucallpa,Nuevo,2024-07-30,crisol,2025-11-09
585721107,Diego,Ruiz,34,Masculino,Ayacucho,Nuevo,2023-03-14,crisol,2025-11-09
928760072,José,Torres,56,Masculino,Lima,Nuevo,2023-09-15,crisol,2025-11-09
975719628,Pedro,García,24,Femenino,Lima,Recurrente,2024-08-15,crisol,2025-11-09
702713346,Camila,Castro,60,Otro,Huancayo,Recurrente,2023-02-18,crisol,2025-11-09
910984876,Luis,Salazar,28,Masculino,Huánuco,Nuevo,2024-03-03,crisol,2025-11-09
916133484,José,Herrera,25,Femenino,Arequipa,Recurrente,2023-03-16,crisol,2025-11-09
940781470,Valeria,Castro,20,Masculino,Pucallpa,Nuevo,2023-07-25,crisol,2025-11-09
276828850,Pedro,Herrera,65,Femenino,Pucallpa,Nuevo,2023-06-09,crisol,2025-11-09
64331867,Ana,Gonzales,30,Masculino,Cajamarca,Nuevo,2024-05-04,crisol,2025-11-09
607173372,Andrés,García,49,Otro,Huancayo,Nuevo,2024-07-10,crisol,2025-11-09
410338581,Juan,García,38,Femenino,Huancayo,Recurrente,2023-03-30,crisol,2025-11-09
849024504,Lucía,García,31,Masculino,Trujillo,Recurrente,2024-08-19,crisol,2025-11-09
732125677,Luis,Herrera,70,Masculino,Huánuco,Nuevo,2024-04-20,crisol,2025-11-09
718340692,Rosa,Pérez,28,Otro,Arequipa,Recurrente,2023-04-01,crisol,2025-11-09
310663768,María,García,26,Otro,Chiclayo,Recurrente,2023-11-03,crisol,2025-11-09
340498339,Carlos,Herrera,49,Otro,Huancayo,Recurrente,2023-08-07,crisol,2025-11-09
468301555,Lucía,Vásquez,50,Femenino,Chiclayo,Nuevo,2024-03-14,crisol,2025-11-09
201350528,Valeria,García,33,Otro,Trujillo,Recurrente,2023-02-08,crisol,2025-11-09
985663512,Andrés,Torres,37,Otro,Huancayo,Recurrente,2024-01-24,crisol,2025-11-09
131119155,Diego,Castro,36,Masculino,Ica,Recurrente,2023-05-02,crisol,2025-11-09
374039143,Luis,Herrera,21,Masculino,Ayacucho,Nuevo,2023-12-10,crisol,2025-11-09
233855589,Sofía,Pérez,44,Otro,Tacna,Nuevo,2023-07-09,crisol,2025-11-09
417187417,María,Ramos,53,Femenino,Cusco,Nuevo,2023-11-27,crisol,2025-11-09
188442075,Diego,Salazar,49,Otro,Pucallpa,Recurrente,2023-01-03,crisol,2025-11-09
149175681,Andrés,Gonzales,36,Femenino,Ayacucho,Recurrente,2024-04-22,crisol,2025-11-09
626796234,Pedro,Castro,63,Otro,Pucallpa,Nuevo,2024-01-03,crisol,2025-11-09
457326856,José,Castro,36,Otro,Piura,Recurrente,2023-08-15,crisol,2025-11-09
62657456,Juan,Gonzales,24,Otro,Tacna,Recurrente,2023-12-15,crisol,2025-11-09
464592940,Lucía,Gonzales,60,Femenino,Ica,Nuevo,2024-05-31,crisol,2025-11-09
318089247,Javier,Rodríguez,29,Femenino,Tacna,Recurrente,2024-04-11,crisol,2025-11-09
167570624,José,Ramos,26,Otro,Cusco,Nuevo,2023-01-27,crisol,2025-11-09
278088986,José,Vásquez,18,Femenino,Lima,Recurrente,2023-03-26,crisol,2025-11-09
315744816,Rosa,Salazar,35,Masculino,Ica,Nuevo,2024-01-23,crisol,2025-11-09
546796602,Andrés,Ramos,29,Femenino,Lima,Recurrente,2024-06-08,crisol,2025-11-09
477900702,Diego,Flores,24,Masculino,Lima,Recurrente,2024-02-26,crisol,2025-11-09
439351615,Pedro,Castro,21,Otro,Pucallpa,Recurrente,2023-04-13,crisol,2025-11-09
521689789,Carlos,Díaz,27,Masculino,Chiclayo,Nuevo,2023-07-16,crisol,2025-11-09
538483880,Camila,García,25,Femenino,Trujillo,Recurrente,2023-05-24,crisol,2025-11-09
246282525,Carlos,Díaz,27,Masculino,Huánuco,Nuevo,2023-10-18,crisol,2025-11-09
14142209,Pedro,Martínez,48,Femenino,Huánuco,Nuevo,2024-01-02,crisol,2025-11-09
650682912,Valeria,Castro,37,Masculino,Lima,Nuevo,2023-02-09,crisol,2025-11-09
779847825,Diego,Díaz,35,Femenino,Piura,Recurrente,2023-08-22,crisol,2025-11-09
400533304,Javier,Flores,24,Otro,Huancayo,Recurrente,2023-12-22,crisol,2025-11-09
716200656,Juan,Vásquez,67,Femenino,Ica,Nuevo,2024-03-29,crisol,2025-11-09
996051871,Carlos,Rodríguez,67,Otro,Arequipa,Nuevo,2023-01-08,crisol,2025-11-09
849915680,Javier,Ramos,36,Masculino,Tacna,Recurrente,2024-01-04,crisol,2025-11-09
525462480,Pedro,Pérez,56,Femenino,Arequipa,Nuevo,2023-05-11,crisol,2025-11-09
994965938,Pedro,Pérez,22,Masculino,Pucallpa,Nuevo,2023-10-22,crisol,2025-11-09
977141042,Rosa,Ruiz,39,Masculino,Pucallpa,Nuevo,2023-12-07,crisol,2025-11-09
935859432,Diego,Rodríguez,68,Otro,Trujillo,Recurrente,2023-09-26,crisol,2025-11-09
309142310,Lucía,Díaz,44,Femenino,Pucallpa,Recurrente,2023-05-12,crisol,2025-11-09
591205127,Juan,Rodríguez,23,Otro,Arequipa,Recurrente,2023-08-17,crisol,2025-11-09
24237378,José,López,66,Femenino,Chiclayo,Recurrente,2024-07-26,crisol,2025-11-09
689852717,Camila,Pérez,61,Masculino,Chiclayo,Nuevo,2023-04-29,crisol,2025-11-09
716866969,Carlos,García,32,Otro,Piura,Recurrente,2024-03-31,crisol,2025-11-09
269059310,Javier,Herrera,33,Otro,Cajamarca,Nuevo,2023-01-15,crisol,2025-11-09
342455450,Rosa,Gonzales,53,Femenino,Cusco,Recurrente,2024-01-17,crisol,2025-11-09
636037933,Valeria,Martínez,62,Masculino,Arequipa,Recurrente,2023-07-11,crisol,2025-11-09
618381406,Javier,Ruiz,18,Femenino,Piura,Recurrente,2024-08-03,crisol,2025-11-09
684652979,Juan,Ruiz,37,Femenino,Huánuco,Nuevo,2024-07-10,crisol,2025-11-09
460797183,Juan,Ramos,22,Otro,Lima,Nuevo,2024-03-06,crisol,2025-11-09
493596700,Ana,López,46,Femenino,Cusco,Nuevo,2023-02-14,crisol,2025-11-09
89114506,José,Gonzales,27,Femenino,Cajamarca,Nuevo,2023-08-17,crisol,2025-11-09
449097560,Andrés,Díaz,22,Femenino,Piura,Recurrente,2023-03-01,crisol,2025-11-09
150338263,Sofía,López,58,Masculino,Arequipa,Nuevo,2024-05-05,crisol,2025-11-09
776192887,José,Castro,57,Masculino,Tacna,Recurrente,2024-02-12,crisol,2025-11-09
317570922,Luis,Martínez,47,Femenino,Huánuco,Nuevo,2023-01-10,crisol,2025-11-09
570697818,Luis,Salazar,29,Masculino,Ayacucho,Nuevo,2023-09-14,crisol,2025-11-09
186948009,Ana,Martínez,50,Masculino,Trujillo,Nuevo,2023-03-23,crisol,2025-11-09
487875211,Camila,Rodríguez,37,Masculino,Ayacucho,Nuevo,2023-09-10,crisol,2025-11-09
937489942,José,Castro,24,Femenino,Arequipa,Nuevo,2024-04-14,crisol,2025-11-09
302568230,Rosa,Castro,19,Femenino,Huánuco,Recurrente,2024-07-30,crisol,2025-11-09
868649346,José,Pérez,28,Femenino,Huánuco,Nuevo,2023-03-04,crisol,2025-11-09
256798062,Diego,López,32,Otro,Huánuco,Recurrente,2023-12-13,crisol,2025-11-09
725480666,Valeria,Martínez,40,Masculino,Ica,Recurrente,2023-11-26,crisol,2025-11-09
687233358,Pedro,Herrera,69,Masculino,Arequipa,Nuevo,2023-02-17,crisol,2025-11-09
300147499,Juan,Herrera,26,Otro,Cajamarca,Nuevo,2023-04-03,crisol,2025-11-09
475261602,Carlos,García,49,Femenino,Huánuco,Recurrente,2023-05-15,crisol,2025-11-09
28392744,Luis,García,44,Femenino,Arequipa,Recurrente,2023-07-01,crisol,2025-11-09
971921608,María,Gonzales,61,Masculino,Piura,Nuevo,2024-02-20,crisol,2025-11-09
410652273,Valeria,López,48,Masculino,Cajamarca,Nuevo,2023-05-10,crisol,2025-11-09
879831261,Sofía,Flores,20,Masculino,Huancayo,Recurrente,2024-08-23,crisol,2025-11-09
168460904,Pedro,Pérez,37,Otro,Trujillo,Recurrente,2024-01-02,crisol,2025-11-09
8149630,Carlos,Rodríguez,20,Femenino,Huancayo,Recurrente,2023-02-19,crisol,2025-11-09
114077454,Valeria,López,59,Masculino,Ica,Nuevo,2023-08-20,crisol,2025-11-09
525498942,Valeria,Torres,23,Otro,Lima,Nuevo,2023-01-23,crisol,2025-11-09
197361395,Camila,Castro,59,Femenino,Cajamarca,Nuevo,2023-05-30,crisol,2025-11-09
197789539,Rosa,Gonzales,42,Otro,Ayacucho,Recurrente,2024-05-19,crisol,2025-11-09
68709102,Pedro,Ruiz,41,Femenino,Piura,Nuevo,2024-04-05,crisol,2025-11-09
622090698,Valeria,Flores,27,Masculino,Lima,Nuevo,2023-12-19,crisol,2025-11-09
780563393,Diego,López,26,Otro,Ica,Nuevo,2024-01-30,crisol,2025-11-09
698887348,Andrés,Torres,47,Otro,Trujillo,Nuevo,2023-12-06,crisol,2025-11-09
404633664,Luis,Torres,64,Femenino,Ica,Nuevo,2023-05-02,crisol,2025-11-09
660285448,Luis,Flores,40,Masculino,Tacna,Recurrente,2023-04-17,crisol,2025-11-09
987838937,María,Salazar,46,Femenino,Cajamarca,Recurrente,2024-03-14,crisol,2025-11-09
365052178,Juan,Gonzales,29,Otro,Chiclayo,Recurrente,2024-03-04,crisol,2025-11-09
71829542,Carlos,Pérez,68,Otro,Huánuco,Nuevo,2023-11-25,crisol,2025-11-09
511949457,Pedro,Pérez,44,Otro,Huancayo,Recurrente,2023-03-03,crisol,2025-11-09
167374517,Carlos,López,22,Otro,Huancayo,Nuevo,2024-07-14,crisol,2025-11-09
729878857,Javier,Torres,19,Femenino,Tacna,Recurrente,2024-03-13,crisol,2025-11-09
219577812,Sofía,López,26,Masculino,Ica,Recurrente,2023-05-07,crisol,2025-11-09
578909057,Sofía,Castro,27,Masculino,Huánuco,Nuevo,2024-06-13,crisol,2025-11-09
773589883,Luis,Salazar,50,Femenino,Cajamarca,Nuevo,2024-05-24,crisol,2025-11-09
89966735,María,Martínez,27,Otro,Pucallpa,Nuevo,2023-02-11,crisol,2025-11-09
31050464,Camila,López,47,Femenino,Trujillo,Recurrente,2024-08-06,crisol,2025-11-09
807820519,Pedro,Castro,62,Masculino,Ica,Recurrente,2023-03-16,crisol,2025-11-09
222456840,Carlos,Martínez,45,Femenino,Piura,Recurrente,2024-05-29,crisol,2025-11-09
914244672,José,Ramos,57,Masculino,Huánuco,Recurrente,2024-07-02,crisol,2025-11-09
766228196,Luis,García,49,Otro,Arequipa,Nuevo,2024-05-23,crisol,2025-11-09
443170341,Sofía,Castro,22,Femenino,Ica,Recurrente,2023-05-23,crisol,2025-11-09
44285541,María,García,67,Femenino,Tacna,Recurrente,2024-02-02,crisol,2025-11-09
863104232,Sofía,Rodríguez,62,Femenino,Cajamarca,Nuevo,2024-03-17,crisol,2025-11-09
477940138,Rosa,Flores,32,Femenino,Huancayo,Recurrente,2024-05-14,crisol,2025-11-09
196579255,Luis,Gonzales,40,Masculino,Trujillo,Recurrente,2024-05-15,crisol,2025-11-09
895954606,Sofía,Salazar,43,Femenino,Trujillo,Nuevo,2024-04-25,crisol,2025-11-09
441020874,Luis,Díaz,46,Otro,Pucallpa,Nuevo,2023-06-13,crisol,2025-11-09
176831027,Luis,Vásquez,69,Otro,Pucallpa,Recurrente,2023-05-04,crisol,2025-11-09
23278962,Luis,Ramos,58,Masculino,Cusco,Nuevo,2024-02-28,crisol,2025-11-09
621261073,Carlos,Castro,44,Femenino,Cajamarca,Nuevo,2023-12-08,crisol,2025-11-09
922073938,María,Rodríguez,70,Otro,Lima,Recurrente,2023-05-10,crisol,2025-11-09
806051348,Lucía,Herrera,44,Otro,Chiclayo,Nuevo,2023-08-25,crisol,2025-11-09
794241542,Sofía,Ruiz,19,Otro,Chiclayo,Nuevo,2023-08-09,crisol,2025-11-09
276381823,Andrés,Herrera,35,Masculino,Huancayo,Nuevo,2023-04-23,crisol,2025-11-09
323369996,José,Vásquez,68,Otro,Cusco,Recurrente,2023-07-10,crisol,2025-11-09
158209699,Diego,López,36,Femenino,Chiclayo,Nuevo,2023-01-07,crisol,2025-11-09
308029141,Javier,Gonzales,49,Otro,Piura,Nuevo,2023-05-21,crisol,2025-11-09
401128806,María,Vásquez,51,Femenino,Ayacucho,Recurrente,2024-04-14,crisol,2025-11-09
26013922,Ana,López,59,Otro,Arequipa,Nuevo,2023-10-27,crisol,2025-11-09
486172634,Pedro,Salazar,27,Masculino,Ica,Nuevo,2023-06-09,crisol,2025-11-09
744549246,Juan,Herrera,54,Otro,Ayacucho,Nuevo,2023-03-07,crisol,2025-11-09
770697234,Javier,Ramos,49,Femenino,Trujillo,Recurrente,2023-01-13,crisol,2025-11-09
424583449,Ana,Ramos,58,Masculino,Tacna,Nuevo,2024-06-16,crisol,2025-11-09
457777489,Ana,Pérez,25,Masculino,Huánuco,Recurrente,2023-06-05,crisol,2025-11-09
29062574,Rosa,Vásquez,21,Otro,Tacna,Nuevo,2024-05-30,crisol,2025-11-09
985808656,Luis,Rodríguez,42,Femenino,Trujillo,Recurrente,2024-07-10,crisol,2025-11-09
218549677,Ana,Flores,31,Femenino,Chiclayo,Recurrente,2024-01-26,crisol,2025-11-09
24632666,Diego,Díaz,28,Otro,Arequipa,Recurrente,2024-05-25,crisol,2025-11-09
777154633,Camila,Salazar,23,Otro,Ica,Nuevo,2023-12-10,crisol,2025-11-09
687318239,Andrés,Martínez,56,Femenino,Cajamarca,Recurrente,2023-05-17,crisol,2025-11-09
25798620,Pedro,Gonzales,44,Femenino,Piura,Recurrente,2023-02-23,crisol,2025-11-09
122110890,Rosa,López,27,Femenino,Piura,Nuevo,2023-04-06,crisol,2025-11-09
975061483,Valeria,Herrera,31,Femenino,Lima,Recurrente,2023-01-01,crisol,2025-11-09
83156238,María,Herrera,39,Femenino,Cajamarca,Nuevo,2023-12-20,crisol,2025-11-09
845124106,Javier,Díaz,63,Otro,Ayacucho,Recurrente,2024-07-07,crisol,2025-11-09
942503796,Juan,López,51,Otro,Arequipa,Nuevo,2023-02-06,crisol,2025-11-09
306919711,Luis,Salazar,22,Masculino,Pucallpa,Nuevo,2023-09-05,crisol,2025-11-09
68584592,Sofía,Ramos,42,Otro,Cusco,Nuevo,2023-08-07,crisol,2025-11-09
895111822,Sofía,López,51,Otro,Tacna,Nuevo,2024-06-11,crisol,2025-11-09
693343260,Ana,Torres,37,Femenino,Cusco,Nuevo,2023-02-21,crisol,2025-11-09
211618404,Juan,Castro,58,Masculino,Huancayo,Recurrente,2024-06-12,crisol,2025-11-09
341193441,José,Martínez,46,Masculino,Chiclayo,Recurrente,2024-04-06,crisol,2025-11-09
589392845,Luis,Pérez,23,Otro,Lima,Nuevo,2024-04-18,crisol,2025-11-09
848588711,Javier,Salazar,24,Femenino,Piura,Nuevo,2024-07-26,crisol,2025-11-09
693463313,Camila,López,48,Otro,Huancayo,Nuevo,2023-04-20,crisol,2025-11-09
392789405,Pedro,Herrera,42,Femenino,Trujillo,Nuevo,2024-03-08,crisol,2025-11-09
121142507,María,Castro,54,Femenino,Cajamarca,Nuevo,2024-08-16,crisol,2025-11-09
790105570,Camila,Díaz,30,Otro,Ica,Nuevo,2023-03-09,crisol,2025-11-09
511627667,Rosa,Pérez,64,Femenino,Lima,Nuevo,2024-07-03,crisol,2025-11-09
222671897,Sofía,López,34,Femenino,Tacna,Nuevo,2023-12-23,crisol,2025-11-09
453099742,Sofía,Torres,63,Masculino,Arequipa,Nuevo,2024-01-09,crisol,2025-11-09
257070361,Ana,Castro,59,Otro,Trujillo,Recurrente,2023-06-17,crisol,2025-11-09
303105147,Carlos,Ramos,43,Otro,Huánuco,Nuevo,2024-05-08,crisol,2025-11-09
359865737,Pedro,Pérez,22,Otro,Cusco,Nuevo,2023-10-02,crisol,2025-11-09
997538946,José,Ramos,53,Femenino,Piura,Recurrente,2023-01-05,crisol,2025-11-09
874871150,Rosa,Flores,30,Masculino,Huánuco,Recurrente,2023-12-16,crisol,2025-11-09
219589386,Carlos,Herrera,70,Femenino,Huánuco,Nuevo,2024-01-29,crisol,2025-11-09
461706302,Valeria,Díaz,69,Otro,Ica,Nuevo,2023-03-13,crisol,2025-11-09
685016512,Sofía,Flores,65,Otro,Lima,Nuevo,2023-05-09,crisol,2025-11-09
939296257,Pedro,Gonzales,37,Femenino,Huancayo,Recurrente,2023-01-05,crisol,2025-11-09
863064875,Pedro,Torres,70,Masculino,Lima,Nuevo,2024-07-31,crisol,2025-11-09
991984648,Lucía,Rodríguez,64,Masculino,Tacna,Nuevo,2023-08-18,crisol,2025-11-09
596538618,Rosa,Ruiz,28,Femenino,Trujillo,Nuevo,2024-04-11,crisol,2025-11-09
987685558,Camila,Flores,25,Masculino,Trujillo,Nuevo,2023-05-24,crisol,2025-11-09
342565970,Carlos,Ruiz,64,Femenino,Tacna,Nuevo,2024-02-04,crisol,2025-11-09
213051357,Juan,Flores,56,Masculino,Lima,Nuevo,2023-03-26,crisol,2025-11-09
157224640,María,Pérez,70,Masculino,Ayacucho,Recurrente,2023-05-25,crisol,2025-11-09
207728366,Luis,Salazar,36,Femenino,Ica,Recurrente,2023-02-23,crisol,2025-11-09
374519808,Camila,Salazar,48,Otro,Tacna,Nuevo,2024-04-25,crisol,2025-11-09
100862648,Diego,Castro,68,Otro,Cajamarca,Recurrente,2024-08-16,crisol,2025-11-09
625523560,Andrés,Torres,24,Femenino,Cusco,Recurrente,2024-03-20,crisol,2025-11-09
375666832,Diego,Ramos,43,Femenino,Cajamarca,Nuevo,2024-01-22,crisol,2025-11-09
562657008,Rosa,López,30,Femenino,Trujillo,Nuevo,2023-01-18,crisol,2025-11-09
660343984,Camila,Gonzales,27,Masculino,Pucallpa,Recurrente,2024-01-24,crisol,2025-11-09
732453815,Camila,Gonzales,30,Femenino,Piura,Nuevo,2023-07-06,crisol,2025-11-09
136562916,Rosa,García,55,Masculino,Trujillo,Nuevo,2023-01-14,crisol,2025-11-09
492476734,Juan,Gonzales,62,Femenino,Chiclayo,Recurrente,2024-03-07,crisol,2025-11-09
53761008,Diego,García,39,Femenino,Trujillo,Recurrente,2023-04-28,crisol,2025-11-09
88708282,Javier,Gonzales,20,Otro,Ayacucho,Nuevo,2023-03-12,crisol,2025-11-09
426238382,Camila,Vásquez,27,Femenino,Lima,Nuevo,2023-02-03,crisol,2025-11-09
144472303,José,Gonzales,53,Otro,Ayacucho,Nuevo,2023-09-25,crisol,2025-11-09
906984875,Lucía,Herrera,39,Otro,Chiclayo,Recurrente,2023-07-28,crisol,2025-11-09
236928708,Sofía,Martínez,50,Otro,Ayacucho,Nuevo,2024-05-18,crisol,2025-11-09
960387865,María,Castro,29,Masculino,Pucallpa,Nuevo,2024-04-28,crisol,2025-11-09
612177133,María,Vásquez,34,Femenino,Ica,Recurrente,2024-06-01,crisol,2025-11-09
992273998,José,Salazar,42,Femenino,Tacna,Recurrente,2023-06-09,crisol,2025-11-09
24637806,Javier,López,23,Femenino,Ayacucho,Nuevo,2024-02-22,crisol,2025-11-09
454496255,Sofía,Rodríguez,67,Otro,Huánuco,Nuevo,2024-07-05,crisol,2025-11-09
357633982,Luis,Vásquez,55,Masculino,Ayacucho,Nuevo,2023-05-12,crisol,2025-11-09
311490627,Juan,Pérez,69,Masculino,Ayacucho,Recurrente,2023-05-25,crisol,2025-11-09
22324292,Pedro,Ramos,60,Masculino,Huancayo,Nuevo,2024-01-22,crisol,2025-11-09
848160206,Juan,Gonzales,23,Otro,Lima,Nuevo,2023-12-13,crisol,2025-11-09
300436570,Ana,Vásquez,27,Femenino,Huancayo,Nuevo,2023-07-27,crisol,2025-11-09
783437618,Juan,Herrera,59,Otro,Ayacucho,Nuevo,2023-08-29,crisol,2025-11-09
343885411,Javier,Ramos,59,Masculino,Cajamarca,Nuevo,2023-07-25,crisol,2025-11-09
871688876,Juan,García,21,Masculino,Ayacucho,Nuevo,2023-02-23,crisol,2025-11-09
565135403,Rosa,Castro,55,Masculino,Huancayo,Nuevo,2024-06-17,crisol,2025-11-09
122361528,Camila,Pérez,69,Femenino,Arequipa,Recurrente,2023-06-27,crisol,2025-11-09
565569164,Andrés,López,39,Otro,Pucallpa,Nuevo,2024-07-10,crisol,2025-11-09
945731574,Valeria,Flores,29,Otro,Tacna,Nuevo,2023-08-24,crisol,2025-11-09
53009488,Javier,Martínez,63,Masculino,Tacna,Nuevo,2024-03-10,crisol,2025-11-09
95048123,Ana,Flores,44,Femenino,Huánuco,Nuevo,2023-01-26,crisol,2025-11-09
549589315,Diego,Flores,23,Masculino,Huánuco,Recurrente,2024-03-15,crisol,2025-11-09
558252128,María,Gonzales,66,Otro,Pucallpa,Recurrente,2023-09-20,crisol,2025-11-09
825818648,Lucía,Vásquez,18,Femenino,Ayacucho,Nuevo,2023-04-01,crisol,2025-11-09
39015343,Sofía,Salazar,53,Masculino,Tacna,Recurrente,2023-09-08,crisol,2025-11-09
8983986,Rosa,Castro,45,Femenino,Ica,Recurrente,2024-05-30,crisol,2025-11-09
311616963,Carlos,García,53,Otro,Huancayo,Recurrente,2023-05-24,crisol,2025-11-09
716471390,José,Castro,32,Femenino,Cajamarca,Recurrente,2023-12-31,crisol,2025-11-09
695396891,Juan,Flores,64,Masculino,Cajamarca,Recurrente,2024-03-13,crisol,2025-11-09
514253838,Camila,Vásquez,24,Otro,Chiclayo,Nuevo,2023-05-09,crisol,2025-11-09
706739067,Pedro,Díaz,69,Masculino,Cajamarca,Recurrente,2024-03-18,crisol,2025-11-09
584917581,Pedro,Herrera,60,Otro,Cusco,Nuevo,2024-02-11,crisol,2025-11-09
943924109,Diego,Flores,58,Masculino,Chiclayo,Recurrente,2023-06-26,crisol,2025-11-09
635788887,Carlos,Rodríguez,45,Femenino,Cajamarca,Nuevo,2024-06-11,crisol,2025-11-09
12018458,Valeria,Ruiz,62,Masculino,Chiclayo,Recurrente,2023-03-29,crisol,2025-11-09
424314330,Rosa,Gonzales,28,Masculino,Arequipa,Recurrente,2024-07-04,crisol,2025-11-09
654119408,Juan,Torres,36,Otro,Piura,Nuevo,2023-11-22,crisol,2025-11-09
607308994,Pedro,García,26,Femenino,Cusco,Recurrente,2024-05-06,crisol,2025-11-09
499132304,Carlos,Ramos,38,Otro,Chiclayo,Nuevo,2023-01-26,crisol,2025-11-09
589532168,Rosa,López,53,Femenino,Ayacucho,Nuevo,2023-11-21,crisol,2025-11-09
31488819,Javier,García,63,Femenino,Huancayo,Recurrente,2023-04-22,crisol,2025-11-09
957715017,Diego,Ramos,39,Femenino,Arequipa,Nuevo,2024-08-08,crisol,2025-11-09
75130801,Rosa,Rodríguez,55,Femenino,Cajamarca,Nuevo,2023-04-06,crisol,2025-11-09
573789591,Pedro,Torres,23,Otro,Huancayo,Recurrente,2023-11-12,crisol,2025-11-09
564339511,José,Pérez,21,Otro,Cusco,Recurrente,2023-01-05,crisol,2025-11-09
771375397,Valeria,Rodríguez,34,Femenino,Piura,Recurrente,2023-07-05,crisol,2025-11-09
561409134,Lucía,Díaz,49,Femenino,Tacna,Nuevo,2023-02-20,crisol,2025-11-09
672655611,Ana,Salazar,19,Masculino,Piura,Nuevo,2023-05-07,crisol,2025-11-09
109173086,Camila,Herrera,27,Femenino,Tacna,Nuevo,2024-06-03,crisol,2025-11-09
420289420,Rosa,Salazar,20,Femenino,Pucallpa,Nuevo,2023-01-24,crisol,2025-11-09
431107521,Andrés,Salazar,56,Femenino,Huánuco,Recurrente,2023-06-15,crisol,2025-11-09
243805889,Rosa,López,44,Otro,Ica,Recurrente,2024-07-28,crisol,2025-11-09
16833364,José,Rodríguez,20,Masculino,Trujillo,Recurrente,2023-07-20,crisol,2025-11-09
21274005,Carlos,Flores,34,Masculino,Cajamarca,Recurrente,2024-03-09,crisol,2025-11-09
149135033,Luis,Ruiz,69,Otro,Chiclayo,Nuevo,2024-04-25,crisol,2025-11-09
851053161,Camila,Salazar,36,Masculino,Ayacucho,Recurrente,2024-05-21,crisol,2025-11-09
949326910,Diego,Ruiz,23,Otro,Trujillo,Nuevo,2024-02-05,crisol,2025-11-09
712261598,Valeria,Gonzales,44,Otro,Trujillo,Recurrente,2023-09-19,crisol,2025-11-09
53364641,Camila,Ramos,52,Femenino,Trujillo,Nuevo,2023-11-08,crisol,2025-11-09
271819915,Sofía,López,34,Femenino,Ayacucho,Nuevo,2024-01-25,crisol,2025-11-09
703640609,José,Herrera,53,Otro,Tacna,Recurrente,2023-12-29,crisol,2025-11-09
995872413,Rosa,Díaz,30,Otro,Ayacucho,Recurrente,2024-06-02,crisol,2025-11-09
212922086,Diego,Martínez,53,Otro,Ica,Recurrente,2023-12-28,crisol,2025-11-09
703208697,Pedro,Ramos,58,Masculino,Cajamarca,Recurrente,2023-08-10,crisol,2025-11-09
466193554,José,Vásquez,37,Otro,Cusco,Nuevo,2023-01-31,crisol,2025-11-09
924144551,Andrés,Flores,47,Femenino,Cusco,Nuevo,2023-01-05,crisol,2025-11-09
992472081,Pedro,Herrera,56,Femenino,Ica,Nuevo,2024-02-23,crisol,2025-11-09
828341906,Diego,Castro,53,Masculino,Tacna,Recurrente,2023-09-15,crisol,2025-11-09
322945077,Ana,Vásquez,64,Femenino,Piura,Recurrente,2024-07-02,crisol,2025-11-09
34009445,Sofía,Pérez,66,Otro,Trujillo,Nuevo,2023-03-03,crisol,2025-11-09
387812085,Camila,Pérez,56,Masculino,Arequipa,Nuevo,2024-04-19,crisol,2025-11-09
177366002,Camila,Vásquez,18,Masculino,Chiclayo,Nuevo,2023-06-26,crisol,2025-11-09
985443707,Diego,Castro,66,Masculino,Piura,Nuevo,2024-04-23,crisol,2025-11-09
479787128,Ana,Herrera,65,Femenino,Huánuco,Recurrente,2023-11-19,crisol,2025-11-09
289524906,Andrés,Flores,40,Otro,Tacna,Recurrente,2023-01-05,crisol,2025-11-09
259511714,Pedro,Herrera,19,Masculino,Cajamarca,Nuevo,2024-07-26,crisol,2025-11-09
377059584,María,Gonzales,20,Otro,Huánuco,Recurrente,2023-01-05,crisol,2025-11-09
322012349,Sofía,Pérez,60,Masculino,Arequipa,Nuevo,2023-08-03,crisol,2025-11-09
368741931,Ana,Herrera,22,Masculino,Chiclayo,Nuevo,2023-08-27,crisol,2025-11-09
885154285,Ana,Flores,49,Otro,Trujillo,Nuevo,2023-03-22,crisol,2025-11-09
856295400,Camila,Ruiz,24,Masculino,Huánuco,Nuevo,2023-12-28,crisol,2025-11-09
618587449,Juan,Martínez,28,Femenino,Cusco,Nuevo,2024-04-16,crisol,2025-11-09
877370600,Luis,Rodríguez,53,Femenino,Tacna,Nuevo,2023-07-07,crisol,2025-11-09
865569439,Andrés,Gonzales,25,Otro,Lima,Nuevo,2024-05-22,crisol,2025-11-09
239921653,Pedro,López,53,Otro,Tacna,Nuevo,2023-10-27,crisol,2025-11-09
367457545,María,Martínez,58,Femenino,Lima,Recurrente,2023-03-24,crisol,2025-11-09
627709808,Ana,Gonzales,24,Masculino,Chiclayo,Recurrente,2023-11-08,crisol,2025-11-09
369388693,Rosa,Gonzales,38,Otro,Ica,Recurrente,2023-02-02,crisol,2025-11-09
991929457,Diego,Ramos,26,Femenino,Huánuco,Nuevo,2023-04-21,crisol,2025-11-09
446390055,Lucía,López,33,Femenino,Pucallpa,Nuevo,2023-05-24,crisol,2025-11-09
908231046,María,Salazar,38,Femenino,Cusco,Recurrente,2023-06-20,crisol,2025-11-09
817171804,José,Martínez,24,Masculino,Trujillo,Nuevo,2024-06-10,crisol,2025-11-09
276529928,Pedro,García,50,Otro,Chiclayo,Nuevo,2023-01-15,crisol,2025-11-09
632600842,Valeria,Herrera,21,Femenino,Piura,Nuevo,2024-03-17,crisol,2025-11-09
258233773,Juan,Flores,33,Otro,Piura,Nuevo,2023-03-17,crisol,2025-11-09
467965247,Camila,Torres,21,Femenino,Cusco,Nuevo,2023-12-04,crisol,2025-11-09
774279071,Valeria,Vásquez,55,Otro,Huánuco,Recurrente,2023-05-09,crisol,2025-11-09
981807545,Andrés,Ruiz,64,Femenino,Chiclayo,Nuevo,2023-04-13,crisol,2025-11-09
186018670,Diego,López,35,Masculino,Trujillo,Nuevo,2024-07-23,crisol,2025-11-09
569719512,Juan,Martínez,50,Femenino,Huancayo,Recurrente,2023-06-05,crisol,2025-11-09
61401186,Carlos,Gonzales,56,Masculino,Cajamarca,Nuevo,2023-02-17,crisol,2025-11-09
922366787,Andrés,Rodríguez,53,Masculino,Trujillo,Recurrente,2023-04-20,crisol,2025-11-09
264480329,Luis,Rodríguez,48,Femenino,Trujillo,Nuevo,2024-01-23,crisol,2025-11-09
500963127,Carlos,Castro,57,Masculino,Huancayo,Recurrente,2023-10-27,crisol,2025-11-09
634012416,Juan,Ruiz,36,Otro,Pucallpa,Nuevo,2023-03-29,crisol,2025-11-09
559781642,Rosa,Ruiz,30,Otro,Pucallpa,Nuevo,2024-01-17,crisol,2025-11-09
241617535,Javier,Flores,23,Masculino,Tacna,Recurrente,2023-06-10,crisol,2025-11-09
713471849,Valeria,Torres,48,Masculino,Tacna,Recurrente,2023-11-25,crisol,2025-11-09
16964748,José,Rodríguez,61,Otro,Huancayo,Recurrente,2024-04-23,crisol,2025-11-09
649567251,Carlos,Ramos,68,Femenino,Trujillo,Nuevo,2024-04-07,crisol,2025-11-09
229382889,Rosa,Rodríguez,50,Masculino,Cajamarca,Nuevo,2023-03-27,crisol,2025-11-09
798476584,Juan,Ruiz,50,Femenino,Ica,Recurrente,2023-06-09,crisol,2025-11-09
168288526,María,Castro,53,Masculino,Cajamarca,Nuevo,2023-03-19,crisol,2025-11-09
844869714,Sofía,Torres,31,Otro,Chiclayo,Nuevo,2024-05-10,crisol,2025-11-09
122308152,Diego,Pérez,40,Masculino,Piura,Nuevo,2024-04-07,crisol,2025-11-09
523260052,Juan,Torres,59,Femenino,Cusco,Recurrente,2023-03-24,crisol,2025-11-09
400677608,Rosa,López,21,Femenino,Pucallpa,Nuevo,2023-01-11,crisol,2025-11-09
868511653,Carlos,Pérez,26,Otro,Cajamarca,Recurrente,2024-06-17,crisol,2025-11-09
262031460,Pedro,Torres,53,Otro,Lima,Recurrente,2023-11-14,crisol,2025-11-09
684994889,Sofía,Herrera,21,Masculino,Piura,Nuevo,2024-02-14,crisol,2025-11-09
485963832,Diego,Ramos,21,Masculino,Tacna,Recurrente,2023-10-06,crisol,2025-11-09
9136275,Valeria,Flores,64,Masculino,Pucallpa,Nuevo,2024-04-15,crisol,2025-11-09
729521659,Sofía,Martínez,58,Masculino,Arequipa,Recurrente,2023-05-30,crisol,2025-11-09
257798550,Diego,Ramos,52,Otro,Huancayo,Nuevo,2023-09-07,crisol,2025-11-09
891317925,Pedro,Salazar,26,Femenino,Huánuco,Nuevo,2023-11-18,crisol,2025-11-09
107512361,Ana,López,35,Femenino,Lima,Nuevo,2023-11-14,crisol,2025-11-09
171458407,Carlos,Pérez,24,Masculino,Arequipa,Recurrente,2023-06-23,crisol,2025-11-09
388331666,Diego,López,29,Masculino,Trujillo,Nuevo,2023-07-21,crisol,2025-11-09
735664891,Camila,García,66,Otro,Cajamarca,Nuevo,2024-02-25,crisol,2025-11-09
238653750,José,Vásquez,18,Masculino,Arequipa,Nuevo,2023-03-30,crisol,2025-11-09
696335345,Camila,Torres,33,Otro,Cajamarca,Recurrente,2024-04-22,crisol,2025-11-09
804325154,Pedro,Castro,63,Femenino,Tacna,Nuevo,2024-05-08,crisol,2025-11-09
197769558,Juan,Pérez,19,Femenino,Huánuco,Nuevo,2023-04-13,crisol,2025-11-09
838102022,Juan,Torres,18,Femenino,Huancayo,Nuevo,2023-10-03,crisol,2025-11-09
601970386,Sofía,Vásquez,68,Masculino,Trujillo,Recurrente,2024-06-29,crisol,2025-11-09
899741821,Valeria,Gonzales,24,Masculino,Ica,Nuevo,2024-06-25,crisol,2025-11-09
398695801,María,Flores,25,Otro,Trujillo,Nuevo,2023-09-29,crisol,2025-11-09
857433884,Andrés,Martínez,41,Femenino,Cusco,Nuevo,2024-04-28,crisol,2025-11-09
152222332,Valeria,Ramos,40,Femenino,Cajamarca,Recurrente,2023-07-10,crisol,2025-11-09
486962881,José,Torres,23,Masculino,Chiclayo,Nuevo,2023-04-30,crisol,2025-11-09
738840227,Diego,Salazar,50,Otro,Cajamarca,Recurrente,2024-03-11,crisol,2025-11-09
258253884,Valeria,Gonzales,43,Masculino,Huánuco,Recurrente,2024-01-26,crisol,2025-11-09
991779466,Diego,Torres,52,Masculino,Lima,Nuevo,2024-05-21,crisol,2025-11-09
222772686,Lucía,García,30,Otro,Arequipa,Nuevo,2023-10-21,crisol,2025-11-09
883865927,Juan,Rodríguez,64,Masculino,Ica,Recurrente,2023-10-23,crisol,2025-11-09
716418659,José,García,37,Femenino,Trujillo,Nuevo,2024-01-26,crisol,2025-11-09
188880588,Lucía,Ramos,31,Otro,Ica,Nuevo,2023-04-24,crisol,2025-11-09
76899644,Diego,Torres,44,Masculino,Tacna,Nuevo,2023-04-15,crisol,2025-11-09
402216455,Carlos,Martínez,50,Masculino,Huancayo,Recurrente,2024-06-28,crisol,2025-11-09
791478687,José,López,44,Femenino,Chiclayo,Nuevo,2023-09-14,crisol,2025-11-09
416931956,Sofía,Ramos,52,Otro,Cajamarca,Nuevo,2024-05-09,crisol,2025-11-09
995329319,Juan,López,42,Otro,Arequipa,Recurrente,2023-08-25,crisol,2025-11-09
3210393,Juan,Martínez,52,Masculino,Chiclayo,Recurrente,2023-08-22,crisol,2025-11-09
431176657,Camila,López,62,Masculino,Trujillo,Nuevo,2023-07-05,crisol,2025-11-09
801891836,Carlos,Flores,63,Otro,Huancayo,Recurrente,2023-06-21,crisol,2025-11-09
518138681,Javier,Pérez,42,Femenino,Piura,Nuevo,2023-03-07,crisol,2025-11-09
46902126,Javier,Martínez,21,Femenino,Ayacucho,Recurrente,2023-05-29,crisol,2025-11-09
621706639,María,García,52,Femenino,Huánuco,Nuevo,2023-06-10,crisol,2025-11-09
301469997,Lucía,García,51,Masculino,Lima,Nuevo,2023-04-27,crisol,2025-11-09
479264693,Camila,Castro,67,Femenino,Tacna,Nuevo,2024-05-06,crisol,2025-11-09
359344678,Andrés,Torres,51,Otro,Ayacucho,Recurrente,2024-06-17,crisol,2025-11-09
704555982,Luis,Vásquez,54,Femenino,Pucallpa,Nuevo,2024-04-04,crisol,2025-11-09
670317828,Valeria,Pérez,38,Masculino,Huánuco,Nuevo,2023-05-08,crisol,2025-11-09
118518387,Luis,Díaz,44,Femenino,Cajamarca,Nuevo,2023-04-08,crisol,2025-11-09
593663206,Valeria,Díaz,60,Masculino,Lima,Nuevo,2024-05-19,crisol,2025-11-09
226837961,Andrés,Flores,61,Otro,Cusco,Nuevo,2023-09-07,crisol,2025-11-09
101697194,José,López,24,Masculino,Piura,Nuevo,2024-01-11,crisol,2025-11-09
894215458,Sofía,Torres,70,Masculino,Ayacucho,Recurrente,2024-02-29,crisol,2025-11-09
110977389,José,Castro,37,Otro,Cajamarca,Nuevo,2024-07-28,crisol,2025-11-09
544512278,María,García,54,Masculino,Arequipa,Recurrente,2024-08-17,crisol,2025-11-09
952472837,Valeria,Pérez,43,Otro,Huánuco,Recurrente,2023-04-27,crisol,2025-11-09
819919786,Ana,Salazar,70,Masculino,Chiclayo,Nuevo,2024-05-20,crisol,2025-11-09
373725524,Ana,Flores,61,Otro,Huánuco,Nuevo,2023-08-16,crisol,2025-11-09
861651750,Camila,López,44,Masculino,Trujillo,Recurrente,2023-03-20,crisol,2025-11-09
504880324,Valeria,Vásquez,51,Femenino,Pucallpa,Nuevo,2023-02-16,crisol,2025-11-09
333367080,Camila,Castro,21,Masculino,Chiclayo,Recurrente,2024-01-01,crisol,2025-11-09
805021918,Luis,Gonzales,51,Femenino,Arequipa,Nuevo,2024-03-07,crisol,2025-11-09
970453622,Rosa,Vásquez,33,Otro,Piura,Recurrente,2024-07-15,crisol,2025-11-09
814437908,Rosa,García,27,Femenino,Pucallpa,Recurrente,2023-08-12,crisol,2025-11-09
648278756,Andrés,Rodríguez,27,Femenino,Trujillo,Recurrente,2023-12-17,crisol,2025-11-09
113646329,Lucía,Flores,35,Masculino,Piura,Recurrente,2023-07-08,crisol,2025-11-09
346465628,Pedro,Herrera,22,Otro,Ayacucho,Recurrente,2023-09-18,crisol,2025-11-09
893429894,Lucía,Vásquez,44,Masculino,Huancayo,Recurrente,2023-07-06,crisol,2025-11-09
758779439,Ana,Ramos,69,Masculino,Huancayo,Recurrente,2024-02-09,crisol,2025-11-09
250472797,Valeria,Castro,34,Femenino,Pucallpa,Nuevo,2023-08-01,crisol,2025-11-09
776667404,Diego,Díaz,34,Femenino,Ica,Nuevo,2024-02-03,crisol,2025-11-09
233676337,Diego,Pérez,56,Masculino,Lima,Recurrente,2024-04-26,crisol,2025-11-09
641899836,José,Díaz,60,Otro,Cusco,Recurrente,2023-02-17,crisol,2025-11-09
698589510,Valeria,Ramos,62,Otro,Pucallpa,Nuevo,2024-08-16,crisol,2025-11-09
578080406,Lucía,Rodríguez,58,Femenino,Ayacucho,Nuevo,2023-06-30,crisol,2025-11-09
754430555,María,Torres,48,Otro,Trujillo,Recurrente,2023-12-03,crisol,2025-11-09
698845375,Diego,Herrera,23,Femenino,Cajamarca,Nuevo,2023-03-10,crisol,2025-11-09
942041817,Ana,López,57,Femenino,Ica,Recurrente,2024-04-08,crisol,2025-11-09
30905353,Lucía,Ruiz,26,Masculino,Chiclayo,Recurrente,2023-10-28,crisol,2025-11-09
12031453,Camila,Herrera,29,Femenino,Huánuco,Recurrente,2023-06-24,crisol,2025-11-09
789173702,Rosa,Martínez,24,Otro,Piura,Nuevo,2023-08-24,crisol,2025-11-09
870545205,Diego,Pérez,44,Otro,Ica,Nuevo,2023-08-29,crisol,2025-11-09
465874575,Sofía,Martínez,18,Masculino,Arequipa,Nuevo,2023-11-14,crisol,2025-11-09
311588366,Luis,Rodríguez,36,Otro,Pucallpa,Nuevo,2023-02-01,crisol,2025-11-09
168944599,Camila,Martínez,33,Femenino,Lima,Recurrente,2023-11-12,crisol,2025-11-09
471607001,José,Gonzales,62,Masculino,Huancayo,Recurrente,2024-06-11,crisol,2025-11-09
457195710,Andrés,García,39,Femenino,Pucallpa,Nuevo,2024-08-12,crisol,2025-11-09
306024103,María,Martínez,49,Femenino,Ica,Recurrente,2023-03-08,crisol,2025-11-09
963420084,Ana,Torres,20,Femenino,Pucallpa,Recurrente,2023-05-18,crisol,2025-11-09
322210519,Rosa,Gonzales,23,Otro,Tacna,Recurrente,2024-06-04,crisol,2025-11-09
976351769,Rosa,Rodríguez,42,Masculino,Tacna,Recurrente,2023-03-14,crisol,2025-11-09
29164295,Andrés,López,38,Femenino,Cusco,Recurrente,2023-07-05,crisol,2025-11-09
804607295,Valeria,Castro,29,Masculino,Tacna,Recurrente,2023-09-05,crisol,2025-11-09
515701990,José,Ruiz,42,Femenino,Piura,Recurrente,2024-03-09,crisol,2025-11-09
644189671,Carlos,Flores,28,Otro,Cusco,Nuevo,2024-07-04,crisol,2025-11-09
412019825,María,Castro,34,Masculino,Huancayo,Recurrente,2024-07-08,crisol,2025-11-09
840133774,Diego,López,56,Otro,Lima,Recurrente,2023-08-25,crisol,2025-11-09
841214062,Diego,Martínez,26,Femenino,Tacna,Recurrente,2023-06-02,crisol,2025-11-09
315740351,Juan,Ramos,45,Otro,Huánuco,Nuevo,2023-07-12,crisol,2025-11-09
290080916,José,López,30,Femenino,Tacna,Nuevo,2023-08-24,crisol,2025-11-09
255690120,Luis,López,48,Femenino,Huancayo,Recurrente,2024-06-23,crisol,2025-11-09
409362928,José,Herrera,57,Femenino,Ayacucho,Nuevo,2024-03-21,crisol,2025-11-09
833273151,Diego,Gonzales,69,Femenino,Huánuco,Nuevo,2024-07-29,crisol,2025-11-09
189617493,José,Castro,26,Otro,Cusco,Nuevo,2024-04-05,crisol,2025-11-09
288824272,Ana,Gonzales,70,Masculino,Piura,Recurrente,2023-06-17,crisol,2025-11-09
815097044,Rosa,Díaz,58,Otro,Trujillo,Recurrente,2024-01-18,crisol,2025-11-09
653671054,Luis,Herrera,48,Otro,Lima,Nuevo,2024-03-13,crisol,2025-11-09
866153808,Javier,Castro,45,Femenino,Cusco,Nuevo,2023-04-09,crisol,2025-11-09
901413624,Rosa,Torres,43,Femenino,Lima,Nuevo,2023-05-08,crisol,2025-11-09
861750572,Pedro,Díaz,30,Masculino,Lima,Recurrente,2023-12-15,crisol,2025-11-09
294171675,Carlos,Díaz,50,Femenino,Ica,Recurrente,2023-10-19,crisol,2025-11-09
794109265,Camila,Castro,59,Femenino,Tacna,Nuevo,2024-03-20,crisol,2025-11-09
461386307,Lucía,Castro,52,Otro,Piura,Nuevo,2023-01-17,crisol,2025-11-09
438712660,Camila,García,47,Otro,Tacna,Nuevo,2024-03-19,crisol,2025-11-09
627325137,Juan,García,34,Otro,Chiclayo,Recurrente,2023-03-24,crisol,2025-11-09
28257520,Diego,López,69,Otro,Pucallpa,Recurrente,2024-04-03,crisol,2025-11-09
110197081,Sofía,Ramos,48,Femenino,Cajamarca,Nuevo,2023-11-30,crisol,2025-11-09
55317,Andrés,Gonzales,22,Otro,Ayacucho,Nuevo,2023-01-21,crisol,2025-11-09
736828463,María,Ramos,49,Otro,Pucallpa,Nuevo,2023-07-05,crisol,2025-11-09
219483775,Luis,Ruiz,31,Femenino,Piura,Recurrente,2024-03-21,crisol,2025-11-09
617920888,Pedro,Gonzales,19,Femenino,Cusco,Recurrente,2023-01-18,crisol,2025-11-09
693329066,Sofía,Flores,44,Femenino,Ayacucho,Nuevo,2023-08-23,crisol,2025-11-09
520198442,Sofía,Martínez,20,Masculino,Ayacucho,Recurrente,2023-09-28,crisol,2025-11-09
967700215,Carlos,Flores,53,Femenino,Huancayo,Nuevo,2024-07-03,crisol,2025-11-09
631174844,Carlos,Herrera,39,Femenino,Huancayo,Nuevo,2023-02-04,crisol,2025-11-09
906758281,Carlos,Gonzales,21,Otro,Ica,Nuevo,2024-05-17,crisol,2025-11-09
459381725,Camila,Rodríguez,66,Femenino,Pucallpa,Nuevo,2023-03-15,crisol,2025-11-09
675582258,José,Flores,66,Masculino,Arequipa,Recurrente,2024-08-09,crisol,2025-11-09
262523228,Diego,Ruiz,44,Otro,Lima,Recurrente,2023-07-20,crisol,2025-11-09
346900506,Pedro,Gonzales,32,Masculino,Ayacucho,Recurrente,2023-01-23,crisol,2025-11-09
826545511,María,Vásquez,66,Masculino,Chiclayo,Nuevo,2024-01-22,crisol,2025-11-09
645407079,Sofía,García,69,Otro,Tacna,Nuevo,2023-10-29,crisol,2025-11-09
690094298,Javier,Díaz,41,Masculino,Ayacucho,Nuevo,2023-12-25,crisol,2025-11-09
562834914,José,Flores,48,Masculino,Ica,Nuevo,2024-02-29,crisol,2025-11-09
157497519,Juan,López,65,Femenino,Ica,Nuevo,2023-10-16,crisol,2025-11-09
226865375,Andrés,Castro,34,Femenino,Arequipa,Recurrente,2024-01-22,crisol,2025-11-09
802308936,Camila,Ruiz,33,Masculino,Huancayo,Nuevo,2023-06-04,crisol,2025-11-09
210642659,Ana,Gonzales,46,Otro,Cajamarca,Nuevo,2023-02-18,crisol,2025-11-09
481565908,Javier,López,25,Femenino,Pucallpa,Nuevo,2024-01-01,crisol,2025-11-09
494977891,Lucía,Herrera,45,Masculino,Tacna,Nuevo,2023-05-20,crisol,2025-11-09
416745164,Ana,Ramos,46,Otro,Cusco,Recurrente,2024-06-05,crisol,2025-11-09
659549359,Javier,Herrera,53,Otro,Chiclayo,Recurrente,2023-09-29,crisol,2025-11-09
841337533,Lucía,Flores,41,Otro,Pucallpa,Recurrente,2023-09-03,crisol,2025-11-09
306295291,Rosa,Díaz,63,Femenino,Huánuco,Nuevo,2023-07-14,crisol,2025-11-09
479023200,Camila,Torres,68,Femenino,Lima,Recurrente,2023-09-03,crisol,2025-11-09
511313927,José,Torres,44,Otro,Chiclayo,Nuevo,2023-09-29,crisol,2025-11-09
936430998,Carlos,Pérez,48,Femenino,Chiclayo,Nuevo,2023-11-12,crisol,2025-11-09
640779931,Lucía,Gonzales,30,Femenino,Huancayo,Nuevo,2024-04-27,crisol,2025-11-09
823056105,Ana,Salazar,67,Masculino,Lima,Recurrente,2023-03-01,crisol,2025-11-09
846931431,Juan,Salazar,63,Masculino,Piura,Recurrente,2023-02-04,crisol,2025-11-09
855030011,José,Gonzales,43,Femenino,Ayacucho,Nuevo,2023-09-05,crisol,2025-11-09
799792917,Luis,Ruiz,34,Femenino,Ica,Nuevo,2023-12-08,crisol,2025-11-09
702972470,Andrés,Ramos,41,Masculino,Cusco,Recurrente,2023-07-25,crisol,2025-11-09
928699904,Andrés,Rodríguez,44,Femenino,Lima,Recurrente,2023-01-14,crisol,2025-11-09
925244336,Juan,Martínez,47,Masculino,Piura,Recurrente,2023-03-13,crisol,2025-11-09
64349347,Camila,López,70,Femenino,Piura,Recurrente,2024-01-06,crisol,2025-11-09
885269889,José,García,23,Otro,Ayacucho,Recurrente,2024-05-28,crisol,2025-11-09
609559613,Valeria,Ruiz,43,Femenino,Huancayo,Nuevo,2023-04-15,crisol,2025-11-09
733201681,Javier,Gonzales,50,Masculino,Ayacucho,Recurrente,2023-10-11,crisol,2025-11-09
431421973,José,García,37,Otro,Pucallpa,Nuevo,2024-03-11,crisol,2025-11-09
991403883,María,Díaz,59,Otro,Cajamarca,Nuevo,2023-01-01,crisol,2025-11-09
301360817,Camila,Torres,64,Otro,Cajamarca,Nuevo,2024-01-28,crisol,2025-11-09
587938169,Javier,Rodríguez,63,Otro,Lima,Recurrente,2023-05-17,crisol,2025-11-09
396060524,José,Gonzales,56,Otro,Cusco,Nuevo,2023-03-11,crisol,2025-11-09
296595818,Camila,Rodríguez,62,Masculino,Ayacucho,Nuevo,2023-07-04,crisol,2025-11-09
616597902,Camila,Rodríguez,49,Femenino,Pucallpa,Recurrente,2023-11-20,crisol,2025-11-09
298757367,Rosa,Torres,61,Masculino,Piura,Nuevo,2023-06-28,crisol,2025-11-09
982071950,Carlos,García,34,Masculino,Cusco,Nuevo,2023-04-01,crisol,2025-11-09
571159915,José,Ramos,20,Femenino,Chiclayo,Nuevo,2023-09-07,crisol,2025-11-09
228936822,Pedro,Castro,23,Femenino,Chiclayo,Recurrente,2024-05-27,crisol,2025-11-09
364625754,Carlos,Martínez,47,Femenino,Pucallpa,Recurrente,2023-01-03,crisol,2025-11-09
201839414,Sofía,Castro,34,Femenino,Huancayo,Nuevo,2023-06-20,crisol,2025-11-09
983895309,Camila,López,68,Otro,Chiclayo,Recurrente,2024-01-01,crisol,2025-11-09
88139946,Pedro,Herrera,65,Otro,Ayacucho,Recurrente,2024-02-21,crisol,2025-11-09
444120877,Luis,Herrera,49,Femenino,Pucallpa,Nuevo,2023-04-03,crisol,2025-11-09
218566338,Javier,Gonzales,22,Otro,Tacna,Nuevo,2023-05-25,crisol,2025-11-09
381545031,Pedro,Gonzales,30,Femenino,Cajamarca,Recurrente,2024-07-01,crisol,2025-11-09
874793317,María,Gonzales,31,Otro,Arequipa,Recurrente,2024-01-09,crisol,2025-11-09
684720281,Carlos,Ruiz,25,Femenino,Arequipa,Recurrente,2023-12-18,crisol,2025-11-09
941482978,Valeria,Flores,57,Masculino,Trujillo,Nuevo,2023-11-07,crisol,2025-11-09
757934826,Javier,Salazar,68,Masculino,Huánuco,Recurrente,2024-07-21,crisol,2025-11-09
402769279,Sofía,Gonzales,69,Otro,Huancayo,Nuevo,2023-12-20,crisol,2025-11-09
813787202,Valeria,Rodríguez,31,Otro,Ica,Recurrente,2023-04-10,crisol,2025-11-09
630927112,Ana,Martínez,52,Otro,Huancayo,Nuevo,2023-02-12,crisol,2025-11-09
786343655,Juan,López,52,Masculino,Pucallpa,Recurrente,2023-07-13,crisol,2025-11-09
278223377,Carlos,Ruiz,56,Masculino,Pucallpa,Recurrente,2023-04-16,crisol,2025-11-09
739955634,Valeria,Herrera,41,Otro,Chiclayo,Recurrente,2023-09-05,crisol,2025-11-09
819403468,Rosa,Pérez,55,Otro,Huancayo,Nuevo,2024-06-11,crisol,2025-11-09
337578851,Carlos,Torres,30,Femenino,Huancayo,Recurrente,2023-10-30,crisol,2025-11-09
777098180,José,García,30,Masculino,Huancayo,Nuevo,2023-12-31,crisol,2025-11-09
389170436,Ana,Vásquez,21,Masculino,Cusco,Nuevo,2023-07-14,crisol,2025-11-09
63228418,Diego,Martínez,36,Masculino,Chiclayo,Nuevo,2023-04-01,crisol,2025-11-09
721252399,Camila,García,21,Otro,Ayacucho,Nuevo,2024-07-16,crisol,2025-11-09
325428778,Andrés,Flores,38,Femenino,Chiclayo,Nuevo,2024-03-18,crisol,2025-11-09
254885772,Camila,Flores,37,Femenino,Pucallpa,Nuevo,2024-07-25,crisol,2025-11-09
796697612,Carlos,Castro,55,Masculino,Huánuco,Nuevo,2023-10-01,crisol,2025-11-09
366407103,Carlos,Pérez,44,Femenino,Tacna,Nuevo,2023-04-16,crisol,2025-11-09
24597092,José,García,62,Otro,Cajamarca,Recurrente,2024-01-25,crisol,2025-11-09
740905178,Valeria,García,19,Masculino,Trujillo,Recurrente,2024-06-23,crisol,2025-11-09
683381095,Carlos,Rodríguez,60,Femenino,Huánuco,Recurrente,2023-05-07,crisol,2025-11-09
434326254,Pedro,Rodríguez,44,Otro,Huánuco,Nuevo,2023-03-27,crisol,2025-11-09
679484941,Diego,Torres,40,Otro,Cajamarca,Nuevo,2024-01-26,crisol,2025-11-09
897281074,Valeria,Castro,67,Femenino,Huánuco,Nuevo,2023-07-18,crisol,2025-11-09
677989786,Luis,Torres,54,Otro,Huancayo,Recurrente,2023-01-12,crisol,2025-11-09
370722983,Valeria,López,26,Otro,Trujillo,Recurrente,2023-12-27,crisol,2025-11-09
528577993,Carlos,Flores,26,Otro,Tacna,Nuevo,2023-07-26,crisol,2025-11-09
169544529,Carlos,Pérez,20,Otro,Tacna,Nuevo,2023-10-01,crisol,2025-11-09
600067875,Sofía,Castro,49,Otro,Huánuco,Nuevo,2023-07-15,crisol,2025-11-09
597538506,Lucía,García,27,Otro,Cusco,Nuevo,2023-12-09,crisol,2025-11-09
200001943,Javier,Ruiz,69,Masculino,Cusco,Recurrente,2024-06-08,crisol,2025-11-09
949814853,Javier,Flores,59,Masculino,Ayacucho,Recurrente,2024-06-12,crisol,2025-11-09
428888629,Juan,Flores,42,Masculino,Pucallpa,Nuevo,2023-06-27,crisol,2025-11-09
849646442,Javier,Vásquez,29,Femenino,Lima,Nuevo,2024-01-03,crisol,2025-11-09
909672332,Luis,Herrera,48,Femenino,Chiclayo,Recurrente,2024-02-13,crisol,2025-11-09
743662896,Valeria,Gonzales,20,Otro,Piura,Nuevo,2023-03-27,crisol,2025-11-09
681358254,Pedro,Ruiz,55,Otro,Cusco,Nuevo,2023-09-23,crisol,2025-11-09
219298577,Juan,García,42,Femenino,Tacna,Recurrente,2024-03-17,crisol,2025-11-09
864640420,Carlos,López,50,Otro,Chiclayo,Nuevo,2024-06-06,crisol,2025-11-09
475450203,Camila,Herrera,42,Femenino,Cajamarca,Recurrente,2023-09-01,crisol,2025-11-09
79530865,Ana,Ramos,60,Masculino,Cajamarca,Recurrente,2023-05-22,crisol,2025-11-09
905535758,Valeria,Pérez,23,Masculino,Trujillo,Recurrente,2023-07-18,crisol,2025-11-09
597013957,José,Pérez,35,Femenino,Piura,Nuevo,2024-04-02,crisol,2025-11-09
969106528,Javier,García,66,Otro,Piura,Nuevo,2024-06-05,crisol,2025-11-09
17906064,Ana,Gonzales,25,Otro,Ayacucho,Nuevo,2024-06-17,crisol,2025-11-09
630139803,Diego,Flores,38,Otro,Ica,Nuevo,2024-08-06,crisol,2025-11-09
311222214,Luis,García,55,Otro,Trujillo,Nuevo,2024-04-15,crisol,2025-11-09
868527300,Valeria,Ruiz,21,Femenino,Ica,Nuevo,2023-05-12,crisol,2025-11-09
602148243,Ana,Castro,40,Masculino,Ayacucho,Nuevo,2023-08-09,crisol,2025-11-09
686770338,Juan,Vásquez,54,Femenino,Ayacucho,Nuevo,2024-02-08,crisol,2025-11-09
529810408,Juan,Flores,53,Femenino,Arequipa,Recurrente,2024-02-18,crisol,2025-11-09
874769404,Andrés,Díaz,65,Femenino,Trujillo,Nuevo,2023-06-02,crisol,2025-11-09
636730173,Javier,Rodríguez,41,Otro,Tacna,Nuevo,2023-07-10,crisol,2025-11-09
936987493,Javier,Rodríguez,51,Masculino,Ayacucho,Nuevo,2023-01-02,crisol,2025-11-09
816190410,Diego,García,51,Masculino,Huánuco,Nuevo,2023-08-03,crisol,2025-11-09
44811985,José,Herrera,50,Otro,Cusco,Nuevo,2023-11-02,crisol,2025-11-09
731764020,Rosa,Ramos,49,Femenino,Tacna,Nuevo,2023-01-19,crisol,2025-11-09
655854223,José,Martínez,38,Otro,Ica,Nuevo,2023-10-03,crisol,2025-11-09
788197392,Luis,Castro,38,Otro,Chiclayo,Nuevo,2023-03-23,crisol,2025-11-09
248089135,Sofía,Salazar,30,Masculino,Chiclayo,Nuevo,2023-12-19,crisol,2025-11-09
734094814,Diego,Ruiz,39,Otro,Tacna,Nuevo,2024-05-30,crisol,2025-11-09
751640984,Valeria,Torres,35,Otro,Ayacucho,Nuevo,2023-10-11,crisol,2025-11-09
93400066,Andrés,García,63,Otro,Pucallpa,Recurrente,2024-01-31,crisol,2025-11-09
734336563,Javier,Herrera,28,Femenino,Chiclayo,Nuevo,2023-05-04,crisol,2025-11-09
900902101,Camila,Salazar,25,Otro,Piura,Nuevo,2023-09-21,crisol,2025-11-09
359322523,Ana,Martínez,57,Femenino,Cusco,Recurrente,2023-03-15,crisol,2025-11-09
824100216,Sofía,Flores,59,Femenino,Pucallpa,Recurrente,2024-02-17,crisol,2025-11-09
473090340,Pedro,Castro,45,Masculino,Ayacucho,Nuevo,2023-02-21,crisol,2025-11-09
607442086,Ana,Gonzales,65,Otro,Huánuco,Nuevo,2023-04-23,crisol,2025-11-09
425204529,Diego,López,20,Masculino,Trujillo,Recurrente,2024-08-12,crisol,2025-11-09
510456846,Andrés,Salazar,27,Masculino,Pucallpa,Nuevo,2024-06-20,crisol,2025-11-09
301468417,Diego,Díaz,68,Otro,Ica,Nuevo,2023-06-21,crisol,2025-11-09
514963740,José,Ramos,53,Masculino,Piura,Recurrente,2023-09-18,crisol,2025-11-09
468037536,Andrés,Ruiz,21,Masculino,Trujillo,Recurrente,2024-06-02,crisol,2025-11-09
36062760,Luis,Pérez,68,Masculino,Ica,Recurrente,2024-07-20,crisol,2025-11-09
5377366,María,Vásquez,39,Masculino,Chiclayo,Recurrente,2024-01-19,crisol,2025-11-09
853152858,Javier,Díaz,43,Femenino,Ayacucho,Nuevo,2023-12-21,crisol,2025-11-09
350357670,Luis,Martínez,44,Masculino,Cusco,Nuevo,2023-06-07,crisol,2025-11-09
958310533,José,Pérez,57,Femenino,Chiclayo,Recurrente,2024-02-17,crisol,2025-11-09
679670047,Camila,Rodríguez,49,Masculino,Lima,Recurrente,2023-07-31,crisol,2025-11-09
424222220,Javier,Ruiz,68,Femenino,Piura,Nuevo,2023-04-20,crisol,2025-11-09
643494332,Camila,Rodríguez,63,Otro,Cusco,Nuevo,2023-06-07,crisol,2025-11-09
862235694,Pedro,Gonzales,65,Masculino,Huánuco,Recurrente,2024-01-01,crisol,2025-11-09
344652149,Camila,Herrera,68,Otro,Tacna,Nuevo,2023-09-09,crisol,2025-11-09
924379365,Juan,Salazar,49,Femenino,Cusco,Recurrente,2024-07-16,crisol,2025-11-09
148992136,María,Herrera,28,Femenino,Huánuco,Nuevo,2023-08-11,crisol,2025-11-09
652126276,Sofía,Ramos,48,Otro,Arequipa,Nuevo,2024-02-09,crisol,2025-11-09
2714084,Lucía,Díaz,57,Masculino,Chiclayo,Recurrente,2023-03-26,crisol,2025-11-09
715438196,Diego,Herrera,54,Otro,Piura,Recurrente,2024-05-31,crisol,2025-11-09
69443276,Lucía,Torres,41,Femenino,Huancayo,Nuevo,2023-10-11,crisol,2025-11-09
320979374,María,Flores,37,Otro,Trujillo,Nuevo,2023-07-30,crisol,2025-11-09
721752427,María,Ramos,35,Otro,Arequipa,Nuevo,2023-09-08,crisol,2025-11-09
555499523,Diego,Salazar,39,Otro,Piura,Nuevo,2024-03-26,crisol,2025-11-09
477752067,José,Gonzales,42,Femenino,Piura,Recurrente,2024-05-07,crisol,2025-11-09
20124124,Sofía,Gonzales,37,Otro,Piura,Nuevo,2023-08-04,crisol,2025-11-09
685742036,Rosa,Martínez,32,Femenino,Arequipa,Nuevo,2024-05-19,crisol,2025-11-09
109359090,Sofía,Vásquez,44,Otro,Huánuco,Recurrente,2023-01-03,crisol,2025-11-09
891279188,Valeria,Martínez,67,Otro,Lima,Nuevo,2023-09-04,crisol,2025-11-09
320467011,Rosa,García,40,Masculino,Cusco,Nuevo,2024-04-22,crisol,2025-11-09
134206305,Juan,Salazar,21,Masculino,Huancayo,Recurrente,2023-09-16,crisol,2025-11-09
496437722,Lucía,Vásquez,32,Femenino,Piura,Recurrente,2023-09-04,crisol,2025-11-09
712118810,María,Vásquez,60,Femenino,Ayacucho,Nuevo,2023-05-17,crisol,2025-11-09
185702339,Sofía,Gonzales,47,Otro,Cusco,Nuevo,2023-04-17,crisol,2025-11-09
239713698,Sofía,Martínez,59,Otro,Tacna,Nuevo,2023-04-08,crisol,2025-11-09
422525897,Pedro,Gonzales,59,Femenino,Chiclayo,Nuevo,2023-11-18,crisol,2025-11-09
162831498,Ana,Vásquez,27,Otro,Cusco,Recurrente,2023-12-24,crisol,2025-11-09
593443888,Juan,Vásquez,67,Otro,Ayacucho,Nuevo,2023-12-19,crisol,2025-11-09
521821791,Camila,Castro,37,Femenino,Cusco,Recurrente,2023-04-11,crisol,2025-11-09
701820321,José,Ramos,20,Masculino,Trujillo,Recurrente,2024-06-27,crisol,2025-11-09
830445270,Javier,Martínez,58,Otro,Huancayo,Recurrente,2024-02-25,crisol,2025-11-09
180006670,Ana,López,65,Otro,Tacna,Recurrente,2023-11-06,crisol,2025-11-09
476783883,Juan,Martínez,19,Femenino,Huancayo,Nuevo,2024-03-31,crisol,2025-11-09
680321233,Camila,García,34,Otro,Chiclayo,Recurrente,2024-05-15,crisol,2025-11-09
773485234,Diego,Flores,70,Otro,Ica,Recurrente,2023-05-08,crisol,2025-11-09
596969321,Sofía,Ruiz,38,Otro,Cusco,Recurrente,2024-06-14,crisol,2025-11-09
765436080,Ana,Torres,36,Femenino,Ayacucho,Recurrente,2023-02-07,crisol,2025-11-09
131706467,Lucía,Pérez,30,Otro,Cajamarca,Nuevo,2023-03-21,crisol,2025-11-09
494047230,Sofía,Castro,61,Masculino,Tacna,Recurrente,2023-04-18,crisol,2025-11-09
470652648,Camila,Pérez,42,Femenino,Piura,Recurrente,2023-10-04,crisol,2025-11-09
616997878,Juan,Torres,52,Femenino,Ayacucho,Nuevo,2024-06-25,crisol,2025-11-09
335652862,Sofía,Salazar,24,Femenino,Ayacucho,Nuevo,2024-01-09,crisol,2025-11-09
620945818,Diego,Flores,33,Otro,Arequipa,Recurrente,2024-08-22,crisol,2025-11-09
455503305,Lucía,Ramos,61,Masculino,Cusco,Recurrente,2024-03-14,crisol,2025-11-09
522705078,Ana,Gonzales,61,Femenino,Ayacucho,Nuevo,2024-02-22,crisol,2025-11-09
48828886,Lucía,Pérez,47,Masculino,Huánuco,Nuevo,2023-08-08,crisol,2025-11-09
290007607,Diego,García,31,Masculino,Trujillo,Nuevo,2023-04-20,crisol,2025-11-09
808829922,Ana,Castro,18,Masculino,Pucallpa,Nuevo,2024-04-24,crisol,2025-11-09
977937818,Rosa,Martínez,28,Femenino,Tacna,Nuevo,2023-08-21,crisol,2025-11-09
464085460,José,Vásquez,61,Masculino,Cusco,Nuevo,2024-08-04,crisol,2025-11-09
444578907,Lucía,Flores,70,Masculino,Ayacucho,Nuevo,2023-01-23,crisol,2025-11-09
210471875,Camila,Flores,60,Masculino,Tacna,Nuevo,2024-04-12,crisol,2025-11-09
723212802,Camila,López,69,Femenino,Trujillo,Recurrente,2024-01-09,crisol,2025-11-09
602068340,Rosa,Rodríguez,42,Masculino,Arequipa,Nuevo,2023-12-17,crisol,2025-11-09
194857017,Andrés,Ramos,33,Otro,Chiclayo,Recurrente,2023-09-28,crisol,2025-11-09
759717424,Diego,Flores,22,Masculino,Arequipa,Recurrente,2024-06-19,crisol,2025-11-09
419124621,José,Castro,24,Masculino,Trujillo,Nuevo,2023-05-12,crisol,2025-11-09
210586614,Diego,Flores,28,Masculino,Pucallpa,Recurrente,2023-06-20,crisol,2025-11-09
346036207,Rosa,Rodríguez,69,Femenino,Huancayo,Recurrente,2024-08-22,crisol,2025-11-09
525308720,Diego,Salazar,52,Otro,Trujillo,Recurrente,2023-12-08,crisol,2025-11-09
869743735,Valeria,Vásquez,37,Femenino,Trujillo,Recurrente,2024-04-07,crisol,2025-11-09
283581591,Andrés,Salazar,35,Femenino,Cusco,Recurrente,2023-07-05,crisol,2025-11-09
402421988,Andrés,Vásquez,38,Femenino,Pucallpa,Recurrente,2023-04-23,crisol,2025-11-09
559174581,María,Flores,67,Otro,Arequipa,Recurrente,2023-12-17,crisol,2025-11-09
91620316,Ana,Ramos,46,Masculino,Arequipa,Recurrente,2023-12-13,crisol,2025-11-09
155031661,Juan,López,53,Otro,Tacna,Nuevo,2023-08-10,crisol,2025-11-09
477341760,Rosa,Ruiz,45,Otro,Pucallpa,Recurrente,2024-07-03,crisol,2025-11-09
836009288,Javier,Martínez,49,Masculino,Pucallpa,Nuevo,2023-05-18,crisol,2025-11-09
178039820,Juan,García,34,Otro,Arequipa,Nuevo,2023-09-06,crisol,2025-11-09
347509227,Luis,Pérez,24,Masculino,Huánuco,Nuevo,2024-07-08,crisol,2025-11-09
222327712,Javier,Ramos,18,Masculino,Lima,Nuevo,2024-02-09,crisol,2025-11-09
987986643,Luis,Torres,48,Masculino,Ayacucho,Nuevo,2024-03-07,crisol,2025-11-09
710173108,Andrés,Torres,45,Masculino,Arequipa,Nuevo,2024-04-21,crisol,2025-11-09
405033079,Carlos,Ruiz,56,Femenino,Lima,Nuevo,2024-05-09,crisol,2025-11-09
739854158,Rosa,García,58,Femenino,Huánuco,Recurrente,2024-05-25,crisol,2025-11-09
158142591,Juan,Martínez,52,Otro,Arequipa,Nuevo,2023-02-20,crisol,2025-11-09
705202155,Luis,García,50,Femenino,Piura,Nuevo,2023-08-20,crisol,2025-11-09
951387018,Rosa,Salazar,28,Femenino,Pucallpa,Recurrente,2024-02-15,crisol,2025-11-09
275632325,Valeria,Ramos,47,Femenino,Huancayo,Nuevo,2023-03-27,crisol,2025-11-09
430869012,Juan,Gonzales,63,Otro,Trujillo,Nuevo,2023-01-21,crisol,2025-11-09
415434657,Diego,Herrera,34,Otro,Lima,Recurrente,2024-05-13,crisol,2025-11-09
692749155,Juan,López,37,Masculino,Cusco,Recurrente,2023-04-28,crisol,2025-11-09
757167893,Valeria,Torres,61,Masculino,Huancayo,Nuevo,2024-01-18,crisol,2025-11-09
599849352,Valeria,García,30,Femenino,Arequipa,Nuevo,2024-02-05,crisol,2025-11-09
498803400,Juan,Torres,35,Masculino,Huancayo,Recurrente,2023-09-10,crisol,2025-11-09
71924274,Valeria,López,58,Femenino,Ayacucho,Nuevo,2023-12-16,crisol,2025-11-09
184546479,José,Flores,18,Masculino,Huánuco,Nuevo,2024-08-08,crisol,2025-11-09
789168576,Javier,Flores,19,Otro,Ayacucho,Nuevo,2024-01-11,crisol,2025-11-09
851120012,Luis,Díaz,18,Masculino,Piura,Nuevo,2024-01-12,crisol,2025-11-09
585443106,Ana,Flores,50,Femenino,Ica,Recurrente,2023-03-26,crisol,2025-11-09
4575998,José,Gonzales,46,Masculino,Trujillo,Nuevo,2023-03-28,crisol,2025-11-09
515415383,Luis,Gonzales,34,Femenino,Piura,Nuevo,2023-12-20,crisol,2025-11-09
131122932,Juan,Herrera,28,Otro,Huancayo,Nuevo,2023-04-01,crisol,2025-11-09
161643050,Javier,Díaz,33,Masculino,Huancayo,Nuevo,2024-01-12,crisol,2025-11-09
551073529,Andrés,Castro,63,Femenino,Piura,Nuevo,2023-08-14,crisol,2025-11-09
363864010,Diego,Flores,56,Femenino,Huancayo,Nuevo,2024-05-19,crisol,2025-11-09
87451877,Rosa,Torres,62,Masculino,Ica,Nuevo,2024-02-25,crisol,2025-11-09
537211316,Lucía,Herrera,21,Otro,Pucallpa,Nuevo,2023-09-17,crisol,2025-11-09
977186797,Javier,Ruiz,42,Masculino,Cusco,Nuevo,2024-02-06,crisol,2025-11-09
272053993,Pedro,Flores,32,Otro,Tacna,Nuevo,2023-11-25,crisol,2025-11-09
224233695,Ana,Torres,42,Otro,Pucallpa,Nuevo,2024-07-24,crisol,2025-11-09
486990799,Diego,Vásquez,43,Femenino,Chiclayo,Recurrente,2024-03-22,crisol,2025-11-09
920957653,Juan,Pérez,42,Femenino,Ica,Nuevo,2024-04-10,crisol,2025-11-09
726195560,Andrés,Salazar,32,Masculino,Tacna,Recurrente,2023-08-31,crisol,2025-11-09
47896623,Ana,López,29,Femenino,Piura,Recurrente,2024-04-07,crisol,2025-11-09
357911424,Javier,Flores,49,Femenino,Cusco,Nuevo,2023-01-01,crisol,2025-11-09
324479056,Pedro,Martínez,52,Masculino,Piura,Nuevo,2024-03-25,crisol,2025-11-09
778851291,Diego,López,25,Otro,Huancayo,Recurrente,2024-02-01,crisol,2025-11-09
20974168,Rosa,Gonzales,36,Masculino,Chiclayo,Nuevo,2024-08-20,crisol,2025-11-09
956704427,Sofía,Vásquez,55,Otro,Pucallpa,Recurrente,2024-02-28,crisol,2025-11-09
893305015,María,García,24,Masculino,Chiclayo,Recurrente,2024-08-12,crisol,2025-11-09
507511022,José,Martínez,46,Femenino,Pucallpa,Recurrente,2023-12-26,crisol,2025-11-09
449175816,Sofía,Torres,27,Otro,Piura,Recurrente,2023-06-05,crisol,2025-11-09
178691465,José,Salazar,54,Masculino,Pucallpa,Nuevo,2023-10-02,crisol,2025-11-09
730466821,Juan,Flores,31,Otro,Lima,Recurrente,2023-09-22,crisol,2025-11-09
735815026,José,Díaz,40,Otro,Cajamarca,Nuevo,2024-03-20,crisol,2025-11-09
406901009,Camila,Castro,64,Otro,Huánuco,Recurrente,2024-02-22,crisol,2025-11-09
72670133,Ana,Díaz,26,Femenino,Trujillo,Nuevo,2023-02-04,crisol,2025-11-09
670869311,Diego,Vásquez,46,Femenino,Chiclayo,Nuevo,2024-01-19,crisol,2025-11-09
502927126,Juan,Flores,59,Masculino,Piura,Nuevo,2024-02-21,crisol,2025-11-09
154957147,José,López,49,Femenino,Piura,Nuevo,2024-03-30,crisol,2025-11-09
74903247,Andrés,Flores,23,Masculino,Chiclayo,Recurrente,2024-01-02,crisol,2025-11-09
132287900,Carlos,Díaz,56,Femenino,Huánuco,Nuevo,2023-02-03,crisol,2025-11-09
436869717,Pedro,Herrera,59,Masculino,Pucallpa,Nuevo,2023-08-26,crisol,2025-11-09
206794474,Andrés,Flores,33,Masculino,Trujillo,Nuevo,2023-08-24,crisol,2025-11-09
270831157,Luis,Ramos,19,Femenino,Ayacucho,Recurrente,2024-01-22,crisol,2025-11-09
607736561,Luis,Ruiz,32,Otro,Lima,Nuevo,2023-12-19,crisol,2025-11-09
702619944,Carlos,López,39,Femenino,Arequipa,Recurrente,2023-11-27,crisol,2025-11-09
835938085,Carlos,Castro,37,Masculino,Huánuco,Nuevo,2023-09-06,crisol,2025-11-09
517966819,Camila,Vásquez,21,Masculino,Trujillo,Nuevo,2023-09-29,crisol,2025-11-09
272524696,Pedro,Herrera,70,Otro,Cusco,Nuevo,2024-05-05,crisol,2025-11-09
837381589,Sofía,López,24,Masculino,Piura,Recurrente,2024-06-16,crisol,2025-11-09
841064931,Juan,Martínez,28,Femenino,Cusco,Recurrente,2023-05-27,crisol,2025-11-09
568446743,Diego,Pérez,38,Masculino,Chiclayo,Nuevo,2023-11-06,crisol,2025-11-09
141747015,Sofía,Gonzales,69,Masculino,Chiclayo,Nuevo,2024-03-10,crisol,2025-11-09
591254392,Pedro,Salazar,46,Otro,Cajamarca,Nuevo,2023-07-04,crisol,2025-11-09
45143576,Ana,Ruiz,55,Masculino,Huánuco,Nuevo,2023-03-18,crisol,2025-11-09
984678349,Lucía,Pérez,23,Otro,Ayacucho,Recurrente,2024-07-27,crisol,2025-11-09
430875143,José,Herrera,31,Otro,Trujillo,Nuevo,2023-05-15,crisol,2025-11-09
579762155,Diego,Torres,54,Otro,Trujillo,Nuevo,2024-06-15,crisol,2025-11-09
533717363,Ana,Vásquez,69,Otro,Huancayo,Nuevo,2023-06-11,crisol,2025-11-09
864969658,Luis,Castro,41,Femenino,Huánuco,Nuevo,2023-04-26,crisol,2025-11-09
508834927,Javier,Salazar,54,Femenino,Pucallpa,Nuevo,2024-03-13,crisol,2025-11-09
8957120,Ana,López,66,Masculino,Arequipa,Nuevo,2023-01-07,crisol,2025-11-09
505740329,Juan,Pérez,38,Masculino,Ayacucho,Nuevo,2024-06-23,crisol,2025-11-09
523629760,Luis,Gonzales,61,Masculino,Huánuco,Recurrente,2023-05-31,crisol,2025-11-09
731331585,Carlos,Ruiz,63,Otro,Trujillo,Nuevo,2024-05-15,crisol,2025-11-09
387462220,Luis,Gonzales,35,Masculino,Cajamarca,Nuevo,2024-05-25,crisol,2025-11-09
665198077,Carlos,Salazar,62,Masculino,Lima,Recurrente,2023-10-03,crisol,2025-11-09
435714489,José,Rodríguez,47,Femenino,Tacna,Recurrente,2023-04-11,crisol,2025-11-09
381727800,Carlos,Ramos,61,Otro,Piura,Nuevo,2023-10-10,crisol,2025-11-09
183406035,Rosa,Pérez,32,Otro,Cajamarca,Nuevo,2024-07-01,crisol,2025-11-09
975545607,Diego,Gonzales,36,Otro,Arequipa,Recurrente,2023-07-13,crisol,2025-11-09
216534203,Juan,Castro,41,Otro,Chiclayo,Nuevo,2023-09-01,crisol,2025-11-09
739587442,Pedro,López,43,Otro,Ayacucho,Recurrente,2024-03-12,crisol,2025-11-09
52585819,Diego,García,34,Femenino,Chiclayo,Recurrente,2023-06-07,crisol,2025-11-09
246015722,Carlos,Ramos,49,Masculino,Pucallpa,Recurrente,2024-06-28,crisol,2025-11-09
367478195,Pedro,Ruiz,24,Otro,Tacna,Nuevo,2023-04-08,crisol,2025-11-09
391897069,Juan,Ruiz,24,Otro,Cajamarca,Nuevo,2024-05-09,crisol,2025-11-09
718665525,Carlos,Pérez,57,Masculino,Cusco,Nuevo,2023-05-14,crisol,2025-11-09
49628535,María,Vásquez,53,Masculino,Arequipa,Recurrente,2023-12-28,crisol,2025-11-09
135643510,Ana,López,63,Masculino,Piura,Nuevo,2023-01-04,crisol,2025-11-09
892645294,Luis,Castro,59,Masculino,Trujillo,Nuevo,2023-12-15,crisol,2025-11-09
542798899,Carlos,Castro,24,Femenino,Arequipa,Recurrente,2024-01-16,crisol,2025-11-09
981921424,Sofía,Flores,25,Masculino,Cajamarca,Recurrente,2024-03-30,crisol,2025-11-09
89423283,Luis,Castro,28,Masculino,Trujillo,Nuevo,2024-04-15,crisol,2025-11-09
325025868,Camila,Vásquez,25,Femenino,Huánuco,Nuevo,2024-04-23,crisol,2025-11-09
887690123,Ana,Castro,44,Masculino,Cajamarca,Nuevo,2023-03-23,crisol,2025-11-09
555265685,Javier,Díaz,33,Otro,Huancayo,Nuevo,2024-08-11,crisol,2025-11-09
850109382,Javier,Torres,64,Femenino,Ica,Recurrente,2024-03-20,crisol,2025-11-09
760509917,Diego,Torres,48,Masculino,Trujillo,Nuevo,2023-07-15,crisol,2025-11-09
682208721,Luis,López,58,Femenino,Pucallpa,Recurrente,2024-04-18,crisol,2025-11-09
557156072,Lucía,Rodríguez,56,Femenino,Cusco,Nuevo,2023-12-12,crisol,2025-11-09
970666452,José,Flores,63,Femenino,Ica,Recurrente,2023-02-14,crisol,2025-11-09
896486198,Carlos,Castro,54,Masculino,Trujillo,Recurrente,2023-10-04,crisol,2025-11-09
996535256,Pedro,Salazar,19,Otro,Pucallpa,Nuevo,2024-04-27,crisol,2025-11-09
624039816,Rosa,Ramos,21,Otro,Lima,Recurrente,2024-08-04,crisol,2025-11-09
308250309,Juan,Castro,22,Femenino,Ayacucho,Nuevo,2023-08-22,crisol,2025-11-09
513122164,José,Rodríguez,36,Masculino,Cajamarca,Nuevo,2023-05-22,crisol,2025-11-09
135174163,Sofía,Martínez,56,Masculino,Lima,Nuevo,2023-08-25,crisol,2025-11-09
56963442,Valeria,Flores,23,Otro,Pucallpa,Recurrente,2023-03-02,crisol,2025-11-09
979650700,María,Salazar,39,Masculino,Chiclayo,Nuevo,2023-04-27,crisol,2025-11-09
807606463,Lucía,Rodríguez,70,Masculino,Cajamarca,Nuevo,2023-03-09,crisol,2025-11-09
277696119,Lucía,Vásquez,39,Femenino,Piura,Recurrente,2023-01-14,crisol,2025-11-09
943606478,Juan,Salazar,22,Otro,Pucallpa,Nuevo,2023-08-17,crisol,2025-11-09
233461156,Sofía,Castro,51,Otro,Pucallpa,Nuevo,2023-11-10,crisol,2025-11-09
175646884,Carlos,Castro,52,Otro,Ica,Recurrente,2023-11-27,crisol,2025-11-09
661915446,José,Salazar,44,Otro,Chiclayo,Recurrente,2023-03-26,crisol,2025-11-09
378936041,Ana,Vásquez,56,Masculino,Trujillo,Nuevo,2024-03-17,crisol,2025-11-09
825866399,Javier,Rodríguez,65,Femenino,Chiclayo,Recurrente,2023-08-30,crisol,2025-11-09
432378701,Sofía,Pérez,20,Otro,Ica,Nuevo,2024-07-30,crisol,2025-11-09
17071671,Valeria,Pérez,63,Otro,Lima,Nuevo,2024-04-09,crisol,2025-11-09
436561135,María,Vásquez,59,Femenino,Pucallpa,Nuevo,2024-05-30,crisol,2025-11-09
524942192,Ana,Vásquez,65,Otro,Cusco,Nuevo,2023-02-23,crisol,2025-11-09
767079633,Javier,Martínez,29,Otro,Ica,Nuevo,2024-05-19,crisol,2025-11-09
642839570,Carlos,Ruiz,63,Otro,Lima,Recurrente,2024-03-29,crisol,2025-11-09
390503529,Diego,Vásquez,35,Otro,Ica,Recurrente,2023-11-10,crisol,2025-11-09
248246601,Andrés,Castro,43,Otro,Lima,Nuevo,2023-08-06,crisol,2025-11-09
793862134,Diego,Salazar,55,Masculino,Trujillo,Recurrente,2023-12-22,crisol,2025-11-09
187386713,Pedro,Torres,53,Otro,Ica,Nuevo,2023-07-22,crisol,2025-11-09
266416788,Rosa,Flores,70,Otro,Huancayo,Recurrente,2023-09-10,crisol,2025-11-09
21146078,Javier,Torres,32,Femenino,Cusco,Nuevo,2023-08-02,crisol,2025-11-09
54195645,Carlos,López,45,Femenino,Huancayo,Recurrente,2023-06-06,crisol,2025-11-09
314735484,Diego,Torres,34,Masculino,Tacna,Nuevo,2024-01-19,crisol,2025-11-09
204953071,Camila,Vásquez,47,Masculino,Lima,Nuevo,2023-12-22,crisol,2025-11-09
48127667,Sofía,Herrera,22,Femenino,Lima,Nuevo,2023-05-16,crisol,2025-11-09
350741595,María,Vásquez,19,Femenino,Ayacucho,Nuevo,2024-01-01,crisol,2025-11-09
348178166,Pedro,Vásquez,49,Masculino,Trujillo,Nuevo,2023-10-01,crisol,2025-11-09
680805896,Camila,Pérez,35,Masculino,Huánuco,Recurrente,2023-11-03,crisol,2025-11-09
366026739,José,Martínez,22,Masculino,Piura,Recurrente,2024-01-16,crisol,2025-11-09
872965227,Sofía,Vásquez,23,Masculino,Cusco,Nuevo,2023-02-06,crisol,2025-11-09
522175793,Diego,Díaz,22,Otro,Huancayo,Recurrente,2023-12-20,crisol,2025-11-09
970038401,Juan,Gonzales,63,Otro,Ica,Recurrente,2023-11-14,crisol,2025-11-09
656314349,Luis,Herrera,66,Masculino,Piura,Recurrente,2024-04-26,crisol,2025-11-09
118192329,Sofía,Ruiz,49,Femenino,Cusco,Nuevo,2023-05-05,crisol,2025-11-09
960071726,Javier,Ramos,45,Masculino,Huánuco,Recurrente,2023-05-15,crisol,2025-11-09
298142837,José,López,19,Femenino,Huancayo,Recurrente,2023-05-18,crisol,2025-11-09
907715439,Rosa,García,60,Otro,Arequipa,Recurrente,2024-03-18,crisol,2025-11-09
254956283,Sofía,Rodríguez,18,Masculino,Chiclayo,Nuevo,2023-03-16,crisol,2025-11-09
335717032,Juan,Martínez,27,Masculino,Cusco,Recurrente,2024-01-30,crisol,2025-11-09
537917632,Diego,Gonzales,60,Otro,Cajamarca,Nuevo,2024-04-16,crisol,2025-11-09
941955543,María,Martínez,30,Otro,Ica,Recurrente,2024-03-08,crisol,2025-11-09
25746915,Javier,Herrera,50,Masculino,Ayacucho,Recurrente,2023-02-08,crisol,2025-11-09
117364591,Juan,García,36,Femenino,Ayacucho,Nuevo,2023-02-21,crisol,2025-11-09
786708679,Ana,Castro,27,Femenino,Arequipa,Nuevo,2024-07-24,crisol,2025-11-09
105401933,Pedro,Castro,31,Masculino,Pucallpa,Recurrente,2024-02-05,crisol,2025-11-09
704850981,María,Ramos,33,Otro,Arequipa,Nuevo,2024-06-04,crisol,2025-11-09
508021795,Camila,Díaz,64,Femenino,Huancayo,Nuevo,2023-12-28,crisol,2025-11-09
451469867,Javier,Castro,20,Femenino,Tacna,Nuevo,2024-01-26,crisol,2025-11-09
358706412,José,Flores,53,Otro,Trujillo,Nuevo,2024-05-05,crisol,2025-11-09
189082936,Pedro,Pérez,18,Femenino,Huánuco,Recurrente,2023-06-10,crisol,2025-11-09
884894263,Juan,Ruiz,58,Otro,Huancayo,Recurrente,2023-10-25,crisol,2025-11-09
480422796,Carlos,Salazar,30,Femenino,Ica,Nuevo,2023-10-17,crisol,2025-11-09
19050984,Lucía,Díaz,32,Otro,Ayacucho,Recurrente,2023-01-30,crisol,2025-11-09
572806127,Ana,Pérez,67,Femenino,Piura,Nuevo,2024-06-16,crisol,2025-11-09
816296170,Valeria,Castro,58,Otro,Cusco,Nuevo,2023-09-19,crisol,2025-11-09
372244219,Luis,Castro,53,Masculino,Cajamarca,Nuevo,2023-03-23,crisol,2025-11-09
279400832,José,Torres,34,Otro,Lima,Recurrente,2024-01-24,crisol,2025-11-09
565706460,Pedro,Ruiz,44,Femenino,Cusco,Nuevo,2024-07-28,crisol,2025-11-09
362523469,Diego,Torres,24,Masculino,Cajamarca,Nuevo,2024-03-17,crisol,2025-11-09
48784188,Sofía,Salazar,56,Femenino,Cajamarca,Nuevo,2023-11-07,crisol,2025-11-09
267301365,Javier,Flores,23,Otro,Lima,Recurrente,2024-03-25,crisol,2025-11-09
224958653,Valeria,Herrera,27,Masculino,Ayacucho,Nuevo,2023-12-24,crisol,2025-11-09
568284276,Rosa,Gonzales,45,Femenino,Trujillo,Recurrente,2023-09-03,crisol,2025-11-09
827350687,Lucía,Ruiz,48,Femenino,Trujillo,Nuevo,2023-07-24,crisol,2025-11-09
106753199,José,Torres,62,Otro,Chiclayo,Nuevo,2023-06-14,crisol,2025-11-09
901566533,José,García,41,Femenino,Arequipa,Nuevo,2023-06-07,crisol,2025-11-09
13545506,Rosa,García,27,Femenino,Tacna,Nuevo,2024-01-19,crisol,2025-11-09
878390084,Luis,Gonzales,38,Masculino,Tacna,Nuevo,2023-12-17,crisol,2025-11-09
317599303,Valeria,Pérez,50,Otro,Ayacucho,Nuevo,2024-07-31,crisol,2025-11-09
629372871,Javier,Díaz,31,Otro,Chiclayo,Nuevo,2024-04-14,crisol,2025-11-09
254371107,Pedro,Díaz,48,Masculino,Pucallpa,Nuevo,2024-02-06,crisol,2025-11-09
230376802,Juan,López,69,Femenino,Ica,Nuevo,2023-03-02,crisol,2025-11-09
29524723,Juan,Castro,23,Femenino,Ica,Nuevo,2023-11-11,crisol,2025-11-09
664067790,Javier,López,19,Femenino,Ayacucho,Recurrente,2023-10-12,crisol,2025-11-09
114199522,Lucía,Castro,54,Otro,Cajamarca,Nuevo,2023-10-05,crisol,2025-11-09
443790696,Diego,Ramos,27,Otro,Piura,Nuevo,2023-07-19,crisol,2025-11-09
385716301,María,Díaz,56,Femenino,Huánuco,Nuevo,2023-06-08,crisol,2025-11-09
485698123,Diego,Gonzales,58,Femenino,Lima,Nuevo,2023-05-11,crisol,2025-11-09
268233273,Juan,Rodríguez,32,Femenino,Lima,Nuevo,2024-04-24,crisol,2025-11-09
484910302,Rosa,Vásquez,24,Masculino,Cusco,Nuevo,2024-01-13,crisol,2025-11-09
556903813,Valeria,Ruiz,20,Femenino,Huancayo,Recurrente,2023-06-19,crisol,2025-11-09
829146444,Rosa,Díaz,18,Femenino,Huancayo,Nuevo,2024-03-17,crisol,2025-11-09
46648196,Camila,Díaz,69,Masculino,Huánuco,Nuevo,2023-05-11,crisol,2025-11-09
523767642,Pedro,Díaz,36,Femenino,Chiclayo,Recurrente,2023-02-04,crisol,2025-11-09
626746552,Pedro,Ramos,69,Masculino,Cajamarca,Nuevo,2023-05-24,crisol,2025-11-09
508562079,José,Castro,38,Otro,Trujillo,Recurrente,2023-10-16,crisol,2025-11-09
325071171,Luis,Rodríguez,18,Masculino,Huánuco,Recurrente,2023-09-23,crisol,2025-11-09
745262410,Pedro,Rodríguez,34,Otro,Arequipa,Recurrente,2023-07-15,crisol,2025-11-09
777589768,María,López,47,Masculino,Chiclayo,Nuevo,2024-01-11,crisol,2025-11-09
44616526,Ana,García,25,Otro,Lima,Recurrente,2024-01-25,crisol,2025-11-09
729113607,José,Salazar,55,Masculino,Pucallpa,Recurrente,2023-09-12,crisol,2025-11-09
718908985,Valeria,Ramos,18,Femenino,Huancayo,Nuevo,2024-04-10,crisol,2025-11-09
999309360,Diego,Flores,23,Otro,Piura,Recurrente,2023-05-08,crisol,2025-11-09
892085406,María,Vásquez,55,Otro,Huánuco,Recurrente,2024-01-23,crisol,2025-11-09
706283231,Andrés,Castro,27,Femenino,Ayacucho,Nuevo,2024-07-27,crisol,2025-11-09
592932647,Andrés,Flores,31,Femenino,Huancayo,Recurrente,2023-08-14,crisol,2025-11-09
281141727,María,Martínez,23,Masculino,Trujillo,Nuevo,2023-04-17,crisol,2025-11-09
119039671,Rosa,Vásquez,53,Otro,Huancayo,Nuevo,2023-12-17,crisol,2025-11-09
989592494,María,Ruiz,63,Masculino,Huánuco,Nuevo,2023-04-29,crisol,2025-11-09
477744540,Rosa,Castro,60,Masculino,Pucallpa,Nuevo,2023-02-09,crisol,2025-11-09
539370644,Sofía,Ramos,18,Otro,Ayacucho,Nuevo,2023-02-18,crisol,2025-11-09
866157627,Javier,Ramos,47,Masculino,Pucallpa,Recurrente,2024-05-30,crisol,2025-11-09
492601928,Pedro,López,22,Masculino,Ica,Nuevo,2023-12-29,crisol,2025-11-09
819187126,Javier,Ramos,35,Femenino,Chiclayo,Nuevo,2023-06-06,crisol,2025-11-09
491478089,Sofía,Salazar,48,Otro,Pucallpa,Recurrente,2024-04-10,crisol,2025-11-09
779154214,Luis,Pérez,32,Masculino,Chiclayo,Nuevo,2024-08-17,crisol,2025-11-09
658672817,Javier,Díaz,46,Masculino,Piura,Recurrente,2023-09-10,crisol,2025-11-09
653327440,María,Ruiz,32,Femenino,Ayacucho,Recurrente,2023-10-23,crisol,2025-11-09
95521774,Carlos,Vásquez,58,Femenino,Pucallpa,Nuevo,2024-01-30,crisol,2025-11-09
18169192,Ana,Rodríguez,45,Femenino,Cusco,Nuevo,2023-03-08,crisol,2025-11-09
754650528,Andrés,Díaz,20,Femenino,Chiclayo,Recurrente,2024-02-11,crisol,2025-11-09
259239811,María,Salazar,20,Masculino,Lima,Recurrente,2024-02-20,crisol,2025-11-09
691497366,Sofía,Martínez,44,Masculino,Huánuco,Nuevo,2024-02-10,crisol,2025-11-09
40213613,José,Herrera,36,Masculino,Lima,Nuevo,2023-10-25,crisol,2025-11-09
559477101,José,Torres,56,Femenino,Arequipa,Nuevo,2024-08-20,crisol,2025-11-09
876504659,Pedro,Castro,35,Otro,Pucallpa,Nuevo,2024-04-23,crisol,2025-11-09
13010576,Javier,Salazar,33,Femenino,Trujillo,Nuevo,2023-02-24,crisol,2025-11-09
989295437,Javier,Torres,69,Femenino,Lima,Recurrente,2024-03-31,crisol,2025-11-09
522146246,Diego,Vásquez,32,Otro,Chiclayo,Nuevo,2023-11-14,crisol,2025-11-09
639432939,Ana,Flores,30,Masculino,Chiclayo,Nuevo,2023-04-24,crisol,2025-11-09
950226246,María,Torres,24,Otro,Ayacucho,Recurrente,2023-02-23,crisol,2025-11-09
39206253,Luis,Castro,19,Masculino,Huancayo,Nuevo,2023-10-28,crisol,2025-11-09
92482457,Diego,Gonzales,39,Otro,Cajamarca,Nuevo,2023-08-21,crisol,2025-11-09
249496920,Ana,Salazar,60,Otro,Pucallpa,Recurrente,2024-02-21,crisol,2025-11-09
753047008,Javier,Gonzales,41,Masculino,Ica,Nuevo,2023-04-22,crisol,2025-11-09
515444311,Diego,Salazar,19,Masculino,Ayacucho,Nuevo,2023-09-07,crisol,2025-11-09
973745864,Juan,Herrera,66,Masculino,Pucallpa,Recurrente,2024-08-22,crisol,2025-11-09
626643280,Carlos,Ramos,58,Femenino,Cusco,Nuevo,2024-01-31,crisol,2025-11-09
770552619,María,Ruiz,57,Femenino,Tacna,Recurrente,2023-08-30,crisol,2025-11-09
111417521,Lucía,López,54,Femenino,Trujillo,Nuevo,2023-06-08,crisol,2025-11-09
293181224,Pedro,Torres,63,Otro,Huánuco,Recurrente,2023-07-20,crisol,2025-11-09
851240878,Camila,Flores,53,Femenino,Arequipa,Nuevo,2023-12-04,crisol,2025-11-09
710016085,Ana,Vásquez,57,Masculino,Chiclayo,Recurrente,2024-02-02,crisol,2025-11-09
594217441,Lucía,Salazar,23,Femenino,Ayacucho,Nuevo,2023-09-05,crisol,2025-11-09
293646461,Valeria,López,68,Masculino,Trujillo,Nuevo,2024-02-04,crisol,2025-11-09
472788298,Javier,Pérez,45,Masculino,Cusco,Nuevo,2023-04-14,crisol,2025-11-09
512916746,Rosa,López,70,Femenino,Chiclayo,Recurrente,2023-05-02,crisol,2025-11-09
945790797,Camila,García,42,Masculino,Cusco,Nuevo,2024-07-24,crisol,2025-11-09
657511765,Ana,Herrera,41,Femenino,Cajamarca,Nuevo,2023-08-02,crisol,2025-11-09
880049844,Valeria,Díaz,62,Otro,Chiclayo,Nuevo,2023-10-31,crisol,2025-11-09
711484577,Andrés,Salazar,38,Femenino,Chiclayo,Nuevo,2023-08-25,crisol,2025-11-09
643493239,Camila,López,34,Otro,Huánuco,Nuevo,2023-04-12,crisol,2025-11-09
777709698,Pedro,Ramos,43,Otro,Piura,Recurrente,2024-01-06,crisol,2025-11-09
345910463,Carlos,Castro,59,Masculino,Cusco,Nuevo,2023-06-27,crisol,2025-11-09
418147424,Juan,Pérez,21,Otro,Huancayo,Recurrente,2023-04-24,crisol,2025-11-09
716424534,Diego,Ruiz,21,Masculino,Cusco,Nuevo,2024-03-01,crisol,2025-11-09
75605587,Rosa,Castro,47,Masculino,Arequipa,Nuevo,2023-09-16,crisol,2025-11-09
828194306,Camila,Castro,58,Otro,Huancayo,Nuevo,2023-03-31,crisol,2025-11-09
918495624,Ana,Pérez,21,Otro,Ayacucho,Nuevo,2023-05-24,crisol,2025-11-09
703460415,Diego,López,51,Femenino,Tacna,Recurrente,2024-08-09,crisol,2025-11-09
670544771,Juan,Flores,61,Otro,Ayacucho,Recurrente,2024-02-19,crisol,2025-11-09
513325161,Carlos,López,61,Masculino,Huancayo,Nuevo,2023-09-26,crisol,2025-11-09
568251350,María,Torres,61,Femenino,Tacna,Nuevo,2024-02-27,crisol,2025-11-09
919207056,Javier,Gonzales,38,Otro,Cajamarca,Nuevo,2023-05-22,crisol,2025-11-09
135769490,María,Flores,51,Otro,Huánuco,Recurrente,2023-01-22,crisol,2025-11-09
440943574,Ana,Flores,23,Otro,Ayacucho,Recurrente,2023-10-22,crisol,2025-11-09
130528618,Lucía,Ramos,22,Otro,Tacna,Recurrente,2023-08-17,crisol,2025-11-09
889562867,Juan,Rodríguez,30,Femenino,Pucallpa,Recurrente,2024-03-22,crisol,2025-11-09
652352596,Ana,Ramos,50,Masculino,Cusco,Recurrente,2023-03-09,crisol,2025-11-09
444343478,Rosa,Torres,45,Femenino,Lima,Recurrente,2023-05-31,crisol,2025-11-09
241944295,Diego,Castro,60,Masculino,Ayacucho,Nuevo,2023-08-22,crisol,2025-11-09
707154776,Carlos,Gonzales,26,Otro,Huánuco,Recurrente,2024-02-16,crisol,2025-11-09
864408627,Lucía,Herrera,24,Masculino,Cajamarca,Recurrente,2023-09-04,crisol,2025-11-09
495097385,Valeria,Martínez,56,Otro,Piura,Nuevo,2023-06-19,crisol,2025-11-09
200252933,Sofía,Rodríguez,57,Femenino,Trujillo,Nuevo,2023-11-05,crisol,2025-11-09
734218365,Pedro,Martínez,66,Masculino,Trujillo,Recurrente,2024-03-15,crisol,2025-11-09
823285016,Camila,Ruiz,52,Femenino,Arequipa,Nuevo,2023-04-29,crisol,2025-11-09
79870836,Luis,Flores,32,Masculino,Lima,Nuevo,2023-01-25,crisol,2025-11-09
649613590,Camila,Díaz,19,Femenino,Arequipa,Nuevo,2023-03-29,crisol,2025-11-09
902921470,Sofía,Gonzales,62,Femenino,Piura,Recurrente,2023-02-27,crisol,2025-11-09
827772720,Andrés,Herrera,42,Otro,Huánuco,Recurrente,2024-06-27,crisol,2025-11-09
514224840,Javier,Castro,21,Masculino,Cusco,Nuevo,2023-06-05,crisol,2025-11-09
16977346,Camila,Ruiz,35,Femenino,Ica,Nuevo,2023-04-30,crisol,2025-11-09
442871589,Carlos,Herrera,64,Femenino,Cajamarca,Recurrente,2023-08-10,crisol,2025-11-09
156502391,Ana,Gonzales,50,Femenino,Huancayo,Nuevo,2023-01-07,crisol,2025-11-09
188129328,Valeria,Gonzales,40,Otro,Piura,Nuevo,2024-05-16,crisol,2025-11-09
502948302,Diego,López,64,Femenino,Trujillo,Nuevo,2024-01-03,crisol,2025-11-09
524914563,Rosa,Castro,38,Femenino,Huancayo,Nuevo,2023-05-30,crisol,2025-11-09
273649419,Camila,Torres,35,Otro,Huancayo,Nuevo,2024-05-05,crisol,2025-11-09
725218649,Ana,Ramos,47,Masculino,Ica,Recurrente,2024-03-11,crisol,2025-11-09
159362239,Sofía,Ramos,59,Femenino,Cajamarca,Nuevo,2023-06-14,crisol,2025-11-09
391666512,Pedro,Martínez,64,Masculino,Ica,Nuevo,2023-01-15,crisol,2025-11-09
583085262,Juan,Gonzales,43,Masculino,Lima,Recurrente,2024-06-04,crisol,2025-11-09
751002240,Carlos,Castro,28,Otro,Pucallpa,Recurrente,2024-07-26,crisol,2025-11-09
149588757,Pedro,Torres,32,Masculino,Trujillo,Nuevo,2024-04-28,crisol,2025-11-09
733314026,Camila,Díaz,51,Masculino,Huancayo,Nuevo,2024-03-27,crisol,2025-11-09
246453529,Camila,Ramos,40,Femenino,Arequipa,Nuevo,2023-07-08,crisol,2025-11-09
2866218,Lucía,Rodríguez,18,Masculino,Piura,Nuevo,2023-01-24,crisol,2025-11-09
591001660,Luis,Rodríguez,52,Femenino,Pucallpa,Recurrente,2023-03-13,crisol,2025-11-09
469067905,Andrés,Ruiz,28,Femenino,Piura,Recurrente,2023-08-03,crisol,2025-11-09
675631259,José,Gonzales,22,Masculino,Piura,Recurrente,2023-12-02,crisol,2025-11-09
379548891,Sofía,García,61,Otro,Lima,Nuevo,2024-01-08,crisol,2025-11-09
950263498,María,Pérez,50,Masculino,Piura,Nuevo,2024-07-04,crisol,2025-11-09
825260253,Luis,Ruiz,26,Masculino,Cajamarca,Recurrente,2023-08-01,crisol,2025-11-09
740969588,Juan,Pérez,31,Femenino,Lima,Recurrente,2023-05-18,crisol,2025-11-09
138514760,Ana,Gonzales,20,Masculino,Ayacucho,Recurrente,2023-08-25,crisol,2025-11-09
3028552,Camila,Herrera,30,Otro,Pucallpa,Recurrente,2023-10-09,crisol,2025-11-09
212054757,Lucía,Gonzales,69,Masculino,Piura,Nuevo,2024-03-21,crisol,2025-11-09
824118397,Valeria,Rodríguez,53,Masculino,Piura,Nuevo,2024-03-01,crisol,2025-11-09
761781403,José,López,25,Femenino,Trujillo,Nuevo,2024-01-30,crisol,2025-11-09
897807450,Pedro,Torres,64,Otro,Pucallpa,Nuevo,2023-07-31,crisol,2025-11-09
921407985,Juan,Martínez,41,Femenino,Pucallpa,Nuevo,2023-01-20,crisol,2025-11-09
418259786,María,Ramos,43,Femenino,Piura,Nuevo,2023-02-01,crisol,2025-11-09
736344492,Pedro,Martínez,36,Otro,Cusco,Nuevo,2023-04-13,crisol,2025-11-09
353473479,Camila,Salazar,24,Femenino,Cajamarca,Nuevo,2024-08-17,crisol,2025-11-09
443320252,Rosa,Ruiz,28,Otro,Lima,Nuevo,2023-10-30,crisol,2025-11-09
102963941,María,Gonzales,18,Femenino,Lima,Recurrente,2024-02-22,crisol,2025-11-09
660645270,Valeria,Ruiz,44,Masculino,Ayacucho,Recurrente,2023-07-19,crisol,2025-11-09
131178008,Sofía,Vásquez,28,Otro,Cusco,Nuevo,2023-09-08,crisol,2025-11-09
747661610,Carlos,Rodríguez,60,Otro,Lima,Nuevo,2024-07-15,crisol,2025-11-09
207346560,Lucía,Salazar,46,Otro,Pucallpa,Nuevo,2023-10-05,crisol,2025-11-09
794751491,Juan,Ruiz,63,Femenino,Chiclayo,Recurrente,2023-06-28,crisol,2025-11-09
364924434,Camila,Vásquez,61,Masculino,Piura,Nuevo,2023-04-20,crisol,2025-11-09
93350704,María,Herrera,39,Masculino,Cusco,Nuevo,2024-03-21,crisol,2025-11-09
896385432,Carlos,Torres,46,Otro,Arequipa,Nuevo,2023-07-01,crisol,2025-11-09
431500275,Juan,López,23,Femenino,Pucallpa,Nuevo,2023-01-20,crisol,2025-11-09
255507439,Juan,Martínez,40,Otro,Trujillo,Nuevo,2024-04-27,crisol,2025-11-09
126414740,Rosa,Díaz,45,Masculino,Trujillo,Recurrente,2023-11-13,crisol,2025-11-09
887788318,Javier,Rodríguez,29,Otro,Ica,Nuevo,2023-12-03,crisol,2025-11-09
743175867,Diego,Martínez,60,Otro,Cusco,Nuevo,2023-07-05,crisol,2025-11-09
48528381,Sofía,Ruiz,68,Femenino,Piura,Nuevo,2023-11-25,crisol,2025-11-09
477726349,Lucía,Castro,56,Masculino,Huancayo,Recurrente,2024-04-04,crisol,2025-11-09
636099923,Diego,Díaz,32,Masculino,Ayacucho,Nuevo,2023-12-06,crisol,2025-11-09
502227590,José,Rodríguez,46,Femenino,Cusco,Recurrente,2023-04-17,crisol,2025-11-09
94234956,José,Pérez,53,Otro,Cusco,Recurrente,2024-08-07,crisol,2025-11-09
499026682,Javier,Pérez,69,Masculino,Cusco,Recurrente,2023-06-21,crisol,2025-11-09
194920726,María,Flores,31,Masculino,Cajamarca,Recurrente,2024-01-20,crisol,2025-11-09
65270507,Juan,Herrera,50,Masculino,Pucallpa,Nuevo,2023-03-14,crisol,2025-11-09
139484115,Andrés,Díaz,58,Otro,Arequipa,Nuevo,2023-08-21,crisol,2025-11-09
7551049,Andrés,Herrera,49,Femenino,Cajamarca,Recurrente,2023-04-30,crisol,2025-11-09
802837921,Ana,Ruiz,54,Otro,Trujillo,Recurrente,2024-08-14,crisol,2025-11-09
949034075,Rosa,Vásquez,56,Masculino,Chiclayo,Nuevo,2023-12-03,crisol,2025-11-09
747250957,José,Herrera,21,Masculino,Ica,Nuevo,2024-05-12,crisol,2025-11-09
803339571,Pedro,Herrera,51,Otro,Cusco,Recurrente,2023-05-30,crisol,2025-11-09
551220413,Sofía,Ruiz,59,Otro,Piura,Nuevo,2024-06-08,crisol,2025-11-09
700037935,María,Díaz,67,Femenino,Trujillo,Nuevo,2024-08-12,crisol,2025-11-09
501879423,José,Ruiz,33,Masculino,Ayacucho,Recurrente,2024-08-05,crisol,2025-11-09
9183621,Andrés,Pérez,48,Masculino,Chiclayo,Nuevo,2024-08-19,crisol,2025-11-09
656828796,Rosa,Flores,64,Otro,Pucallpa,Recurrente,2023-11-17,crisol,2025-11-09
496664434,Andrés,Herrera,59,Otro,Pucallpa,Recurrente,2023-11-14,crisol,2025-11-09
297537922,María,Vásquez,20,Femenino,Cajamarca,Nuevo,2023-06-24,crisol,2025-11-09
798667791,José,Rodríguez,42,Otro,Trujillo,Recurrente,2023-10-19,crisol,2025-11-09
702433477,Ana,Martínez,67,Femenino,Cusco,Recurrente,2023-04-22,crisol,2025-11-09
740204610,José,Pérez,69,Otro,Pucallpa,Nuevo,2024-08-16,crisol,2025-11-09
700358209,Javier,Díaz,31,Otro,Arequipa,Nuevo,2024-08-04,crisol,2025-11-09
795398019,Juan,Torres,69,Otro,Ayacucho,Recurrente,2024-03-15,crisol,2025-11-09
390707021,Pedro,Vásquez,38,Femenino,Arequipa,Recurrente,2024-05-23,crisol,2025-11-09
354190560,José,Salazar,69,Otro,Huancayo,Nuevo,2024-06-22,crisol,2025-11-09
332247966,Rosa,López,37,Otro,Lima,Nuevo,2023-08-04,crisol,2025-11-09
60976919,Lucía,Salazar,60,Masculino,Trujillo,Recurrente,2024-04-22,crisol,2025-11-09
500032687,José,García,61,Otro,Ica,Nuevo,2023-01-27,crisol,2025-11-09
689254873,Andrés,Pérez,49,Otro,Arequipa,Nuevo,2024-08-20,crisol,2025-11-09
168279181,Carlos,López,30,Otro,Ayacucho,Nuevo,2023-10-17,crisol,2025-11-09
14660918,Ana,Herrera,30,Femenino,Piura,Nuevo,2023-12-15,crisol,2025-11-09
139474584,Pedro,Gonzales,61,Masculino,Ayacucho,Nuevo,2023-03-31,crisol,2025-11-09
821390264,Carlos,Herrera,70,Otro,Trujillo,Nuevo,2023-07-20,crisol,2025-11-09
170319091,Lucía,López,38,Otro,Tacna,Recurrente,2023-05-02,crisol,2025-11-09
305740983,Valeria,Torres,27,Femenino,Piura,Recurrente,2023-07-12,crisol,2025-11-09
149952445,Carlos,López,35,Femenino,Chiclayo,Nuevo,2024-03-10,crisol,2025-11-09
850629699,Valeria,Gonzales,20,Otro,Ica,Recurrente,2023-11-18,crisol,2025-11-09
395292090,Sofía,Ruiz,46,Masculino,Huánuco,Nuevo,2024-02-25,crisol,2025-11-09
121919236,Lucía,Martínez,22,Masculino,Cajamarca,Recurrente,2023-09-29,crisol,2025-11-09
851441740,Sofía,Castro,35,Femenino,Trujillo,Nuevo,2023-06-13,crisol,2025-11-09
115720968,Pedro,Castro,33,Otro,Piura,Nuevo,2023-06-01,crisol,2025-11-09
512828852,Andrés,Ruiz,66,Masculino,Cajamarca,Nuevo,2024-03-24,crisol,2025-11-09
789138945,José,García,27,Masculino,Huánuco,Recurrente,2024-07-08,crisol,2025-11-09
696973779,Ana,Salazar,63,Otro,Lima,Nuevo,2023-10-31,crisol,2025-11-09
304173231,José,Díaz,62,Femenino,Ica,Recurrente,2023-09-20,crisol,2025-11-09
398335005,Sofía,Gonzales,69,Femenino,Piura,Nuevo,2023-05-10,crisol,2025-11-09
437968479,Ana,Ruiz,39,Femenino,Lima,Nuevo,2024-05-13,crisol,2025-11-09
824805885,Pedro,Castro,69,Otro,Pucallpa,Recurrente,2023-08-10,crisol,2025-11-09
249201313,Andrés,Rodríguez,49,Femenino,Ica,Nuevo,2023-03-05,crisol,2025-11-09
282236203,Andrés,Vásquez,44,Masculino,Lima,Nuevo,2023-09-08,crisol,2025-11-09
429826789,Valeria,Ramos,64,Otro,Huánuco,Recurrente,2024-03-10,crisol,2025-11-09
955406858,Javier,Castro,19,Masculino,Tacna,Nuevo,2023-03-05,crisol,2025-11-09
605841406,Lucía,Gonzales,39,Otro,Lima,Nuevo,2024-04-13,crisol,2025-11-09
830280452,Valeria,Pérez,45,Otro,Chiclayo,Nuevo,2023-03-10,crisol,2025-11-09
365888604,Andrés,García,29,Masculino,Lima,Nuevo,2023-08-02,crisol,2025-11-09
271497134,Luis,Castro,20,Femenino,Cajamarca,Nuevo,2023-06-17,crisol,2025-11-09
979643915,María,Ramos,29,Otro,Huancayo,Nuevo,2023-07-18,crisol,2025-11-09
736444173,Ana,Flores,61,Masculino,Piura,Recurrente,2023-03-16,crisol,2025-11-09
795248213,Valeria,Rodríguez,54,Femenino,Trujillo,Recurrente,2023-05-31,crisol,2025-11-09
120769011,Juan,Vásquez,39,Masculino,Lima,Nuevo,2023-06-13,crisol,2025-11-09
186118456,Javier,Ramos,20,Masculino,Arequipa,Nuevo,2023-05-29,crisol,2025-11-09
548583131,Ana,Salazar,47,Femenino,Ayacucho,Nuevo,2024-04-09,crisol,2025-11-09
836878471,Juan,Gonzales,36,Otro,Arequipa,Nuevo,2024-07-08,crisol,2025-11-09
574932741,Javier,Torres,68,Masculino,Arequipa,Recurrente,2023-03-05,crisol,2025-11-09
429742999,Ana,Rodríguez,28,Otro,Tacna,Nuevo,2023-01-27,crisol,2025-11-09
84986962,Carlos,Ramos,54,Otro,Lima,Recurrente,2023-09-22,crisol,2025-11-09
446630719,Camila,Ramos,41,Otro,Piura,Nuevo,2023-10-05,crisol,2025-11-09
527281961,José,Pérez,54,Femenino,Ayacucho,Recurrente,2024-03-12,crisol,2025-11-09
951460369,Rosa,Martínez,46,Masculino,Ayacucho,Recurrente,2023-12-17,crisol,2025-11-09
189927791,Sofía,Torres,31,Femenino,Arequipa,Nuevo,2023-09-14,crisol,2025-11-09
503878654,Lucía,Díaz,52,Femenino,Lima,Nuevo,2023-10-07,crisol,2025-11-09
447293135,Sofía,Torres,47,Femenino,Trujillo,Recurrente,2024-03-20,crisol,2025-11-09
92782684,Carlos,Herrera,57,Otro,Arequipa,Recurrente,2023-06-06,crisol,2025-11-09
586000918,Luis,Rodríguez,43,Otro,Lima,Recurrente,2023-05-20,crisol,2025-11-09
550453226,Diego,Rodríguez,43,Otro,Ayacucho,Nuevo,2024-01-22,crisol,2025-11-09
276120772,María,Torres,19,Masculino,Cusco,Nuevo,2024-05-19,crisol,2025-11-09
80027935,Andrés,Díaz,45,Masculino,Cusco,Nuevo,2024-02-12,crisol,2025-11-09
582772025,Pedro,Pérez,68,Masculino,Huancayo,Recurrente,2024-02-16,crisol,2025-11-09
405873223,Luis,Torres,54,Femenino,Tacna,Nuevo,2024-04-22,crisol,2025-11-09
625597750,Pedro,López,25,Masculino,Trujillo,Recurrente,2023-09-26,crisol,2025-11-09
143383352,Pedro,Salazar,41,Masculino,Cusco,Recurrente,2023-10-04,crisol,2025-11-09
89341589,Rosa,Ramos,68,Masculino,Huancayo,Nuevo,2023-03-29,crisol,2025-11-09
662289174,Pedro,Salazar,34,Otro,Lima,Nuevo,2023-01-03,crisol,2025-11-09
999612833,Camila,García,48,Masculino,Ayacucho,Nuevo,2024-02-14,crisol,2025-11-09
521729941,Rosa,Herrera,24,Femenino,Huánuco,Nuevo,2024-04-23,crisol,2025-11-09
696712673,María,Ruiz,21,Femenino,Pucallpa,Nuevo,2023-08-20,crisol,2025-11-09
241522548,José,Díaz,55,Femenino,Ayacucho,Nuevo,2024-01-24,crisol,2025-11-09
486417614,Camila,Rodríguez,59,Femenino,Cajamarca,Nuevo,2023-02-24,crisol,2025-11-09
351675231,María,García,20,Otro,Lima,Nuevo,2024-04-25,crisol,2025-11-09
54756834,Rosa,García,49,Otro,Ayacucho,Nuevo,2023-06-30,crisol,2025-11-09
12692325,Sofía,Pérez,27,Femenino,Tacna,Nuevo,2024-04-29,crisol,2025-11-09
175527063,Andrés,Flores,58,Masculino,Ayacucho,Recurrente,2023-06-29,crisol,2025-11-09
35188788,María,Pérez,61,Masculino,Piura,Recurrente,2024-04-26,crisol,2025-11-09
391351387,Javier,Castro,68,Otro,Chiclayo,Nuevo,2024-04-16,crisol,2025-11-09
724173248,Camila,Salazar,60,Femenino,Tacna,Nuevo,2024-03-08,crisol,2025-11-09
344983696,Valeria,Vásquez,65,Femenino,Ayacucho,Nuevo,2023-06-21,crisol,2025-11-09
372103760,Carlos,Ramos,60,Otro,Tacna,Recurrente,2023-09-22,crisol,2025-11-09
718278581,Andrés,Rodríguez,21,Femenino,Huancayo,Nuevo,2023-04-26,crisol,2025-11-09
374974183,Diego,Ruiz,31,Femenino,Pucallpa,Nuevo,2024-01-11,crisol,2025-11-09
99767426,Javier,Herrera,30,Masculino,Chiclayo,Recurrente,2023-08-24,crisol,2025-11-09
932435527,Lucía,Flores,45,Femenino,Ayacucho,Nuevo,2024-04-03,crisol,2025-11-09
407292286,Pedro,García,65,Otro,Cajamarca,Recurrente,2023-01-05,crisol,2025-11-09
899240165,Pedro,Gonzales,39,Femenino,Trujillo,Nuevo,2024-04-13,crisol,2025-11-09
323388093,Valeria,Salazar,20,Femenino,Arequipa,Nuevo,2024-02-05,crisol,2025-11-09
554277505,Pedro,García,35,Femenino,Piura,Recurrente,2024-06-11,crisol,2025-11-09
62612110,Ana,Vásquez,69,Femenino,Arequipa,Nuevo,2023-10-18,crisol,2025-11-09
788632665,Juan,Salazar,40,Femenino,Pucallpa,Nuevo,2023-01-28,crisol,2025-11-09
606596943,Valeria,Castro,53,Femenino,Ica,Nuevo,2024-01-18,crisol,2025-11-09
821254250,Ana,Gonzales,27,Femenino,Ayacucho,Nuevo,2023-04-10,crisol,2025-11-09
967830296,María,García,62,Masculino,Ayacucho,Nuevo,2023-03-14,crisol,2025-11-09
573627381,Luis,Ramos,61,Femenino,Arequipa,Recurrente,2023-11-26,crisol,2025-11-09
640437920,Ana,Vásquez,28,Masculino,Ica,Nuevo,2024-08-13,crisol,2025-11-09
442435192,María,Díaz,60,Masculino,Lima,Recurrente,2024-04-09,crisol,2025-11-09
776544067,Camila,López,59,Femenino,Ayacucho,Recurrente,2024-06-28,crisol,2025-11-09
8927217,Javier,Flores,20,Masculino,Huánuco,Recurrente,2024-03-04,crisol,2025-11-09
284216486,Carlos,Gonzales,57,Femenino,Tacna,Recurrente,2023-01-09,crisol,2025-11-09
359646038,Rosa,Gonzales,36,Otro,Huánuco,Recurrente,2024-06-13,crisol,2025-11-09
933875290,Javier,Herrera,48,Otro,Huancayo,Recurrente,2023-05-25,crisol,2025-11-09
68974724,Rosa,Flores,69,Femenino,Chiclayo,Recurrente,2023-09-19,crisol,2025-11-09
653747953,Camila,Díaz,35,Femenino,Pucallpa,Nuevo,2023-10-29,crisol,2025-11-09
187373235,Valeria,López,47,Masculino,Chiclayo,Recurrente,2023-09-16,crisol,2025-11-09
732499074,Lucía,Flores,29,Masculino,Pucallpa,Nuevo,2024-04-14,crisol,2025-11-09
196668192,Lucía,Gonzales,52,Masculino,Trujillo,Nuevo,2023-05-28,crisol,2025-11-09
667324913,Rosa,Herrera,29,Femenino,Chiclayo,Recurrente,2024-03-14,crisol,2025-11-09
665369356,Javier,Díaz,51,Otro,Piura,Nuevo,2024-07-08,crisol,2025-11-09
563431678,Lucía,Torres,39,Femenino,Pucallpa,Nuevo,2023-09-22,crisol,2025-11-09
948626908,Lucía,Flores,36,Masculino,Ica,Nuevo,2023-04-29,crisol,2025-11-09
985767259,Valeria,Herrera,26,Otro,Piura,Recurrente,2023-08-07,crisol,2025-11-09
446621678,Javier,Herrera,18,Otro,Cusco,Recurrente,2024-03-21,crisol,2025-11-09
195415704,Camila,Torres,39,Otro,Huancayo,Recurrente,2024-08-18,crisol,2025-11-09
224191775,Luis,Ramos,33,Otro,Piura,Nuevo,2023-06-06,crisol,2025-11-09
902261206,Luis,Vásquez,51,Femenino,Trujillo,Nuevo,2023-09-06,crisol,2025-11-09
453046380,Camila,Flores,60,Femenino,Cajamarca,Nuevo,2023-03-13,crisol,2025-11-09
386698840,José,Díaz,69,Femenino,Huánuco,Recurrente,2023-09-03,crisol,2025-11-09
931805362,Javier,Pérez,69,Femenino,Lima,Recurrente,2023-12-10,crisol,2025-11-09
658514183,Luis,Díaz,19,Femenino,Ica,Nuevo,2023-02-05,crisol,2025-11-09
141003419,Camila,Rodríguez,46,Otro,Pucallpa,Nuevo,2023-02-24,crisol,2025-11-09
228900095,Rosa,Torres,61,Masculino,Trujillo,Recurrente,2024-05-18,crisol,2025-11-09
72376400,Pedro,Ramos,58,Otro,Huánuco,Nuevo,2024-04-12,crisol,2025-11-09
936522842,Rosa,Gonzales,44,Masculino,Huancayo,Recurrente,2023-04-18,crisol,2025-11-09
139649243,Andrés,García,31,Otro,Ayacucho,Nuevo,2024-07-11,crisol,2025-11-09
909927410,Carlos,Díaz,49,Otro,Trujillo,Recurrente,2024-02-09,crisol,2025-11-09
446887504,María,Gonzales,62,Femenino,Cusco,Recurrente,2024-06-06,crisol,2025-11-09
355761978,Pedro,Ramos,42,Masculino,Cusco,Nuevo,2023-10-31,crisol,2025-11-09
85797204,Pedro,Herrera,19,Masculino,Tacna,Recurrente,2024-06-18,crisol,2025-11-09
189000670,Sofía,Rodríguez,22,Masculino,Tacna,Nuevo,2024-07-07,crisol,2025-11-09
409338013,José,Castro,20,Femenino,Piura,Nuevo,2024-06-22,crisol,2025-11-09
817310639,Luis,Rodríguez,52,Otro,Huánuco,Recurrente,2024-06-29,crisol,2025-11-09
307689822,Lucía,Herrera,20,Femenino,Huánuco,Nuevo,2023-03-23,crisol,2025-11-09
719244714,Ana,Vásquez,61,Masculino,Piura,Nuevo,2024-04-16,crisol,2025-11-09
97893949,Diego,Ruiz,66,Masculino,Ica,Recurrente,2023-01-18,crisol,2025-11-09
223322360,Rosa,Ramos,42,Otro,Cajamarca,Recurrente,2023-05-10,crisol,2025-11-09
845730638,Lucía,Herrera,65,Femenino,Arequipa,Nuevo,2024-03-13,crisol,2025-11-09
581515528,Camila,Salazar,67,Femenino,Huánuco,Nuevo,2024-06-25,crisol,2025-11-09
496893814,Camila,Ramos,19,Otro,Ica,Nuevo,2024-06-01,crisol,2025-11-09
980077654,Lucía,Torres,53,Masculino,Pucallpa,Nuevo,2023-03-23,crisol,2025-11-09
798197811,Juan,Ramos,29,Otro,Arequipa,Nuevo,2023-08-16,crisol,2025-11-09
285572146,Andrés,Salazar,40,Otro,Ayacucho,Nuevo,2023-09-06,crisol,2025-11-09
367351911,Javier,Ramos,29,Masculino,Tacna,Nuevo,2024-04-08,crisol,2025-11-09
536554984,Andrés,Ruiz,67,Masculino,Lima,Nuevo,2023-08-07,crisol,2025-11-09
364703805,Pedro,Gonzales,63,Otro,Chiclayo,Nuevo,2023-05-09,crisol,2025-11-09
833169036,Lucía,López,65,Otro,Tacna,Recurrente,2023-06-24,crisol,2025-11-09
591364231,Sofía,Vásquez,69,Femenino,Lima,Nuevo,2023-06-17,crisol,2025-11-09
846816526,Luis,Pérez,66,Otro,Huánuco,Nuevo,2023-12-12,crisol,2025-11-09
311764980,Javier,Ramos,51,Otro,Ayacucho,Recurrente,2023-08-17,crisol,2025-11-09
621532517,Diego,Torres,47,Otro,Lima,Nuevo,2023-04-17,crisol,2025-11-09
446213863,Lucía,Díaz,52,Masculino,Cusco,Recurrente,2024-03-07,crisol,2025-11-09
684651936,Diego,Vásquez,36,Femenino,Tacna,Nuevo,2024-06-24,crisol,2025-11-09
419805314,Rosa,Flores,39,Femenino,Piura,Nuevo,2023-10-13,crisol,2025-11-09
552868878,Andrés,Herrera,34,Otro,Tacna,Nuevo,2023-08-22,crisol,2025-11-09
222510544,Carlos,Ruiz,29,Otro,Huancayo,Recurrente,2023-06-16,crisol,2025-11-09
304323640,Pedro,Castro,39,Femenino,Arequipa,Nuevo,2024-03-24,crisol,2025-11-09
31146481,Juan,Salazar,45,Masculino,Ica,Recurrente,2023-09-26,crisol,2025-11-09
335851135,Valeria,Vásquez,55,Otro,Pucallpa,Recurrente,2024-03-07,crisol,2025-11-09
294835452,Juan,Torres,44,Masculino,Tacna,Nuevo,2023-11-27,crisol,2025-11-09
221544059,Juan,García,26,Otro,Lima,Nuevo,2023-09-08,crisol,2025-11-09
618390067,Pedro,Pérez,62,Masculino,Ica,Recurrente,2024-05-31,crisol,2025-11-09
535581394,María,Vásquez,66,Femenino,Huánuco,Nuevo,2023-09-11,crisol,2025-11-09
382095014,José,Díaz,57,Masculino,Cusco,Recurrente,2024-07-15,crisol,2025-11-09
832215065,María,Pérez,52,Otro,Lima,Recurrente,2024-01-10,crisol,2025-11-09
878975242,Ana,López,47,Femenino,Trujillo,Nuevo,2024-02-18,crisol,2025-11-09
492186291,Juan,Rodríguez,58,Otro,Chiclayo,Nuevo,2024-06-07,crisol,2025-11-09
823502636,Lucía,García,38,Femenino,Cusco,Recurrente,2024-01-12,crisol,2025-11-09
496798815,Camila,Herrera,55,Otro,Pucallpa,Nuevo,2024-05-21,crisol,2025-11-09
365745031,Valeria,Gonzales,57,Otro,Cusco,Recurrente,2023-01-27,crisol,2025-11-09
956738648,Sofía,Gonzales,59,Masculino,Ayacucho,Recurrente,2023-05-18,crisol,2025-11-09
604672358,Camila,Salazar,23,Femenino,Huancayo,Nuevo,2024-01-09,crisol,2025-11-09
939880262,Javier,Vásquez,36,Masculino,Arequipa,Nuevo,2023-12-20,crisol,2025-11-09
172285821,Camila,Gonzales,26,Otro,Tacna,Recurrente,2023-05-27,crisol,2025-11-09
868662621,Javier,Pérez,47,Otro,Trujillo,Nuevo,2024-05-27,crisol,2025-11-09
176121093,Diego,Flores,22,Femenino,Tacna,Nuevo,2023-03-10,crisol,2025-11-09
655259962,Andrés,Ruiz,29,Masculino,Pucallpa,Recurrente,2024-01-19,crisol,2025-11-09
527664684,Luis,Ruiz,36,Femenino,Huánuco,Nuevo,2023-07-29,crisol,2025-11-09
43336417,Diego,Flores,60,Masculino,Chiclayo,Recurrente,2023-09-26,crisol,2025-11-09
497388789,Ana,Pérez,50,Otro,Trujillo,Nuevo,2023-11-04,crisol,2025-11-09
60863444,Ana,Vásquez,64,Femenino,Tacna,Recurrente,2023-06-26,crisol,2025-11-09
776847310,Javier,García,68,Masculino,Ayacucho,Recurrente,2023-10-20,crisol,2025-11-09
10315353,Camila,Ruiz,29,Otro,Ica,Recurrente,2024-03-22,crisol,2025-11-09
250774106,Luis,Salazar,68,Masculino,Piura,Nuevo,2023-06-30,crisol,2025-11-09
856005151,Camila,García,70,Otro,Lima,Nuevo,2023-06-18,crisol,2025-11-09
379655681,Lucía,Castro,38,Otro,Piura,Nuevo,2023-01-28,crisol,2025-11-09
303131401,Javier,Vásquez,48,Otro,Pucallpa,Nuevo,2023-08-31,crisol,2025-11-09
970917694,Carlos,Gonzales,37,Femenino,Lima,Nuevo,2023-03-31,crisol,2025-11-09
839374575,María,López,69,Femenino,Ayacucho,Recurrente,2023-08-27,crisol,2025-11-09
281305450,Diego,Díaz,63,Femenino,Chiclayo,Nuevo,2023-08-08,crisol,2025-11-09
645132650,Diego,Salazar,57,Femenino,Ayacucho,Nuevo,2024-04-17,crisol,2025-11-09
459044997,Pedro,Ramos,23,Masculino,Chiclayo,Nuevo,2023-05-12,crisol,2025-11-09
124526710,Diego,García,27,Masculino,Trujillo,Nuevo,2023-03-30,crisol,2025-11-09
947954198,Camila,Ruiz,31,Otro,Huancayo,Recurrente,2023-02-10,crisol,2025-11-09
99070870,Luis,Castro,37,Otro,Lima,Nuevo,2024-06-22,crisol,2025-11-09
646759646,Juan,Díaz,52,Otro,Arequipa,Recurrente,2024-08-15,crisol,2025-11-09
407856692,Andrés,Ramos,37,Femenino,Huánuco,Nuevo,2024-08-09,crisol,2025-11-09
115633826,Andrés,Castro,55,Masculino,Arequipa,Nuevo,2023-08-11,crisol,2025-11-09
206365958,Sofía,Ramos,53,Otro,Ayacucho,Nuevo,2024-03-28,crisol,2025-11-09
162784058,Ana,Flores,45,Otro,Cajamarca,Nuevo,2023-11-04,crisol,2025-11-09
994037769,Camila,Herrera,62,Masculino,Chiclayo,Nuevo,2023-08-11,crisol,2025-11-09
741721188,Pedro,Herrera,54,Masculino,Piura,Nuevo,2024-06-02,crisol,2025-11-09
851674289,Diego,Torres,36,Masculino,Cusco,Recurrente,2023-01-31,crisol,2025-11-09
120274666,Ana,Ruiz,31,Masculino,Lima,Recurrente,2023-09-12,crisol,2025-11-09
292520382,Diego,Martínez,55,Femenino,Cajamarca,Nuevo,2024-05-19,crisol,2025-11-09
82262764,Luis,Herrera,51,Femenino,Trujillo,Nuevo,2023-03-01,crisol,2025-11-09
887314839,Camila,Torres,47,Femenino,Trujillo,Recurrente,2024-01-02,crisol,2025-11-09
759657557,Rosa,Salazar,47,Masculino,Ica,Nuevo,2024-01-22,crisol,2025-11-09
811644273,Camila,López,25,Femenino,Lima,Recurrente,2024-05-24,crisol,2025-11-09
689868119,Pedro,Ruiz,22,Masculino,Tacna,Recurrente,2023-02-26,crisol,2025-11-09
338719638,Diego,Herrera,62,Femenino,Lima,Recurrente,2024-08-10,crisol,2025-11-09
657185306,José,Vásquez,67,Masculino,Lima,Nuevo,2024-04-17,crisol,2025-11-09
24384586,Juan,Gonzales,56,Otro,Pucallpa,Nuevo,2024-02-11,crisol,2025-11-09
426504333,Andrés,Castro,33,Otro,Huánuco,Recurrente,2023-09-11,crisol,2025-11-09
234290508,Camila,Torres,21,Masculino,Chiclayo,Nuevo,2023-11-22,crisol,2025-11-09
561475648,Rosa,Pérez,68,Masculino,Piura,Nuevo,2023-03-09,crisol,2025-11-09
294579205,Andrés,Pérez,53,Femenino,Ica,Nuevo,2023-08-10,crisol,2025-11-09
320237587,Ana,Vásquez,19,Femenino,Cusco,Recurrente,2024-05-17,crisol,2025-11-09
314770196,Luis,Herrera,62,Otro,Ayacucho,Nuevo,2023-07-17,crisol,2025-11-09
668996152,Javier,Salazar,28,Masculino,Chiclayo,Nuevo,2023-01-06,crisol,2025-11-09
902726539,Valeria,Torres,29,Masculino,Arequipa,Recurrente,2023-11-29,crisol,2025-11-09
980685138,Pedro,Vásquez,62,Masculino,Tacna,Nuevo,2023-12-12,crisol,2025-11-09
797462170,Luis,Gonzales,38,Masculino,Ica,Recurrente,2023-04-28,crisol,2025-11-09
960102767,Valeria,Ramos,68,Masculino,Ica,Recurrente,2024-06-15,crisol,2025-11-09
925491750,Carlos,Flores,66,Masculino,Cajamarca,Nuevo,2024-07-28,crisol,2025-11-09
975897807,Ana,Díaz,63,Femenino,Ica,Nuevo,2024-07-30,crisol,2025-11-09
903218609,Andrés,López,27,Masculino,Arequipa,Nuevo,2023-09-22,crisol,2025-11-09
746096988,Ana,Ramos,34,Femenino,Cusco,Nuevo,2024-02-28,crisol,2025-11-09
452143688,Javier,Flores,35,Otro,Cajamarca,Recurrente,2023-09-30,crisol,2025-11-09
105511157,José,López,49,Masculino,Huánuco,Nuevo,2023-08-22,crisol,2025-11-09
113439922,Lucía,Gonzales,40,Masculino,Piura,Nuevo,2024-02-14,crisol,2025-11-09
40068174,María,Martínez,40,Otro,Pucallpa,Nuevo,2023-04-16,crisol,2025-11-09
119086705,Camila,Flores,35,Femenino,Trujillo,Nuevo,2024-03-25,crisol,2025-11-09
191408020,Pedro,García,63,Femenino,Ayacucho,Nuevo,2024-01-24,crisol,2025-11-09
957383078,María,García,44,Otro,Cajamarca,Nuevo,2023-11-11,crisol,2025-11-09
415227197,Javier,Pérez,30,Femenino,Huancayo,Nuevo,2023-06-20,crisol,2025-11-09
429140922,Camila,Ruiz,19,Femenino,Cusco,Nuevo,2023-10-04,crisol,2025-11-09
407038168,Sofía,Herrera,34,Masculino,Ayacucho,Nuevo,2023-09-10,crisol,2025-11-09
407780140,Pedro,Flores,34,Masculino,Chiclayo,Nuevo,2023-10-01,crisol,2025-11-09
866461099,Juan,López,36,Otro,Pucallpa,Recurrente,2023-11-19,crisol,2025-11-09
301517204,Sofía,Vásquez,54,Femenino,Tacna,Nuevo,2024-03-10,crisol,2025-11-09
30775818,Juan,López,18,Masculino,Huancayo,Recurrente,2024-02-28,crisol,2025-11-09
690983826,Carlos,Rodríguez,49,Masculino,Ica,Recurrente,2024-01-21,crisol,2025-11-09
858845073,Valeria,Torres,35,Otro,Huánuco,Recurrente,2024-03-31,crisol,2025-11-09
798589697,Rosa,Flores,31,Femenino,Trujillo,Nuevo,2024-07-01,crisol,2025-11-09
394761723,Andrés,Flores,21,Otro,Cusco,Recurrente,2024-04-06,crisol,2025-11-09
23059753,Diego,Castro,30,Femenino,Lima,Recurrente,2024-08-10,crisol,2025-11-09
91304242,José,Salazar,41,Masculino,Arequipa,Nuevo,2023-07-13,crisol,2025-11-09
442234804,Diego,Ruiz,68,Femenino,Trujillo,Recurrente,2023-01-20,crisol,2025-11-09
258286540,Luis,Vásquez,51,Otro,Pucallpa,Nuevo,2023-07-13,crisol,2025-11-09
935878840,Camila,Torres,70,Femenino,Lima,Nuevo,2024-03-06,crisol,2025-11-09
185457263,Diego,Torres,54,Femenino,Ayacucho,Recurrente,2023-12-10,crisol,2025-11-09
940890858,Camila,García,37,Masculino,Piura,Recurrente,2023-09-19,crisol,2025-11-09
306106428,Valeria,Ruiz,42,Femenino,Piura,Nuevo,2023-05-22,crisol,2025-11-09
896903910,María,Ruiz,66,Otro,Chiclayo,Recurrente,2023-12-29,crisol,2025-11-09
907033583,José,Rodríguez,48,Femenino,Huánuco,Nuevo,2023-01-13,crisol,2025-11-09
120523211,José,Herrera,65,Otro,Huancayo,Recurrente,2024-04-02,crisol,2025-11-09
219788155,Luis,Martínez,47,Otro,Tacna,Recurrente,2023-11-23,crisol,2025-11-09
628220146,Carlos,López,38,Otro,Huancayo,Recurrente,2023-08-06,crisol,2025-11-09
591420012,Ana,Vásquez,28,Femenino,Pucallpa,Recurrente,2024-06-10,crisol,2025-11-09
650729877,Lucía,Ruiz,23,Otro,Tacna,Recurrente,2023-02-24,crisol,2025-11-09
97170874,Lucía,Pérez,47,Otro,Huancayo,Nuevo,2023-10-18,crisol,2025-11-09
683176771,Andrés,Gonzales,46,Femenino,Huancayo,Recurrente,2023-09-03,crisol,2025-11-09
43974140,Rosa,Martínez,67,Otro,Pucallpa,Nuevo,2023-04-03,crisol,2025-11-09
750385412,Javier,Vásquez,36,Masculino,Tacna,Recurrente,2023-09-09,crisol,2025-11-09
336488400,Camila,Gonzales,67,Masculino,Trujillo,Recurrente,2024-07-08,crisol,2025-11-09
216888548,Andrés,López,48,Masculino,Tacna,Nuevo,2024-04-28,crisol,2025-11-09
765515431,Sofía,Vásquez,43,Otro,Chiclayo,Nuevo,2024-07-22,crisol,2025-11-09
133889551,Andrés,López,21,Masculino,Cajamarca,Recurrente,2024-01-23,crisol,2025-11-09
294118131,Andrés,Torres,63,Femenino,Huancayo,Recurrente,2023-12-16,crisol,2025-11-09
555825180,Pedro,Rodríguez,64,Otro,Huancayo,Recurrente,2024-04-24,crisol,2025-11-09
40285915,Andrés,Herrera,51,Otro,Pucallpa,Nuevo,2023-01-03,crisol,2025-11-09
523600807,Camila,Castro,25,Masculino,Cajamarca,Nuevo,2023-11-04,crisol,2025-11-09
430923467,Luis,Martínez,42,Otro,Tacna,Nuevo,2023-04-16,crisol,2025-11-09
625479928,Rosa,Díaz,33,Masculino,Trujillo,Nuevo,2024-01-07,crisol,2025-11-09
859255898,Luis,Rodríguez,64,Femenino,Chiclayo,Nuevo,2024-06-12,crisol,2025-11-09
984885647,Pedro,Vásquez,59,Femenino,Ayacucho,Nuevo,2024-05-23,crisol,2025-11-09
774825001,Andrés,Torres,36,Otro,Tacna,Recurrente,2024-05-22,crisol,2025-11-09
492301175,Juan,Pérez,48,Otro,Arequipa,Recurrente,2023-05-31,crisol,2025-11-09
365756137,Ana,Rodríguez,39,Masculino,Huánuco,Nuevo,2024-07-22,crisol,2025-11-09
889393590,Juan,Díaz,28,Masculino,Cajamarca,Nuevo,2024-08-22,crisol,2025-11-09
64857031,Valeria,Ramos,60,Femenino,Cajamarca,Recurrente,2023-06-01,crisol,2025-11-09
581047454,José,Gonzales,64,Masculino,Arequipa,Recurrente,2024-08-07,crisol,2025-11-09
694267742,Sofía,Torres,22,Femenino,Pucallpa,Nuevo,2024-06-26,crisol,2025-11-09
143448901,María,Flores,63,Masculino,Lima,Nuevo,2024-04-28,crisol,2025-11-09
10336124,Rosa,Flores,65,Otro,Lima,Nuevo,2023-09-09,crisol,2025-11-09
523361256,Pedro,Flores,21,Otro,Tacna,Nuevo,2024-03-02,crisol,2025-11-09
986821238,Camila,Ruiz,66,Femenino,Trujillo,Recurrente,2024-08-16,crisol,2025-11-09
241373119,Carlos,Pérez,49,Otro,Lima,Nuevo,2024-06-11,crisol,2025-11-09
251876614,Luis,Díaz,35,Otro,Huánuco,Recurrente,2024-03-21,crisol,2025-11-09
527967333,Camila,Martínez,52,Femenino,Cajamarca,Recurrente,2023-06-30,crisol,2025-11-09
661092866,José,Gonzales,21,Femenino,Trujillo,Nuevo,2023-10-03,crisol,2025-11-09
871957926,Sofía,Ramos,38,Femenino,Huánuco,Nuevo,2024-02-09,crisol,2025-11-09
387030906,Andrés,Martínez,23,Otro,Arequipa,Nuevo,2023-04-16,crisol,2025-11-09
479692622,Valeria,Martínez,49,Femenino,Piura,Nuevo,2023-02-11,crisol,2025-11-09
208124438,Luis,Gonzales,66,Masculino,Trujillo,Nuevo,2023-07-10,crisol,2025-11-09
469722645,Carlos,Ramos,57,Masculino,Lima,Nuevo,2024-02-03,crisol,2025-11-09
712215293,Javier,Martínez,40,Masculino,Cusco,Recurrente,2023-08-17,crisol,2025-11-09
259332372,Juan,Castro,63,Masculino,Chiclayo,Recurrente,2023-09-22,crisol,2025-11-09
832750670,Diego,Pérez,64,Femenino,Ica,Nuevo,2024-03-19,crisol,2025-11-09
552913101,Sofía,Rodríguez,59,Masculino,Pucallpa,Nuevo,2024-05-05,crisol,2025-11-09
395240051,María,Rodríguez,39,Otro,Arequipa,Nuevo,2024-08-11,crisol,2025-11-09
637324488,Juan,Pérez,64,Femenino,Ica,Nuevo,2024-02-22,crisol,2025-11-09
644759560,Javier,López,30,Masculino,Chiclayo,Nuevo,2023-08-11,crisol,2025-11-09
276887926,Carlos,Rodríguez,52,Femenino,Ayacucho,Nuevo,2024-06-16,crisol,2025-11-09
247903183,Lucía,Rodríguez,68,Masculino,Chiclayo,Recurrente,2023-07-10,crisol,2025-11-09
361870954,Diego,Castro,31,Masculino,Lima,Nuevo,2023-08-23,crisol,2025-11-09
770367611,Lucía,Vásquez,67,Otro,Ayacucho,Recurrente,2023-02-24,crisol,2025-11-09
7414852,Pedro,Ruiz,55,Femenino,Huánuco,Recurrente,2023-09-15,crisol,2025-11-09
962196287,Juan,López,65,Femenino,Lima,Nuevo,2023-07-15,crisol,2025-11-09
250419748,Javier,Flores,30,Otro,Huancayo,Recurrente,2024-07-04,crisol,2025-11-09
952663986,Diego,Díaz,31,Otro,Pucallpa,Nuevo,2023-03-26,crisol,2025-11-09
137312945,Sofía,Salazar,49,Otro,Tacna,Recurrente,2023-10-03,crisol,2025-11-09
499010785,Ana,Torres,24,Otro,Arequipa,Recurrente,2024-01-16,crisol,2025-11-09
808249565,Javier,Salazar,61,Masculino,Chiclayo,Recurrente,2024-08-08,crisol,2025-11-09
707300695,José,Díaz,19,Otro,Tacna,Nuevo,2024-01-14,crisol,2025-11-09
906399790,Camila,Gonzales,37,Femenino,Ayacucho,Recurrente,2023-05-28,crisol,2025-11-09
102927908,Sofía,Torres,60,Otro,Arequipa,Recurrente,2024-04-19,crisol,2025-11-09
666497383,Andrés,Rodríguez,45,Femenino,Lima,Nuevo,2023-05-29,crisol,2025-11-09
675640214,Rosa,Torres,30,Otro,Piura,Nuevo,2024-06-26,crisol,2025-11-09
389402718,Valeria,López,34,Otro,Huánuco,Nuevo,2024-07-23,crisol,2025-11-09
229120065,Andrés,Flores,54,Masculino,Ica,Recurrente,2024-04-24,crisol,2025-11-09
981083594,Javier,Salazar,61,Otro,Ica,Recurrente,2023-03-24,crisol,2025-11-09
744517280,Sofía,Pérez,33,Masculino,Huancayo,Nuevo,2024-01-19,crisol,2025-11-09
813424845,Valeria,Vásquez,61,Femenino,Cusco,Recurrente,2023-03-24,crisol,2025-11-09
731148751,Andrés,Ruiz,19,Masculino,Cusco,Nuevo,2024-03-22,crisol,2025-11-09
466435097,Javier,Herrera,65,Otro,Arequipa,Nuevo,2023-02-07,crisol,2025-11-09
433010470,Andrés,Torres,32,Femenino,Chiclayo,Nuevo,2023-04-06,crisol,2025-11-09
935049293,Luis,Vásquez,54,Otro,Tacna,Nuevo,2023-09-10,crisol,2025-11-09
152821271,Pedro,Castro,40,Otro,Piura,Nuevo,2023-01-01,crisol,2025-11-09
248153502,Pedro,Gonzales,29,Femenino,Huánuco,Recurrente,2024-01-26,crisol,2025-11-09
181351053,Carlos,García,38,Femenino,Piura,Recurrente,2023-09-05,crisol,2025-11-09
974468292,Andrés,Torres,36,Masculino,Piura,Recurrente,2024-02-29,crisol,2025-11-09
244654366,Valeria,Castro,34,Otro,Cusco,Recurrente,2023-10-23,crisol,2025-11-09
7755294,Ana,Díaz,54,Femenino,Cusco,Recurrente,2023-10-20,crisol,2025-11-09
445343160,Sofía,Ramos,67,Otro,Tacna,Nuevo,2023-03-18,crisol,2025-11-09
504583657,Juan,Díaz,49,Masculino,Lima,Nuevo,2023-04-04,crisol,2025-11-09
16857943,Andrés,Rodríguez,65,Femenino,Ica,Nuevo,2024-01-21,crisol,2025-11-09
237777259,Andrés,Ruiz,28,Femenino,Ayacucho,Nuevo,2024-04-17,crisol,2025-11-09
219996555,Camila,Ruiz,70,Masculino,Huánuco,Recurrente,2023-07-29,crisol,2025-11-09
306103420,Javier,Díaz,46,Femenino,Piura,Nuevo,2023-03-08,crisol,2025-11-09
457504775,Andrés,Ramos,18,Masculino,Piura,Nuevo,2023-01-11,crisol,2025-11-09
324660545,Pedro,Díaz,45,Femenino,Ayacucho,Recurrente,2023-01-24,crisol,2025-11-09
802933277,Lucía,López,65,Masculino,Cajamarca,Nuevo,2024-04-03,crisol,2025-11-09
830592387,Diego,Díaz,54,Otro,Ayacucho,Nuevo,2024-04-25,crisol,2025-11-09
552008564,Sofía,Castro,41,Otro,Pucallpa,Nuevo,2024-03-17,crisol,2025-11-09
853581180,Juan,Flores,70,Otro,Tacna,Nuevo,2023-07-22,crisol,2025-11-09
532198890,María,Herrera,44,Femenino,Trujillo,Recurrente,2024-01-10,crisol,2025-11-09
685584809,Pedro,García,18,Femenino,Cusco,Recurrente,2023-09-10,crisol,2025-11-09
768554797,Luis,Ramos,45,Otro,Pucallpa,Nuevo,2024-05-20,crisol,2025-11-09
851235758,Ana,Ruiz,32,Otro,Chiclayo,Recurrente,2023-02-28,crisol,2025-11-09
799078978,Diego,Flores,63,Femenino,Huánuco,Nuevo,2024-08-09,crisol,2025-11-09
32206282,Andrés,Gonzales,42,Femenino,Cusco,Recurrente,2023-03-31,crisol,2025-11-09
593914313,Ana,Torres,52,Femenino,Ayacucho,Nuevo,2023-04-03,crisol,2025-11-09
637174525,Pedro,Herrera,66,Otro,Arequipa,Nuevo,2024-03-31,crisol,2025-11-09
293602802,Ana,Vásquez,34,Femenino,Lima,Recurrente,2024-02-17,crisol,2025-11-09
545580284,Sofía,Castro,31,Otro,Lima,Nuevo,2023-11-28,crisol,2025-11-09
62017009,Carlos,López,20,Otro,Piura,Recurrente,2024-02-04,crisol,2025-11-09
301097380,José,Flores,56,Otro,Huánuco,Nuevo,2023-08-16,crisol,2025-11-09
320157880,Diego,Vásquez,32,Femenino,Pucallpa,Nuevo,2023-12-04,crisol,2025-11-09
189841964,María,Rodríguez,70,Masculino,Tacna,Nuevo,2023-02-02,crisol,2025-11-09
883200484,Ana,Díaz,46,Masculino,Lima,Nuevo,2023-02-16,crisol,2025-11-09
225031539,Sofía,Vásquez,37,Femenino,Piura,Nuevo,2024-03-13,crisol,2025-11-09
742783,Javier,Martínez,55,Masculino,Ica,Nuevo,2023-09-23,crisol,2025-11-09
473838084,Luis,Torres,45,Otro,Piura,Nuevo,2023-03-25,crisol,2025-11-09
457445416,María,Rodríguez,29,Masculino,Trujillo,Nuevo,2023-09-01,crisol,2025-11-09
780636663,Valeria,Vásquez,61,Femenino,Ayacucho,Nuevo,2023-12-26,crisol,2025-11-09
591899252,Diego,Ramos,63,Otro,Ayacucho,Recurrente,2023-03-13,crisol,2025-11-09
685555831,Valeria,Herrera,58,Masculino,Lima,Recurrente,2023-11-06,crisol,2025-11-09
131665667,Sofía,Díaz,56,Masculino,Ica,Nuevo,2023-05-15,crisol,2025-11-09
907411083,Pedro,Ramos,63,Otro,Tacna,Nuevo,2023-04-13,crisol,2025-11-09
875016339,Ana,Díaz,38,Femenino,Ayacucho,Nuevo,2023-01-27,crisol,2025-11-09
179690991,Valeria,Gonzales,68,Femenino,Ica,Recurrente,2023-01-12,crisol,2025-11-09
113739340,Javier,Herrera,19,Masculino,Huánuco,Recurrente,2023-12-29,crisol,2025-11-09
919284735,Lucía,García,52,Masculino,Cusco,Nuevo,2024-01-30,crisol,2025-11-09
802808418,Javier,Salazar,69,Masculino,Piura,Nuevo,2024-08-04,crisol,2025-11-09
827560011,Valeria,García,30,Femenino,Tacna,Recurrente,2024-01-18,crisol,2025-11-09
38850168,Javier,Gonzales,39,Masculino,Piura,Nuevo,2023-08-16,crisol,2025-11-09
894764302,Javier,Castro,44,Otro,Chiclayo,Nuevo,2024-03-19,crisol,2025-11-09
853574680,Andrés,Torres,22,Femenino,Lima,Nuevo,2023-11-15,crisol,2025-11-09
655325784,Carlos,Castro,31,Otro,Huánuco,Recurrente,2024-07-25,crisol,2025-11-09
974068796,Camila,Flores,41,Masculino,Chiclayo,Recurrente,2023-04-14,crisol,2025-11-09
644419648,José,García,27,Otro,Ica,Nuevo,2023-05-24,crisol,2025-11-09
79699319,Diego,López,35,Otro,Cusco,Nuevo,2023-05-19,crisol,2025-11-09
45195139,Valeria,Vásquez,67,Femenino,Lima,Recurrente,2023-08-07,crisol,2025-11-09
513249108,Rosa,Salazar,22,Femenino,Chiclayo,Nuevo,2024-07-23,crisol,2025-11-09
374474509,José,Rodríguez,63,Femenino,Pucallpa,Nuevo,2024-02-02,crisol,2025-11-09
428880973,María,García,62,Masculino,Cajamarca,Recurrente,2023-05-15,crisol,2025-11-09
773969007,Juan,Salazar,32,Masculino,Cajamarca,Nuevo,2024-01-15,crisol,2025-11-09
78847053,José,Gonzales,49,Otro,Huancayo,Nuevo,2023-05-01,crisol,2025-11-09
595247365,José,Pérez,59,Masculino,Arequipa,Nuevo,2023-05-05,crisol,2025-11-09
716427843,Camila,Rodríguez,60,Otro,Tacna,Recurrente,2023-08-15,crisol,2025-11-09
210095909,Juan,Rodríguez,38,Femenino,Piura,Recurrente,2024-06-04,crisol,2025-11-09
825692627,Lucía,Castro,64,Masculino,Lima,Nuevo,2023-06-04,crisol,2025-11-09
237470604,María,Flores,36,Otro,Cusco,Recurrente,2024-07-22,crisol,2025-11-09
706635290,Camila,Díaz,62,Otro,Huancayo,Recurrente,2024-08-19,crisol,2025-11-09
755799053,José,Salazar,24,Otro,Trujillo,Nuevo,2024-07-14,crisol,2025-11-09
51971549,Luis,Gonzales,19,Femenino,Huánuco,Nuevo,2023-05-25,crisol,2025-11-09
810175127,Juan,Vásquez,31,Femenino,Lima,Nuevo,2024-02-19,crisol,2025-11-09
843986175,Luis,Flores,24,Otro,Arequipa,Recurrente,2023-09-17,crisol,2025-11-09
273920960,Camila,Flores,69,Femenino,Lima,Recurrente,2023-03-19,crisol,2025-11-09
742805924,Valeria,Torres,24,Femenino,Lima,Recurrente,2024-07-19,crisol,2025-11-09
902780902,Ana,Martínez,45,Otro,Cusco,Nuevo,2024-08-02,crisol,2025-11-09
939826421,Sofía,Pérez,70,Femenino,Lima,Nuevo,2023-12-07,crisol,2025-11-09
889739382,Javier,Herrera,50,Masculino,Cajamarca,Recurrente,2024-04-12,crisol,2025-11-09
281616407,Sofía,Ramos,45,Otro,Arequipa,Nuevo,2024-07-13,crisol,2025-11-09
981993328,Rosa,Gonzales,54,Otro,Lima,Nuevo,2023-05-26,crisol,2025-11-09
653252286,Luis,García,37,Masculino,Tacna,Recurrente,2023-01-17,crisol,2025-11-09
311767255,Valeria,Gonzales,47,Otro,Chiclayo,Recurrente,2023-07-03,crisol,2025-11-09
339512928,Rosa,López,61,Otro,Arequipa,Nuevo,2024-02-20,crisol,2025-11-09
808258396,José,Castro,23,Otro,Trujillo,Nuevo,2023-02-15,crisol,2025-11-09
102785243,José,Vásquez,36,Femenino,Huánuco,Nuevo,2024-02-15,crisol,2025-11-09
132567157,Lucía,Martínez,61,Otro,Cajamarca,Recurrente,2023-11-24,crisol,2025-11-09
625401255,Javier,Pérez,26,Otro,Cajamarca,Nuevo,2024-04-01,crisol,2025-11-09
416702539,María,García,66,Femenino,Cajamarca,Nuevo,2024-07-07,crisol,2025-11-09
428441768,José,Pérez,67,Masculino,Pucallpa,Nuevo,2023-05-11,crisol,2025-11-09
289983642,Diego,Ramos,53,Otro,Tacna,Recurrente,2024-02-27,crisol,2025-11-09
518742769,Andrés,Pérez,25,Femenino,Cusco,Nuevo,2024-05-24,crisol,2025-11-09
801023771,Lucía,Vásquez,61,Femenino,Lima,Nuevo,2024-01-08,crisol,2025-11-09
882465279,Javier,Torres,26,Masculino,Huancayo,Recurrente,2023-06-01,crisol,2025-11-09
346055600,Carlos,Martínez,29,Masculino,Cusco,Nuevo,2024-02-04,crisol,2025-11-09
892432275,Juan,Pérez,51,Femenino,Ayacucho,Recurrente,2023-11-13,crisol,2025-11-09
644463516,José,Herrera,22,Femenino,Huánuco,Nuevo,2023-02-27,crisol,2025-11-09
364513008,Diego,Rodríguez,18,Otro,Cusco,Recurrente,2023-08-22,crisol,2025-11-09
354826523,Ana,Flores,23,Masculino,Ayacucho,Nuevo,2023-10-06,crisol,2025-11-09
398859500,Javier,Ramos,19,Femenino,Piura,Recurrente,2023-08-24,crisol,2025-11-09
309404070,Andrés,Rodríguez,33,Masculino,Huánuco,Recurrente,2023-05-07,crisol,2025-11-09
7117563,Valeria,García,27,Otro,Pucallpa,Recurrente,2023-08-20,crisol,2025-11-09
779039937,María,Flores,70,Femenino,Ayacucho,Recurrente,2023-03-18,crisol,2025-11-09
301761622,Rosa,Pérez,69,Otro,Trujillo,Nuevo,2023-08-16,crisol,2025-11-09
284798407,Camila,Herrera,69,Masculino,Tacna,Recurrente,2024-04-21,crisol,2025-11-09
940545070,Rosa,Torres,55,Otro,Huánuco,Recurrente,2023-11-08,crisol,2025-11-09
48460572,Diego,Rodríguez,24,Masculino,Cajamarca,Recurrente,2023-05-31,crisol,2025-11-09
244905498,María,López,49,Otro,Piura,Recurrente,2024-06-13,crisol,2025-11-09
86769461,Pedro,García,59,Masculino,Lima,Recurrente,2024-08-03,crisol,2025-11-09
411099600,Carlos,Vásquez,37,Masculino,Cajamarca,Nuevo,2024-04-19,crisol,2025-11-09
557613766,Diego,Castro,66,Femenino,Trujillo,Nuevo,2023-12-07,crisol,2025-11-09
388288546,Pedro,Torres,46,Femenino,Trujillo,Recurrente,2023-12-22,crisol,2025-11-09
930764273,Carlos,Ramos,31,Otro,Pucallpa,Nuevo,2024-06-29,crisol,2025-11-09
154303235,Ana,Ruiz,66,Femenino,Tacna,Nuevo,2023-11-15,crisol,2025-11-09
317213020,Camila,Rodríguez,26,Otro,Cusco,Nuevo,2023-04-30,crisol,2025-11-09
72594006,Javier,Torres,51,Otro,Arequipa,Recurrente,2024-07-20,crisol,2025-11-09
27103684,Sofía,Pérez,33,Femenino,Cusco,Nuevo,2024-07-21,crisol,2025-11-09
790506657,Pedro,Rodríguez,50,Femenino,Huánuco,Nuevo,2023-09-26,crisol,2025-11-09
473928974,José,Torres,45,Femenino,Cajamarca,Recurrente,2024-06-29,crisol,2025-11-09
137980211,Pedro,Díaz,49,Femenino,Cusco,Recurrente,2024-05-27,crisol,2025-11-09
479689983,María,Ruiz,60,Masculino,Lima,Recurrente,2023-11-17,crisol,2025-11-09
222916535,María,Salazar,70,Masculino,Ayacucho,Recurrente,2024-07-22,crisol,2025-11-09
386447984,Valeria,López,24,Femenino,Trujillo,Recurrente,2023-05-20,crisol,2025-11-09
425343971,Carlos,García,60,Otro,Lima,Nuevo,2023-10-30,crisol,2025-11-09
764367108,Javier,García,34,Femenino,Ica,Nuevo,2023-05-05,crisol,2025-11-09
16347997,Diego,Ramos,23,Femenino,Pucallpa,Nuevo,2024-01-27,crisol,2025-11-09
328448079,Sofía,Ruiz,47,Femenino,Pucallpa,Recurrente,2023-08-07,crisol,2025-11-09
74225122,Valeria,Flores,57,Femenino,Huancayo,Recurrente,2024-01-07,crisol,2025-11-09
243504942,Ana,Vásquez,33,Femenino,Trujillo,Nuevo,2024-04-06,crisol,2025-11-09
176767600,Valeria,Ramos,57,Femenino,Lima,Nuevo,2023-02-16,crisol,2025-11-09
801346087,Ana,Flores,58,Femenino,Ica,Nuevo,2024-05-23,crisol,2025-11-09
391160465,Camila,Ruiz,52,Otro,Cusco,Recurrente,2024-02-28,crisol,2025-11-09
673127566,María,Ruiz,51,Otro,Arequipa,Nuevo,2024-05-02,crisol,2025-11-09
549471677,José,Pérez,63,Masculino,Huancayo,Nuevo,2023-06-07,crisol,2025-11-09
535948640,Valeria,Martínez,31,Femenino,Cajamarca,Recurrente,2023-08-13,crisol,2025-11-09
552943832,Carlos,Torres,36,Otro,Lima,Recurrente,2023-08-04,crisol,2025-11-09
230195549,María,Rodríguez,28,Masculino,Ica,Recurrente,2023-11-26,crisol,2025-11-09
283509352,Pedro,Pérez,46,Masculino,Pucallpa,Nuevo,2023-05-01,crisol,2025-11-09
335218732,Camila,Herrera,65,Otro,Ica,Recurrente,2024-07-22,crisol,2025-11-09
497490015,Luis,Torres,48,Otro,Chiclayo,Nuevo,2024-04-15,crisol,2025-11-09
19326060,Ana,Ramos,42,Femenino,Trujillo,Nuevo,2023-01-13,crisol,2025-11-09
4007017,Andrés,Torres,42,Otro,Huánuco,Nuevo,2024-07-16,crisol,2025-11-09
915364810,Carlos,García,29,Otro,Tacna,Nuevo,2023-05-04,crisol,2025-11-09
623874571,Rosa,Herrera,31,Otro,Cajamarca,Recurrente,2024-07-04,crisol,2025-11-09
177202879,Lucía,Díaz,68,Femenino,Trujillo,Nuevo,2024-03-12,crisol,2025-11-09
280706183,Camila,Flores,31,Otro,Ica,Nuevo,2023-01-12,crisol,2025-11-09
973143314,Luis,Ruiz,67,Femenino,Tacna,Nuevo,2024-03-17,crisol,2025-11-09
611947172,Carlos,Salazar,66,Masculino,Cajamarca,Nuevo,2024-02-11,crisol,2025-11-09
34855314,Javier,Martínez,52,Femenino,Ica,Nuevo,2023-07-27,crisol,2025-11-09
270985081,Andrés,Herrera,34,Masculino,Cusco,Nuevo,2023-10-11,crisol,2025-11-09
620921314,Javier,Díaz,23,Masculino,Arequipa,Recurrente,2024-03-19,crisol,2025-11-09
377403243,María,Rodríguez,34,Masculino,Huancayo,Nuevo,2024-02-03,crisol,2025-11-09
804620767,Ana,Torres,53,Otro,Huancayo,Nuevo,2023-01-20,crisol,2025-11-09
329563277,Pedro,Ruiz,64,Masculino,Trujillo,Nuevo,2024-06-25,crisol,2025-11-09
101841703,María,Ruiz,44,Otro,Cusco,Nuevo,2024-01-06,crisol,2025-11-09
792542863,Rosa,Díaz,69,Otro,Ayacucho,Nuevo,2023-09-22,crisol,2025-11-09
179228893,María,Castro,33,Femenino,Piura,Recurrente,2023-04-17,crisol,2025-11-09
223954392,Diego,Vásquez,44,Masculino,Ayacucho,Nuevo,2024-08-13,crisol,2025-11-09
533160850,Carlos,Torres,43,Femenino,Cajamarca,Nuevo,2024-05-02,crisol,2025-11-09
524110579,Sofía,Castro,31,Femenino,Trujillo,Nuevo,2023-03-15,crisol,2025-11-09
224002562,Rosa,Flores,37,Masculino,Chiclayo,Nuevo,2023-03-16,crisol,2025-11-09
627950220,Sofía,López,67,Otro,Lima,Recurrente,2024-07-11,crisol,2025-11-09
858400060,Luis,Rodríguez,45,Femenino,Huánuco,Nuevo,2023-01-14,crisol,2025-11-09
729690085,Diego,Torres,43,Masculino,Cusco,Recurrente,2023-02-03,crisol,2025-11-09
100906893,María,García,32,Otro,Huancayo,Nuevo,2024-06-22,crisol,2025-11-09
239019,Luis,Martínez,29,Otro,Ica,Nuevo,2023-09-15,crisol,2025-11-09
536217384,Valeria,Rodríguez,66,Masculino,Pucallpa,Recurrente,2023-01-14,crisol,2025-11-09
93448722,Juan,Vásquez,64,Otro,Cajamarca,Nuevo,2024-01-29,crisol,2025-11-09
834659666,Rosa,Herrera,70,Femenino,Chiclayo,Recurrente,2023-01-19,crisol,2025-11-09
334863746,Rosa,Salazar,69,Otro,Piura,Nuevo,2023-04-02,crisol,2025-11-09
367892988,Javier,Torres,32,Otro,Tacna,Recurrente,2024-01-26,crisol,2025-11-09
487682121,Valeria,Castro,42,Femenino,Tacna,Nuevo,2024-04-07,crisol,2025-11-09
194891906,Juan,Castro,61,Femenino,Huancayo,Nuevo,2023-07-05,crisol,2025-11-09
817842791,Ana,Torres,29,Femenino,Pucallpa,Nuevo,2023-06-27,crisol,2025-11-09
61348078,Sofía,Díaz,69,Femenino,Piura,Nuevo,2023-06-12,crisol,2025-11-09
961863440,Luis,Herrera,41,Otro,Chiclayo,Nuevo,2024-01-08,crisol,2025-11-09
388599931,Javier,Salazar,46,Otro,Ica,Nuevo,2024-05-15,crisol,2025-11-09
501335540,Juan,García,25,Otro,Cusco,Nuevo,2023-04-09,crisol,2025-11-09
895003346,Lucía,Salazar,49,Masculino,Tacna,Recurrente,2024-02-28,crisol,2025-11-09
4941743,Rosa,Castro,45,Otro,Cusco,Nuevo,2024-07-19,crisol,2025-11-09
738583988,Pedro,Vásquez,59,Otro,Arequipa,Nuevo,2023-03-06,crisol,2025-11-09
37509445,Javier,Flores,51,Femenino,Tacna,Recurrente,2023-07-25,crisol,2025-11-09
372340272,Pedro,Ramos,48,Otro,Pucallpa,Recurrente,2023-07-19,crisol,2025-11-09
918472105,José,Martínez,35,Femenino,Lima,Nuevo,2023-07-25,crisol,2025-11-09
161470063,Lucía,Ramos,49,Otro,Cajamarca,Recurrente,2023-12-26,crisol,2025-11-09
638369591,José,Flores,69,Femenino,Ayacucho,Nuevo,2024-03-31,crisol,2025-11-09
704184200,Camila,Ramos,42,Otro,Pucallpa,Recurrente,2023-09-29,crisol,2025-11-09
475258225,Camila,García,40,Femenino,Tacna,Recurrente,2023-09-02,crisol,2025-11-09
295360851,Rosa,Torres,34,Femenino,Tacna,Nuevo,2023-05-13,crisol,2025-11-09
271858281,Juan,Flores,41,Masculino,Chiclayo,Nuevo,2023-01-06,crisol,2025-11-09
600391540,Camila,Martínez,61,Otro,Arequipa,Recurrente,2023-11-19,crisol,2025-11-09
943276785,Ana,Salazar,57,Femenino,Cusco,Recurrente,2023-08-31,crisol,2025-11-09
473440977,Diego,Vásquez,40,Femenino,Arequipa,Recurrente,2023-02-03,crisol,2025-11-09
829843781,Lucía,Díaz,18,Femenino,Ica,Nuevo,2023-07-23,crisol,2025-11-09
783184224,Pedro,Gonzales,43,Otro,Ica,Nuevo,2023-05-04,crisol,2025-11-09
265938633,José,Castro,42,Femenino,Ayacucho,Nuevo,2023-10-11,crisol,2025-11-09
871258200,Diego,Pérez,48,Masculino,Chiclayo,Nuevo,2023-10-09,crisol,2025-11-09
93803294,Sofía,Pérez,64,Femenino,Ica,Nuevo,2023-09-21,crisol,2025-11-09
900258462,Juan,Gonzales,24,Masculino,Trujillo,Recurrente,2023-05-25,crisol,2025-11-09
437669307,Sofía,Díaz,32,Otro,Chiclayo,Recurrente,2024-03-18,crisol,2025-11-09
221164463,Ana,Herrera,36,Femenino,Chiclayo,Nuevo,2024-03-13,crisol,2025-11-09
286128436,Camila,Flores,43,Femenino,Ayacucho,Nuevo,2023-08-12,crisol,2025-11-09
913501485,Rosa,Rodríguez,49,Masculino,Trujillo,Nuevo,2024-04-30,crisol,2025-11-09
283957809,María,Gonzales,56,Masculino,Trujillo,Nuevo,2024-08-12,crisol,2025-11-09
304596020,Rosa,Vásquez,22,Masculino,Huancayo,Nuevo,2024-05-15,crisol,2025-11-09
468377604,Juan,Torres,69,Otro,Huancayo,Recurrente,2023-12-02,crisol,2025-11-09
123463865,José,Martínez,51,Femenino,Piura,Recurrente,2024-05-02,crisol,2025-11-09
607503230,Andrés,Torres,30,Otro,Ica,Recurrente,2023-01-23,crisol,2025-11-09
458612531,María,Martínez,34,Masculino,Cusco,Nuevo,2024-01-16,crisol,2025-11-09
289471813,Camila,Torres,51,Otro,Ica,Recurrente,2023-01-24,crisol,2025-11-09
868186767,Javier,Gonzales,60,Otro,Tacna,Nuevo,2023-02-02,crisol,2025-11-09
199425517,Diego,Torres,19,Otro,Cajamarca,Recurrente,2024-04-26,crisol,2025-11-09
358758770,José,Flores,48,Masculino,Chiclayo,Nuevo,2024-07-08,crisol,2025-11-09
730359257,María,Rodríguez,56,Masculino,Ica,Recurrente,2024-02-13,crisol,2025-11-09
990462970,María,Vásquez,31,Otro,Huancayo,Nuevo,2024-05-18,crisol,2025-11-09
495768852,Luis,Gonzales,56,Otro,Piura,Nuevo,2023-11-01,crisol,2025-11-09
721738881,María,Ruiz,65,Masculino,Ica,Nuevo,2024-05-27,crisol,2025-11-09
478775323,Juan,Gonzales,62,Otro,Trujillo,Recurrente,2024-05-16,crisol,2025-11-09
621459892,María,Flores,20,Otro,Trujillo,Recurrente,2024-01-08,crisol,2025-11-09
127888610,Javier,Pérez,70,Femenino,Pucallpa,Nuevo,2023-02-06,crisol,2025-11-09
488626297,Pedro,López,66,Otro,Tacna,Recurrente,2024-03-27,crisol,2025-11-09
570058195,Camila,Martínez,50,Masculino,Trujillo,Nuevo,2023-09-18,crisol,2025-11-09
555709301,Rosa,Flores,40,Femenino,Ica,Nuevo,2023-12-03,crisol,2025-11-09
708598901,Luis,Ruiz,61,Masculino,Pucallpa,Recurrente,2023-05-13,crisol,2025-11-09
514546594,Carlos,Díaz,21,Otro,Lima,Nuevo,2024-04-07,crisol,2025-11-09
594939969,Rosa,Vásquez,50,Masculino,Trujillo,Recurrente,2024-02-04,crisol,2025-11-09
862846719,Luis,López,65,Masculino,Cajamarca,Nuevo,2024-06-15,crisol,2025-11-09
349633985,Camila,Castro,50,Femenino,Pucallpa,Recurrente,2023-02-12,crisol,2025-11-09
591444797,Pedro,Salazar,54,Femenino,Ayacucho,Nuevo,2023-01-25,crisol,2025-11-09
214644190,Carlos,Salazar,20,Femenino,Tacna,Recurrente,2024-03-22,crisol,2025-11-09
5453392,Rosa,Ruiz,70,Femenino,Huánuco,Nuevo,2023-02-25,crisol,2025-11-09
133356499,Camila,Gonzales,28,Masculino,Tacna,Nuevo,2023-05-14,crisol,2025-11-09
651816805,Valeria,Salazar,57,Femenino,Cajamarca,Nuevo,2023-01-22,crisol,2025-11-09
644671587,Rosa,Herrera,28,Masculino,Cusco,Recurrente,2024-02-14,crisol,2025-11-09
378627379,Luis,Pérez,33,Masculino,Chiclayo,Nuevo,2023-05-01,crisol,2025-11-09
862478697,Sofía,Martínez,69,Masculino,Trujillo,Nuevo,2024-04-19,crisol,2025-11-09
223854091,Javier,Rodríguez,19,Masculino,Huánuco,Recurrente,2024-01-01,crisol,2025-11-09
230856469,María,Díaz,38,Masculino,Lima,Nuevo,2023-07-25,crisol,2025-11-09
84166410,Andrés,Díaz,26,Otro,Lima,Recurrente,2024-01-29,crisol,2025-11-09
555316573,Carlos,Flores,21,Femenino,Arequipa,Recurrente,2023-02-03,crisol,2025-11-09
608398713,Ana,Herrera,21,Femenino,Pucallpa,Nuevo,2024-04-04,crisol,2025-11-09
233554434,Javier,Díaz,40,Femenino,Trujillo,Recurrente,2024-04-02,crisol,2025-11-09
950236140,Ana,Castro,69,Otro,Ayacucho,Nuevo,2023-12-04,crisol,2025-11-09
685138280,Andrés,Gonzales,33,Otro,Huancayo,Nuevo,2023-03-28,crisol,2025-11-09
575293821,Carlos,Torres,27,Otro,Ica,Recurrente,2023-05-22,crisol,2025-11-09
468785789,Javier,Martínez,26,Otro,Cusco,Recurrente,2023-04-11,crisol,2025-11-09
541641847,Sofía,Rodríguez,41,Femenino,Tacna,Nuevo,2024-03-04,crisol,2025-11-09
831081780,Pedro,Flores,51,Otro,Ayacucho,Nuevo,2023-12-13,crisol,2025-11-09
635385258,Juan,López,21,Otro,Huancayo,Nuevo,2023-12-03,crisol,2025-11-09
907275391,Luis,Martínez,65,Otro,Chiclayo,Nuevo,2023-12-13,crisol,2025-11-09
15991195,Rosa,Ruiz,66,Femenino,Arequipa,Nuevo,2024-08-22,crisol,2025-11-09
793979483,María,Herrera,63,Femenino,Ayacucho,Nuevo,2024-08-08,crisol,2025-11-09
146276162,Andrés,Martínez,36,Femenino,Ayacucho,Nuevo,2023-09-01,crisol,2025-11-09
985104472,Sofía,Pérez,46,Femenino,Piura,Recurrente,2023-12-21,crisol,2025-11-09
841657139,Sofía,Castro,62,Masculino,Cusco,Recurrente,2024-06-04,crisol,2025-11-09
548445464,María,Vásquez,21,Otro,Trujillo,Recurrente,2023-06-06,crisol,2025-11-09
479572507,Lucía,Flores,39,Femenino,Chiclayo,Recurrente,2024-04-07,crisol,2025-11-09
673864705,Lucía,Herrera,49,Femenino,Cusco,Nuevo,2023-07-04,crisol,2025-11-09
397217154,Luis,Herrera,63,Masculino,Huánuco,Nuevo,2024-04-03,crisol,2025-11-09
159326927,Rosa,Martínez,65,Otro,Trujillo,Recurrente,2024-05-09,crisol,2025-11-09
640095207,Lucía,Castro,20,Masculino,Chiclayo,Nuevo,2023-10-19,crisol,2025-11-09
938628419,Sofía,Herrera,41,Otro,Pucallpa,Nuevo,2023-11-14,crisol,2025-11-09
611163784,Camila,Ruiz,44,Femenino,Pucallpa,Recurrente,2023-04-19,crisol,2025-11-09
468556116,José,Rodríguez,30,Otro,Piura,Nuevo,2024-03-07,crisol,2025-11-09
707586230,Rosa,Torres,25,Masculino,Cusco,Nuevo,2023-08-15,crisol,2025-11-09
368836836,Javier,Pérez,28,Femenino,Cajamarca,Nuevo,2023-01-22,crisol,2025-11-09
403301834,Luis,García,68,Masculino,Trujillo,Recurrente,2024-05-17,crisol,2025-11-09
158404085,Andrés,Torres,43,Femenino,Ica,Recurrente,2023-10-17,crisol,2025-11-09
877285566,Sofía,García,62,Otro,Ica,Nuevo,2024-05-23,crisol,2025-11-09
973241785,Javier,Salazar,70,Masculino,Lima,Nuevo,2024-01-09,crisol,2025-11-09
361195998,Pedro,López,68,Femenino,Cusco,Nuevo,2023-12-11,crisol,2025-11-09
953193011,Rosa,Gonzales,45,Masculino,Huancayo,Nuevo,2024-07-25,crisol,2025-11-09
712494165,Ana,López,41,Otro,Chiclayo,Recurrente,2024-02-29,crisol,2025-11-09
445346486,Pedro,Pérez,53,Otro,Cusco,Recurrente,2023-11-05,crisol,2025-11-09
862786869,Camila,Castro,23,Masculino,Arequipa,Nuevo,2023-02-22,crisol,2025-11-09
315361317,Ana,García,48,Masculino,Cusco,Recurrente,2024-04-27,crisol,2025-11-09
600388561,Sofía,Flores,28,Masculino,Tacna,Recurrente,2024-04-12,crisol,2025-11-09
626067667,Ana,López,43,Otro,Cajamarca,Recurrente,2023-09-06,crisol,2025-11-09
934520958,María,Salazar,61,Femenino,Lima,Nuevo,2024-06-14,crisol,2025-11-09
543508113,Pedro,Gonzales,59,Otro,Lima,Recurrente,2023-02-04,crisol,2025-11-09
395731664,Sofía,Flores,66,Otro,Ica,Nuevo,2023-04-06,crisol,2025-11-09
115992964,Sofía,Vásquez,31,Masculino,Lima,Nuevo,2023-10-19,crisol,2025-11-09
52063166,Juan,Castro,63,Masculino,Tacna,Recurrente,2023-09-01,crisol,2025-11-09
759795666,Ana,Castro,45,Masculino,Chiclayo,Nuevo,2023-07-09,crisol,2025-11-09
976726095,Juan,Salazar,60,Masculino,Arequipa,Nuevo,2024-04-03,crisol,2025-11-09
557014275,Carlos,Salazar,22,Otro,Arequipa,Recurrente,2024-06-24,crisol,2025-11-09
319066892,Luis,Torres,51,Masculino,Trujillo,Recurrente,2024-04-08,crisol,2025-11-09
464153807,José,López,65,Femenino,Trujillo,Nuevo,2023-01-09,crisol,2025-11-09
583769385,Ana,Martínez,50,Otro,Huancayo,Nuevo,2023-07-10,crisol,2025-11-09
797637557,Diego,Ramos,45,Femenino,Chiclayo,Nuevo,2024-02-27,crisol,2025-11-09
329589436,Luis,Vásquez,19,Femenino,Chiclayo,Recurrente,2023-07-18,crisol,2025-11-09
823018694,Andrés,Flores,28,Femenino,Piura,Recurrente,2024-02-21,crisol,2025-11-09
257287736,Lucía,Castro,68,Otro,Cusco,Nuevo,2024-07-16,crisol,2025-11-09
509352524,Lucía,Vásquez,37,Femenino,Piura,Nuevo,2023-11-15,crisol,2025-11-09
416794755,Pedro,Torres,60,Masculino,Pucallpa,Recurrente,2023-09-21,crisol,2025-11-09
412340708,Rosa,Castro,31,Otro,Piura,Recurrente,2023-09-13,crisol,2025-11-09
98624754,Diego,Gonzales,39,Femenino,Cajamarca,Nuevo,2023-05-28,crisol,2025-11-09
210436437,Valeria,Martínez,18,Masculino,Tacna,Nuevo,2024-08-20,crisol,2025-11-09
814974761,Juan,Vásquez,53,Otro,Trujillo,Nuevo,2024-02-02,crisol,2025-11-09
419267047,José,Salazar,69,Otro,Huancayo,Recurrente,2023-05-05,crisol,2025-11-09
710052797,Pedro,Rodríguez,26,Otro,Trujillo,Recurrente,2023-09-06,crisol,2025-11-09
714026551,Diego,Salazar,58,Otro,Huánuco,Nuevo,2024-07-27,crisol,2025-11-09
526826429,Carlos,Rodríguez,21,Masculino,Chiclayo,Nuevo,2024-05-12,crisol,2025-11-09
759138222,Pedro,Flores,35,Masculino,Cajamarca,Recurrente,2023-03-07,crisol,2025-11-09
218777716,Pedro,Ramos,49,Femenino,Ayacucho,Recurrente,2024-06-17,crisol,2025-11-09
350879424,Lucía,Díaz,33,Masculino,Pucallpa,Recurrente,2023-12-02,crisol,2025-11-09
627195855,José,Salazar,69,Femenino,Tacna,Recurrente,2024-02-13,crisol,2025-11-09
699785602,Rosa,Salazar,68,Femenino,Trujillo,Nuevo,2024-01-30,crisol,2025-11-09
603037523,Andrés,Pérez,21,Femenino,Cusco,Nuevo,2023-05-15,crisol,2025-11-09
984153097,José,Salazar,65,Femenino,Tacna,Nuevo,2023-09-19,crisol,2025-11-09
646021462,Luis,López,44,Masculino,Huánuco,Nuevo,2024-01-12,crisol,2025-11-09
441401151,María,Martínez,45,Femenino,Ica,Recurrente,2023-09-17,crisol,2025-11-09
190666050,Juan,Pérez,36,Masculino,Huancayo,Recurrente,2024-06-06,crisol,2025-11-09
463098164,Lucía,Martínez,47,Otro,Huancayo,Recurrente,2023-05-21,crisol,2025-11-09
54448564,Ana,Gonzales,23,Otro,Piura,Nuevo,2024-06-24,crisol,2025-11-09
373234231,Andrés,Salazar,19,Femenino,Cajamarca,Nuevo,2023-04-14,crisol,2025-11-09
252793653,Ana,Gonzales,53,Femenino,Lima,Nuevo,2023-09-27,crisol,2025-11-09
201366278,Javier,Rodríguez,29,Otro,Piura,Nuevo,2024-05-02,crisol,2025-11-09
965339837,José,Ramos,63,Masculino,Huánuco,Recurrente,2023-02-18,crisol,2025-11-09
836890958,Luis,Rodríguez,31,Masculino,Arequipa,Nuevo,2024-02-16,crisol,2025-11-09
43548037,Javier,Ruiz,69,Otro,Piura,Recurrente,2024-05-17,crisol,2025-11-09
46404720,Juan,Gonzales,27,Masculino,Piura,Nuevo,2023-10-01,crisol,2025-11-09
375349791,Lucía,Herrera,59,Femenino,Piura,Recurrente,2024-02-21,crisol,2025-11-09
388532937,Valeria,Castro,19,Femenino,Huánuco,Nuevo,2023-07-04,crisol,2025-11-09
377256159,Valeria,Castro,45,Masculino,Huancayo,Recurrente,2023-08-09,crisol,2025-11-09
339871512,Javier,Díaz,70,Masculino,Lima,Nuevo,2023-01-07,crisol,2025-11-09
673784978,Lucía,Torres,64,Otro,Ayacucho,Nuevo,2023-08-15,crisol,2025-11-09
43109118,José,García,18,Otro,Trujillo,Nuevo,2023-05-24,crisol,2025-11-09
116753273,José,Díaz,55,Femenino,Pucallpa,Nuevo,2023-07-25,crisol,2025-11-09
883803428,Lucía,García,36,Femenino,Ica,Recurrente,2023-06-08,crisol,2025-11-09
46951676,Luis,López,23,Otro,Huánuco,Nuevo,2023-09-12,crisol,2025-11-09
858832312,María,Rodríguez,44,Femenino,Cajamarca,Nuevo,2023-02-14,crisol,2025-11-09
188477998,Ana,López,43,Masculino,Cajamarca,Recurrente,2023-12-14,crisol,2025-11-09
547815072,Juan,Ramos,66,Masculino,Pucallpa,Nuevo,2023-12-06,crisol,2025-11-09
363324283,Carlos,Ramos,47,Masculino,Lima,Recurrente,2024-02-19,crisol,2025-11-09
675444458,Javier,Torres,65,Masculino,Huánuco,Nuevo,2023-11-18,crisol,2025-11-09
121047874,Juan,Pérez,40,Otro,Tacna,Recurrente,2024-07-17,crisol,2025-11-09
523372086,Juan,Ramos,55,Masculino,Cusco,Nuevo,2023-03-19,crisol,2025-11-09
829574436,María,Rodríguez,23,Otro,Arequipa,Nuevo,2024-01-28,crisol,2025-11-09
487092224,Rosa,Ruiz,56,Masculino,Trujillo,Nuevo,2023-09-04,crisol,2025-11-09
391889389,Diego,Flores,30,Otro,Trujillo,Nuevo,2023-08-25,crisol,2025-11-09
17929351,Andrés,Vásquez,41,Femenino,Arequipa,Nuevo,2024-08-19,crisol,2025-11-09
752545807,Sofía,García,44,Femenino,Chiclayo,Recurrente,2024-03-28,crisol,2025-11-09
624575950,Luis,López,27,Masculino,Ayacucho,Nuevo,2023-02-02,crisol,2025-11-09
158812489,Luis,Rodríguez,43,Otro,Pucallpa,Nuevo,2024-06-25,crisol,2025-11-09
841943846,Sofía,Salazar,61,Femenino,Ayacucho,Nuevo,2023-01-26,crisol,2025-11-09
153206309,Camila,Pérez,37,Masculino,Trujillo,Recurrente,2023-03-08,crisol,2025-11-09
346811965,Camila,Martínez,52,Otro,Lima,Recurrente,2023-04-11,crisol,2025-11-09
53583561,Valeria,López,30,Femenino,Cajamarca,Recurrente,2023-09-11,crisol,2025-11-09
240808551,José,López,66,Masculino,Lima,Nuevo,2024-01-13,crisol,2025-11-09
751514753,Luis,López,47,Otro,Lima,Nuevo,2024-07-07,crisol,2025-11-09
966054370,Luis,García,43,Femenino,Ica,Nuevo,2024-04-04,crisol,2025-11-09
35438678,Andrés,Salazar,27,Masculino,Trujillo,Nuevo,2023-10-04,crisol,2025-11-09
473344197,Juan,García,70,Masculino,Cusco,Recurrente,2023-06-23,crisol,2025-11-09
592490040,Javier,Salazar,69,Masculino,Ica,Recurrente,2024-08-01,crisol,2025-11-09
799776651,Lucía,García,46,Otro,Arequipa,Nuevo,2024-06-25,crisol,2025-11-09
116437342,Lucía,Ramos,56,Femenino,Cusco,Nuevo,2023-04-07,crisol,2025-11-09
529978225,Camila,López,62,Otro,Ica,Nuevo,2023-03-12,crisol,2025-11-09
61423701,Andrés,Gonzales,64,Femenino,Piura,Nuevo,2024-01-23,crisol,2025-11-09
651305602,Diego,Díaz,30,Masculino,Ayacucho,Recurrente,2024-05-14,crisol,2025-11-09
632281475,Ana,Herrera,42,Femenino,Tacna,Nuevo,2024-06-15,crisol,2025-11-09
646562405,Camila,Vásquez,34,Otro,Pucallpa,Nuevo,2023-12-25,crisol,2025-11-09
756136892,Camila,Flores,58,Femenino,Cusco,Recurrente,2023-12-09,crisol,2025-11-09
613035587,Ana,Herrera,41,Femenino,Lima,Recurrente,2024-01-27,crisol,2025-11-09
928791322,Sofía,Pérez,54,Femenino,Cajamarca,Nuevo,2023-01-13,crisol,2025-11-09
503556843,Pedro,Herrera,59,Femenino,Cajamarca,Nuevo,2023-07-06,crisol,2025-11-09
483362893,María,Castro,60,Masculino,Cajamarca,Nuevo,2023-05-12,crisol,2025-11-09
891414827,Andrés,Salazar,42,Otro,Huancayo,Nuevo,2024-03-22,crisol,2025-11-09
550327816,Rosa,Vásquez,19,Otro,Huancayo,Nuevo,2023-08-14,crisol,2025-11-09
468157126,Rosa,Pérez,55,Otro,Huancayo,Nuevo,2024-08-08,crisol,2025-11-09
3745389,Rosa,Díaz,22,Otro,Chiclayo,Nuevo,2023-07-21,crisol,2025-11-09
145958019,Lucía,Ruiz,43,Otro,Huánuco,Nuevo,2023-12-19,crisol,2025-11-09
997577781,Rosa,Flores,60,Otro,Ayacucho,Nuevo,2024-04-21,crisol,2025-11-09
883990834,Lucía,Vásquez,49,Masculino,Huancayo,Nuevo,2024-04-20,crisol,2025-11-09
144022775,Camila,Ramos,50,Masculino,Huancayo,Nuevo,2023-12-10,crisol,2025-11-09
458275646,Andrés,Salazar,67,Otro,Piura,Recurrente,2023-11-10,crisol,2025-11-09
466019118,Juan,Torres,46,Masculino,Tacna,Nuevo,2024-01-06,crisol,2025-11-09
419128097,Camila,Flores,54,Otro,Huancayo,Recurrente,2023-06-21,crisol,2025-11-09
160305783,Juan,Gonzales,70,Masculino,Ica,Nuevo,2023-09-03,crisol,2025-11-09
918567669,Javier,Ruiz,54,Otro,Tacna,Nuevo,2023-10-17,crisol,2025-11-09
784483293,Pedro,Flores,60,Otro,Huánuco,Nuevo,2023-02-19,crisol,2025-11-09
532564240,Sofía,García,45,Femenino,Ayacucho,Nuevo,2024-06-21,crisol,2025-11-09
446746768,Andrés,Torres,30,Femenino,Arequipa,Nuevo,2023-05-14,crisol,2025-11-09
784715085,María,Torres,64,Femenino,Pucallpa,Nuevo,2023-10-16,crisol,2025-11-09
535932565,Lucía,Castro,33,Femenino,Piura,Recurrente,2023-12-08,crisol,2025-11-09
702877148,Pedro,Martínez,31,Otro,Ica,Nuevo,2024-08-15,crisol,2025-11-09
633781126,Lucía,Flores,25,Masculino,Cusco,Nuevo,2023-02-06,crisol,2025-11-09
904470072,María,Castro,30,Masculino,Ayacucho,Nuevo,2023-09-18,crisol,2025-11-09
457183973,Andrés,Castro,25,Masculino,Cajamarca,Recurrente,2023-04-25,crisol,2025-11-09
619904088,María,Castro,44,Otro,Piura,Nuevo,2024-01-14,crisol,2025-11-09
256597980,Andrés,Pérez,31,Otro,Huancayo,Nuevo,2024-07-22,crisol,2025-11-09
513667541,Pedro,López,20,Femenino,Tacna,Nuevo,2023-05-16,crisol,2025-11-09
553620841,Diego,Ruiz,64,Femenino,Cusco,Nuevo,2023-12-04,crisol,2025-11-09
905274587,Sofía,Rodríguez,45,Otro,Huánuco,Nuevo,2023-10-11,crisol,2025-11-09
832742662,Pedro,Torres,34,Femenino,Arequipa,Nuevo,2023-07-10,crisol,2025-11-09
599717590,Carlos,Ramos,55,Otro,Piura,Nuevo,2024-01-13,crisol,2025-11-09
131233264,Lucía,López,54,Masculino,Trujillo,Nuevo,2024-08-15,crisol,2025-11-09
237327342,María,Torres,59,Femenino,Arequipa,Nuevo,2023-01-09,crisol,2025-11-09
851708968,Ana,Castro,59,Femenino,Tacna,Recurrente,2024-03-25,crisol,2025-11-09
401065836,Rosa,Flores,59,Otro,Lima,Nuevo,2024-05-08,crisol,2025-11-09
743805880,Andrés,Torres,64,Femenino,Trujillo,Recurrente,2023-03-22,crisol,2025-11-09
492504051,Luis,López,22,Masculino,Tacna,Nuevo,2023-11-06,crisol,2025-11-09
687988311,Sofía,López,40,Masculino,Arequipa,Recurrente,2023-03-20,crisol,2025-11-09
73776438,Camila,Gonzales,49,Femenino,Lima,Recurrente,2023-05-25,crisol,2025-11-09
966294175,Lucía,Rodríguez,21,Otro,Pucallpa,Nuevo,2023-07-12,crisol,2025-11-09
408596451,Valeria,Ruiz,41,Femenino,Tacna,Nuevo,2024-03-03,crisol,2025-11-09
200202710,Javier,Castro,34,Masculino,Ica,Nuevo,2024-02-21,crisol,2025-11-09
575354761,José,Herrera,70,Femenino,Lima,Recurrente,2024-07-03,crisol,2025-11-09
338683251,Sofía,Pérez,43,Otro,Trujillo,Nuevo,2024-08-16,crisol,2025-11-09
690648233,Javier,Martínez,35,Masculino,Lima,Recurrente,2023-03-11,crisol,2025-11-09
16794918,Luis,Rodríguez,49,Otro,Piura,Nuevo,2023-07-17,crisol,2025-11-09
374529422,Luis,Vásquez,55,Masculino,Huancayo,Recurrente,2023-01-02,crisol,2025-11-09
114680155,Rosa,Díaz,69,Masculino,Arequipa,Nuevo,2024-03-01,crisol,2025-11-09
656373687,Javier,Castro,59,Masculino,Ica,Recurrente,2024-08-23,crisol,2025-11-09
263517640,Sofía,Torres,38,Masculino,Arequipa,Nuevo,2024-05-29,crisol,2025-11-09
953202438,Andrés,García,24,Masculino,Cusco,Recurrente,2023-02-08,crisol,2025-11-09
918147100,Ana,Martínez,47,Femenino,Cajamarca,Nuevo,2023-04-05,crisol,2025-11-09
934852747,Rosa,Ramos,36,Otro,Huánuco,Nuevo,2023-11-06,crisol,2025-11-09
893535472,Sofía,Herrera,38,Femenino,Cajamarca,Recurrente,2023-01-04,crisol,2025-11-09
979287580,Carlos,García,32,Femenino,Ayacucho,Nuevo,2024-02-03,crisol,2025-11-09
668923460,Camila,Ruiz,28,Masculino,Tacna,Nuevo,2023-10-19,crisol,2025-11-09
4258484,Lucía,Vásquez,23,Femenino,Ica,Recurrente,2023-08-23,crisol,2025-11-09
296561944,José,Ramos,21,Otro,Cusco,Recurrente,2023-09-23,crisol,2025-11-09
507111542,Andrés,Pérez,64,Otro,Lima,Nuevo,2023-09-13,crisol,2025-11-09
994647654,Valeria,Díaz,22,Masculino,Chiclayo,Nuevo,2024-01-02,crisol,2025-11-09
116346121,José,López,39,Masculino,Huancayo,Nuevo,2023-03-29,crisol,2025-11-09
794797387,Carlos,Pérez,28,Masculino,Pucallpa,Recurrente,2024-05-14,crisol,2025-11-09
362875231,José,García,42,Otro,Lima,Recurrente,2023-12-12,crisol,2025-11-09
468283033,Luis,Salazar,23,Otro,Ayacucho,Recurrente,2023-12-10,crisol,2025-11-09
289709060,María,López,31,Otro,Ica,Nuevo,2024-01-04,crisol,2025-11-09
784711188,Diego,Pérez,26,Otro,Cusco,Recurrente,2023-03-10,crisol,2025-11-09
352980995,Javier,Ramos,62,Femenino,Arequipa,Nuevo,2023-04-12,crisol,2025-11-09
716167261,Sofía,Ruiz,48,Otro,Huánuco,Nuevo,2023-12-04,crisol,2025-11-09
190781488,Camila,Flores,37,Otro,Huánuco,Nuevo,2024-08-21,crisol,2025-11-09
926410479,María,Salazar,61,Masculino,Tacna,Nuevo,2024-08-07,crisol,2025-11-09
625880698,Javier,Castro,35,Otro,Huancayo,Nuevo,2023-10-19,crisol,2025-11-09
7344227,Diego,García,31,Otro,Cusco,Recurrente,2024-02-11,crisol,2025-11-09
967742560,Valeria,Castro,30,Otro,Huancayo,Nuevo,2023-06-22,crisol,2025-11-09
442583515,Sofía,Rodríguez,18,Masculino,Huánuco,Recurrente,2023-02-01,crisol,2025-11-09
116042108,Lucía,Martínez,20,Masculino,Lima,Recurrente,2024-06-02,crisol,2025-11-09
694283736,Luis,Ruiz,37,Femenino,Piura,Recurrente,2024-06-09,crisol,2025-11-09
558959902,José,Ramos,41,Otro,Pucallpa,Nuevo,2024-07-09,crisol,2025-11-09
157706401,Lucía,Rodríguez,69,Otro,Huancayo,Nuevo,2024-01-30,crisol,2025-11-09
490766724,Javier,Salazar,38,Otro,Huancayo,Recurrente,2023-11-16,crisol,2025-11-09
293250351,Camila,Salazar,54,Masculino,Cusco,Nuevo,2023-06-03,crisol,2025-11-09
772367248,María,Díaz,59,Masculino,Huancayo,Nuevo,2023-03-05,crisol,2025-11-09
555535099,Sofía,Herrera,26,Masculino,Huancayo,Nuevo,2024-06-30,crisol,2025-11-09
824099582,Carlos,Herrera,33,Femenino,Huánuco,Nuevo,2023-01-13,crisol,2025-11-09
780895991,Carlos,Rodríguez,64,Otro,Pucallpa,Nuevo,2024-02-07,crisol,2025-11-09
511759939,Rosa,García,58,Masculino,Trujillo,Nuevo,2023-05-23,crisol,2025-11-09
336225854,Ana,Herrera,66,Femenino,Huánuco,Nuevo,2024-03-10,crisol,2025-11-09
473532393,Diego,Pérez,70,Femenino,Chiclayo,Nuevo,2023-11-15,crisol,2025-11-09
829742518,Carlos,Castro,64,Masculino,Tacna,Recurrente,2024-07-02,crisol,2025-11-09
529884390,Andrés,Ruiz,45,Otro,Cajamarca,Recurrente,2023-11-06,crisol,2025-11-09
55629472,Pedro,Ruiz,49,Femenino,Huánuco,Nuevo,2024-04-04,crisol,2025-11-09
698242180,Sofía,Rodríguez,68,Femenino,Ayacucho,Nuevo,2023-09-04,crisol,2025-11-09
893954545,Ana,Ruiz,20,Femenino,Huancayo,Nuevo,2024-05-19,crisol,2025-11-09
984863762,Carlos,Martínez,69,Femenino,Trujillo,Recurrente,2023-12-19,crisol,2025-11-09
296899613,Carlos,Ramos,40,Femenino,Huancayo,Nuevo,2024-06-28,crisol,2025-11-09
636310907,Andrés,López,55,Masculino,Chiclayo,Recurrente,2024-03-20,crisol,2025-11-09
807943195,Camila,Flores,63,Otro,Ica,Nuevo,2023-11-23,crisol,2025-11-09
750884882,Carlos,López,53,Otro,Huancayo,Recurrente,2023-06-23,crisol,2025-11-09
853662941,Javier,Díaz,54,Masculino,Cajamarca,Recurrente,2023-06-20,crisol,2025-11-09
834368587,Rosa,Torres,53,Otro,Cajamarca,Nuevo,2024-05-04,crisol,2025-11-09
949874067,Camila,Herrera,20,Femenino,Huánuco,Recurrente,2023-08-26,crisol,2025-11-09
378259678,Javier,Herrera,47,Otro,Ica,Nuevo,2024-01-12,crisol,2025-11-09
621496000,Ana,García,70,Masculino,Ayacucho,Nuevo,2024-08-15,crisol,2025-11-09
636912304,Carlos,Salazar,23,Otro,Ica,Nuevo,2023-11-16,crisol,2025-11-09
759252392,Lucía,Ruiz,21,Femenino,Lima,Recurrente,2023-01-04,crisol,2025-11-09
532166023,Lucía,Gonzales,18,Otro,Arequipa,Nuevo,2023-11-01,crisol,2025-11-09
608105497,Luis,Salazar,54,Otro,Piura,Recurrente,2024-02-14,crisol,2025-11-09
212407358,Diego,Gonzales,47,Femenino,Arequipa,Nuevo,2024-02-29,crisol,2025-11-09
134481609,Diego,García,33,Otro,Lima,Recurrente,2024-08-15,crisol,2025-11-09
384832266,María,Castro,67,Femenino,Arequipa,Nuevo,2024-01-03,crisol,2025-11-09
298397126,Camila,Rodríguez,28,Femenino,Piura,Nuevo,2023-04-14,crisol,2025-11-09
210608533,Rosa,Vásquez,70,Masculino,Ayacucho,Nuevo,2023-12-02,crisol,2025-11-09
657488292,María,Gonzales,36,Masculino,Piura,Nuevo,2023-12-29,crisol,2025-11-09
117825833,Javier,Ruiz,63,Masculino,Lima,Nuevo,2024-05-24,crisol,2025-11-09
331380837,Sofía,García,61,Masculino,Trujillo,Recurrente,2023-08-23,crisol,2025-11-09
431539835,Diego,Gonzales,64,Otro,Lima,Recurrente,2023-12-10,crisol,2025-11-09
788099317,Juan,Martínez,22,Femenino,Ica,Nuevo,2023-05-26,crisol,2025-11-09
151039828,Ana,Martínez,26,Femenino,Ayacucho,Nuevo,2024-05-29,crisol,2025-11-09
844869419,Diego,Torres,20,Otro,Ica,Recurrente,2023-06-26,crisol,2025-11-09
232442897,Andrés,Vásquez,52,Masculino,Huánuco,Nuevo,2024-03-27,crisol,2025-11-09
67783428,Javier,Flores,51,Otro,Tacna,Recurrente,2023-08-24,crisol,2025-11-09
379358106,Rosa,Martínez,61,Femenino,Ayacucho,Recurrente,2023-11-24,crisol,2025-11-09
942021557,Carlos,Vásquez,25,Masculino,Huánuco,Nuevo,2023-11-21,crisol,2025-11-09
624213556,José,López,66,Femenino,Ica,Nuevo,2023-11-10,crisol,2025-11-09
651037084,Rosa,López,33,Masculino,Lima,Recurrente,2024-05-30,crisol,2025-11-09
432449472,Carlos,López,21,Femenino,Ayacucho,Recurrente,2024-08-18,crisol,2025-11-09
954148612,Luis,Salazar,19,Masculino,Ica,Recurrente,2024-06-29,crisol,2025-11-09
102568954,Pedro,Flores,19,Masculino,Ayacucho,Nuevo,2024-07-14,crisol,2025-11-09
399671433,Camila,García,61,Masculino,Lima,Nuevo,2024-05-27,crisol,2025-11-09
164353296,Luis,García,63,Femenino,Lima,Nuevo,2024-04-03,crisol,2025-11-09
48899466,Carlos,Díaz,34,Femenino,Huancayo,Nuevo,2024-07-17,crisol,2025-11-09
505283661,Pedro,Torres,59,Otro,Ica,Nuevo,2023-03-07,crisol,2025-11-09
302310782,Valeria,Castro,54,Femenino,Lima,Nuevo,2023-05-12,crisol,2025-11-09
22118935,Luis,López,59,Femenino,Tacna,Nuevo,2023-08-07,crisol,2025-11-09
777643355,Ana,Martínez,37,Masculino,Huancayo,Nuevo,2024-01-05,crisol,2025-11-09
71235647,Rosa,Pérez,69,Masculino,Pucallpa,Recurrente,2023-01-02,crisol,2025-11-09
70475886,Juan,Salazar,36,Masculino,Ica,Nuevo,2023-12-11,crisol,2025-11-09
393404948,Sofía,Ruiz,47,Otro,Pucallpa,Nuevo,2024-04-28,crisol,2025-11-09
815871165,Carlos,Salazar,61,Masculino,Tacna,Nuevo,2024-01-01,crisol,2025-11-09
454475425,Diego,Vásquez,62,Femenino,Huánuco,Recurrente,2024-05-15,crisol,2025-11-09
405630519,Diego,Flores,22,Otro,Arequipa,Recurrente,2024-07-26,crisol,2025-11-09
624976541,Pedro,Torres,63,Otro,Chiclayo,Nuevo,2024-05-02,crisol,2025-11-09
789790746,Lucía,Herrera,41,Masculino,Ica,Nuevo,2024-04-20,crisol,2025-11-09
704677199,María,Rodríguez,68,Masculino,Piura,Nuevo,2024-06-29,crisol,2025-11-09
616070896,Ana,Castro,47,Otro,Tacna,Recurrente,2023-02-12,crisol,2025-11-09
298215682,Pedro,Torres,32,Masculino,Pucallpa,Nuevo,2023-09-16,crisol,2025-11-09
342615053,Sofía,Ruiz,50,Femenino,Arequipa,Recurrente,2023-03-28,crisol,2025-11-09
692778695,Camila,Flores,47,Otro,Ica,Nuevo,2024-07-05,crisol,2025-11-09
596485690,Javier,Salazar,19,Femenino,Piura,Recurrente,2023-11-16,crisol,2025-11-09
781592059,Andrés,Pérez,33,Otro,Tacna,Recurrente,2023-12-23,crisol,2025-11-09
940998096,Lucía,Flores,38,Otro,Cusco,Recurrente,2024-08-05,crisol,2025-11-09
113862879,Diego,Díaz,58,Femenino,Ica,Recurrente,2023-05-24,crisol,2025-11-09
35399324,Sofía,Herrera,35,Femenino,Piura,Nuevo,2023-08-30,crisol,2025-11-09
626559716,Carlos,Torres,23,Otro,Piura,Nuevo,2023-02-01,crisol,2025-11-09
440854929,Ana,Díaz,38,Femenino,Chiclayo,Nuevo,2023-02-25,crisol,2025-11-09
793368025,Lucía,Salazar,22,Femenino,Ica,Nuevo,2023-10-13,crisol,2025-11-09
199620843,Juan,Salazar,40,Femenino,Tacna,Recurrente,2023-12-11,crisol,2025-11-09
811492871,Ana,Salazar,38,Femenino,Pucallpa,Recurrente,2023-02-06,crisol,2025-11-09
483372357,Diego,Herrera,51,Otro,Piura,Recurrente,2024-04-11,crisol,2025-11-09
502494094,Camila,Díaz,51,Otro,Trujillo,Nuevo,2023-06-18,crisol,2025-11-09
691859606,Camila,Herrera,64,Masculino,Trujillo,Nuevo,2023-02-02,crisol,2025-11-09
794855849,Juan,Torres,67,Masculino,Tacna,Recurrente,2023-10-11,crisol,2025-11-09
23261690,Diego,Flores,57,Femenino,Chiclayo,Recurrente,2023-03-11,crisol,2025-11-09
133997886,Diego,Rodríguez,36,Femenino,Huancayo,Recurrente,2024-01-11,crisol,2025-11-09
717975210,Lucía,Díaz,62,Masculino,Pucallpa,Nuevo,2023-01-24,crisol,2025-11-09
745237218,Luis,Díaz,45,Femenino,Chiclayo,Nuevo,2024-03-04,crisol,2025-11-09
276072076,Luis,Rodríguez,45,Masculino,Trujillo,Nuevo,2024-05-24,crisol,2025-11-09
63666574,Camila,Martínez,54,Otro,Cajamarca,Nuevo,2023-04-28,crisol,2025-11-09
864581639,Juan,García,50,Femenino,Chiclayo,Recurrente,2023-08-25,crisol,2025-11-09
260046848,Carlos,Gonzales,47,Masculino,Ayacucho,Nuevo,2023-10-28,crisol,2025-11-09
240656528,Diego,Flores,19,Femenino,Ica,Nuevo,2024-01-21,crisol,2025-11-09
708032900,José,Flores,51,Otro,Piura,Recurrente,2023-09-20,crisol,2025-11-09
645017365,Diego,Flores,61,Masculino,Trujillo,Nuevo,2023-02-28,crisol,2025-11-09
280012613,Diego,López,50,Masculino,Trujillo,Nuevo,2024-05-27,crisol,2025-11-09
633388949,Valeria,Rodríguez,34,Femenino,Piura,Nuevo,2024-04-23,crisol,2025-11-09
23977994,Luis,Vásquez,51,Masculino,Huancayo,Recurrente,2023-07-16,crisol,2025-11-09
63552476,María,Díaz,45,Femenino,Ica,Nuevo,2023-03-27,crisol,2025-11-09
874102695,Luis,Herrera,40,Otro,Cajamarca,Recurrente,2023-04-10,crisol,2025-11-09
547720594,Diego,García,28,Femenino,Cusco,Nuevo,2024-05-01,crisol,2025-11-09
61063165,Juan,López,35,Masculino,Trujillo,Nuevo,2023-07-22,crisol,2025-11-09
782583034,Rosa,Rodríguez,40,Femenino,Trujillo,Recurrente,2023-10-31,crisol,2025-11-09
30423862,Rosa,Flores,68,Otro,Cusco,Nuevo,2023-05-22,crisol,2025-11-09
338446028,María,Herrera,59,Otro,Huánuco,Nuevo,2023-03-16,crisol,2025-11-09
882206714,Sofía,Martínez,24,Otro,Huancayo,Nuevo,2023-01-28,crisol,2025-11-09
687278212,Carlos,Pérez,42,Masculino,Chiclayo,Nuevo,2024-02-16,crisol,2025-11-09
697519047,Valeria,López,21,Masculino,Cusco,Recurrente,2023-06-30,crisol,2025-11-09
80946577,Andrés,Martínez,34,Masculino,Tacna,Recurrente,2024-03-24,crisol,2025-11-09
702211936,Ana,Ruiz,66,Femenino,Ica,Nuevo,2023-05-20,crisol,2025-11-09
339262602,Diego,Ramos,25,Masculino,Cajamarca,Nuevo,2023-11-17,crisol,2025-11-09
717340574,Diego,Castro,54,Otro,Piura,Nuevo,2023-05-26,crisol,2025-11-09
443548894,Diego,Ruiz,23,Otro,Pucallpa,Recurrente,2023-12-04,crisol,2025-11-09
337781533,Ana,Torres,66,Femenino,Arequipa,Recurrente,2024-02-16,crisol,2025-11-09
569048555,Carlos,Ruiz,59,Otro,Cusco,Nuevo,2023-04-20,crisol,2025-11-09
289600534,Rosa,Castro,55,Otro,Pucallpa,Recurrente,2023-07-07,crisol,2025-11-09
857997308,Ana,Rodríguez,30,Femenino,Arequipa,Nuevo,2023-08-24,crisol,2025-11-09
886349312,Sofía,Díaz,21,Otro,Ica,Recurrente,2023-12-08,crisol,2025-11-09
940485249,Andrés,Rodríguez,50,Otro,Lima,Nuevo,2024-05-22,crisol,2025-11-09
339465903,Juan,Vásquez,49,Otro,Tacna,Nuevo,2024-08-22,crisol,2025-11-09
736721879,Javier,Herrera,58,Femenino,Trujillo,Nuevo,2023-09-23,crisol,2025-11-09
846497861,Diego,Vásquez,36,Masculino,Cusco,Nuevo,2024-04-29,crisol,2025-11-09
528646747,Lucía,Torres,34,Femenino,Trujillo,Recurrente,2024-08-02,crisol,2025-11-09
419315887,Luis,Flores,55,Masculino,Lima,Nuevo,2023-10-17,crisol,2025-11-09
866222423,Juan,Pérez,45,Masculino,Cajamarca,Nuevo,2024-06-07,crisol,2025-11-09
992060624,Carlos,Ramos,37,Otro,Cajamarca,Nuevo,2024-04-13,crisol,2025-11-09
391007852,Diego,Gonzales,69,Masculino,Chiclayo,Nuevo,2023-08-22,crisol,2025-11-09
843056284,Javier,Vásquez,53,Femenino,Tacna,Recurrente,2024-01-24,crisol,2025-11-09
22223990,Valeria,García,26,Masculino,Lima,Recurrente,2023-09-18,crisol,2025-11-09
26153466,Lucía,Rodríguez,41,Femenino,Trujillo,Recurrente,2023-07-22,crisol,2025-11-09
647522418,José,Pérez,23,Femenino,Lima,Nuevo,2023-08-16,crisol,2025-11-09
151757781,Rosa,Salazar,65,Femenino,Chiclayo,Nuevo,2024-07-31,crisol,2025-11-09
153892910,José,Rodríguez,41,Otro,Trujillo,Nuevo,2024-05-03,crisol,2025-11-09
318524165,Ana,García,61,Femenino,Trujillo,Nuevo,2023-05-15,crisol,2025-11-09
399145226,Juan,Salazar,70,Masculino,Ayacucho,Recurrente,2024-08-21,crisol,2025-11-09
319059086,Ana,Salazar,58,Otro,Arequipa,Recurrente,2023-09-22,crisol,2025-11-09
287158911,Carlos,Torres,53,Otro,Cusco,Nuevo,2023-09-06,crisol,2025-11-09
458895501,María,Flores,49,Otro,Pucallpa,Nuevo,2023-09-26,crisol,2025-11-09
360909624,Javier,Flores,37,Otro,Ayacucho,Recurrente,2023-12-29,crisol,2025-11-09
763703626,Valeria,Gonzales,47,Otro,Arequipa,Recurrente,2023-06-27,crisol,2025-11-09
481707808,Camila,López,64,Masculino,Chiclayo,Recurrente,2023-10-22,crisol,2025-11-09
731276146,Camila,Vásquez,60,Masculino,Chiclayo,Recurrente,2024-06-25,crisol,2025-11-09
245437817,Carlos,Vásquez,27,Otro,Pucallpa,Recurrente,2023-06-15,crisol,2025-11-09
229004714,Valeria,López,43,Otro,Huánuco,Nuevo,2023-04-15,crisol,2025-11-09
495714079,José,Herrera,70,Femenino,Ayacucho,Nuevo,2023-10-11,crisol,2025-11-09
43416673,Luis,Ruiz,42,Femenino,Tacna,Nuevo,2023-03-24,crisol,2025-11-09
175417805,Pedro,Ramos,32,Otro,Huancayo,Recurrente,2023-01-17,crisol,2025-11-09
376040516,Juan,Rodríguez,63,Masculino,Arequipa,Recurrente,2023-06-15,crisol,2025-11-09
40652992,Lucía,Flores,59,Femenino,Tacna,Recurrente,2024-01-01,crisol,2025-11-09
182222721,Diego,Herrera,51,Otro,Huánuco,Nuevo,2024-03-06,crisol,2025-11-09
526528785,Lucía,Flores,35,Masculino,Ica,Recurrente,2023-11-22,crisol,2025-11-09
750773057,Luis,López,66,Masculino,Tacna,Recurrente,2024-04-12,crisol,2025-11-09
207797296,Camila,Flores,26,Otro,Chiclayo,Nuevo,2023-08-10,crisol,2025-11-09
652739701,José,Flores,65,Otro,Huánuco,Nuevo,2023-12-19,crisol,2025-11-09
128520130,Juan,Pérez,26,Femenino,Lima,Nuevo,2023-06-19,crisol,2025-11-09
72705460,Luis,López,58,Otro,Pucallpa,Recurrente,2024-06-18,crisol,2025-11-09
413783760,Javier,Castro,60,Femenino,Trujillo,Recurrente,2023-12-18,crisol,2025-11-09
232546789,Rosa,Torres,22,Femenino,Cusco,Nuevo,2023-04-25,crisol,2025-11-09
28288345,Sofía,Rodríguez,18,Otro,Piura,Nuevo,2023-03-09,crisol,2025-11-09
597122627,Lucía,López,19,Otro,Trujillo,Nuevo,2024-01-06,crisol,2025-11-09
55554960,Lucía,Castro,31,Masculino,Chiclayo,Nuevo,2023-08-22,crisol,2025-11-09
113226432,Carlos,Castro,48,Masculino,Pucallpa,Recurrente,2023-11-15,crisol,2025-11-09
555333116,Sofía,Pérez,67,Masculino,Tacna,Recurrente,2024-01-18,crisol,2025-11-09
651264353,Andrés,Vásquez,62,Masculino,Arequipa,Nuevo,2024-07-11,crisol,2025-11-09
768994358,Juan,Pérez,56,Masculino,Chiclayo,Nuevo,2023-01-29,crisol,2025-11-09
602127621,Andrés,Salazar,48,Masculino,Huánuco,Recurrente,2023-05-05,crisol,2025-11-09
560972848,Valeria,Vásquez,66,Femenino,Cusco,Nuevo,2023-11-28,crisol,2025-11-09
612284927,José,Flores,20,Masculino,Ica,Nuevo,2023-12-02,crisol,2025-11-09
870472892,Valeria,Herrera,67,Otro,Arequipa,Recurrente,2023-12-26,crisol,2025-11-09
123467212,Lucía,Gonzales,46,Otro,Lima,Nuevo,2023-07-21,crisol,2025-11-09
14775334,Rosa,Herrera,53,Otro,Arequipa,Nuevo,2024-03-20,crisol,2025-11-09
927416733,Juan,Herrera,56,Femenino,Huancayo,Nuevo,2023-01-13,crisol,2025-11-09
181784499,Diego,Ruiz,35,Masculino,Ica,Recurrente,2023-02-18,crisol,2025-11-09
476421225,Pedro,Salazar,52,Femenino,Chiclayo,Recurrente,2024-06-12,crisol,2025-11-09
752336395,Diego,Torres,38,Femenino,Tacna,Nuevo,2023-01-06,crisol,2025-11-09
631039133,Sofía,Castro,66,Masculino,Pucallpa,Nuevo,2023-10-31,crisol,2025-11-09
664230655,Rosa,Herrera,46,Masculino,Ica,Nuevo,2023-10-26,crisol,2025-11-09
727089220,José,Rodríguez,46,Masculino,Arequipa,Nuevo,2023-12-14,crisol,2025-11-09
112081462,Pedro,Herrera,25,Femenino,Trujillo,Recurrente,2023-02-10,crisol,2025-11-09
331211225,Diego,Herrera,32,Otro,Arequipa,Nuevo,2023-11-28,crisol,2025-11-09
980653282,Juan,Salazar,62,Femenino,Cajamarca,Nuevo,2024-05-13,crisol,2025-11-09
941394290,José,Martínez,60,Masculino,Pucallpa,Recurrente,2023-07-26,crisol,2025-11-09
921607743,Valeria,Herrera,36,Masculino,Cajamarca,Recurrente,2024-01-22,crisol,2025-11-09
482252333,Luis,Pérez,46,Otro,Tacna,Nuevo,2024-03-05,crisol,2025-11-09
605203653,Pedro,Ruiz,62,Femenino,Arequipa,Nuevo,2023-10-05,crisol,2025-11-09
666357953,María,Flores,23,Masculino,Cajamarca,Recurrente,2024-03-23,crisol,2025-11-09
491484105,Andrés,Rodríguez,45,Femenino,Huancayo,Nuevo,2023-08-30,crisol,2025-11-09
701280935,Valeria,Torres,52,Otro,Cusco,Nuevo,2024-04-29,crisol,2025-11-09
56247857,María,Rodríguez,35,Otro,Ica,Recurrente,2023-04-23,crisol,2025-11-09
462954633,Camila,Martínez,40,Otro,Tacna,Nuevo,2023-05-31,crisol,2025-11-09
994609378,Javier,Martínez,33,Femenino,Arequipa,Nuevo,2024-03-26,crisol,2025-11-09
2945231,Luis,Pérez,48,Otro,Piura,Nuevo,2023-12-19,crisol,2025-11-09
73306704,Diego,Díaz,46,Femenino,Cajamarca,Recurrente,2023-07-02,crisol,2025-11-09
463974034,Javier,Ruiz,55,Masculino,Trujillo,Nuevo,2023-08-14,crisol,2025-11-09
717506832,Camila,Rodríguez,48,Masculino,Cusco,Recurrente,2023-05-01,crisol,2025-11-09
151379716,Sofía,Ramos,48,Masculino,Huancayo,Nuevo,2023-09-13,crisol,2025-11-09
5218031,Juan,Díaz,67,Femenino,Chiclayo,Recurrente,2024-08-12,crisol,2025-11-09
374656877,Diego,Castro,25,Femenino,Ica,Nuevo,2023-11-09,crisol,2025-11-09
195022326,Sofía,Flores,42,Femenino,Lima,Nuevo,2024-07-06,crisol,2025-11-09
842329442,Camila,Vásquez,18,Femenino,Chiclayo,Recurrente,2023-08-06,crisol,2025-11-09
437296784,Andrés,Castro,20,Otro,Ica,Nuevo,2023-10-03,crisol,2025-11-09
78570835,Rosa,Herrera,33,Otro,Cajamarca,Nuevo,2023-07-13,crisol,2025-11-09
134228320,Valeria,Díaz,38,Femenino,Ayacucho,Recurrente,2023-10-01,crisol,2025-11-09
661996679,Javier,Salazar,56,Femenino,Ayacucho,Recurrente,2023-01-29,crisol,2025-11-09
790668081,Lucía,Flores,20,Femenino,Lima,Nuevo,2023-10-06,crisol,2025-11-09
405152019,María,Vásquez,35,Masculino,Ica,Recurrente,2023-02-02,crisol,2025-11-09
54633831,Diego,Martínez,64,Otro,Huancayo,Recurrente,2024-05-14,crisol,2025-11-09
331648951,Javier,Martínez,30,Femenino,Arequipa,Nuevo,2024-01-26,crisol,2025-11-09
255938795,Pedro,Herrera,62,Femenino,Cajamarca,Nuevo,2023-03-23,crisol,2025-11-09
973395654,Sofía,Herrera,48,Otro,Chiclayo,Recurrente,2023-01-07,crisol,2025-11-09
793552486,Sofía,Martínez,41,Otro,Cajamarca,Nuevo,2024-06-20,crisol,2025-11-09
160246011,Luis,Flores,52,Otro,Chiclayo,Nuevo,2023-10-08,crisol,2025-11-09
182901102,Lucía,Díaz,41,Masculino,Tacna,Nuevo,2023-04-22,crisol,2025-11-09
779314292,Camila,Castro,50,Otro,Chiclayo,Nuevo,2023-08-01,crisol,2025-11-09
761070397,Luis,Salazar,54,Masculino,Huancayo,Recurrente,2023-05-20,crisol,2025-11-09
220068054,Camila,López,54,Otro,Trujillo,Nuevo,2023-06-13,crisol,2025-11-09
131719103,Sofía,Castro,68,Masculino,Lima,Nuevo,2023-05-06,crisol,2025-11-09
227227170,Rosa,Rodríguez,60,Otro,Lima,Nuevo,2023-10-07,crisol,2025-11-09
549172043,Luis,Herrera,67,Femenino,Cajamarca,Nuevo,2024-05-09,crisol,2025-11-09
76312110,Sofía,Vásquez,70,Otro,Pucallpa,Nuevo,2024-04-20,crisol,2025-11-09
697828576,Camila,Ramos,42,Masculino,Pucallpa,Nuevo,2024-07-15,crisol,2025-11-09
632537547,Rosa,López,54,Masculino,Huancayo,Nuevo,2023-11-14,crisol,2025-11-09
397910590,Lucía,Salazar,43,Femenino,Trujillo,Recurrente,2024-04-05,crisol,2025-11-09
807277180,Rosa,Ramos,41,Femenino,Ayacucho,Nuevo,2024-02-15,crisol,2025-11-09
924843607,Luis,Torres,43,Masculino,Arequipa,Nuevo,2023-01-09,crisol,2025-11-09
537014724,Andrés,Ruiz,39,Otro,Huánuco,Nuevo,2023-11-15,crisol,2025-11-09
353832579,Javier,Gonzales,29,Masculino,Chiclayo,Nuevo,2023-10-22,crisol,2025-11-09
615497085,Valeria,Díaz,51,Femenino,Arequipa,Nuevo,2024-07-25,crisol,2025-11-09
538244493,Lucía,Rodríguez,47,Femenino,Pucallpa,Recurrente,2023-05-26,crisol,2025-11-09
178897501,Juan,Ramos,22,Otro,Ayacucho,Nuevo,2023-02-11,crisol,2025-11-09
444694559,Javier,Castro,28,Otro,Arequipa,Nuevo,2023-08-26,crisol,2025-11-09
692944411,Pedro,Ramos,68,Otro,Pucallpa,Nuevo,2024-01-25,crisol,2025-11-09
859429776,Lucía,Rodríguez,37,Femenino,Cajamarca,Nuevo,2023-02-08,crisol,2025-11-09
263876302,Carlos,Flores,23,Femenino,Ica,Nuevo,2023-04-02,crisol,2025-11-09
584100305,Camila,López,54,Masculino,Ica,Recurrente,2023-03-22,crisol,2025-11-09
116494782,Javier,García,69,Otro,Pucallpa,Recurrente,2024-02-15,crisol,2025-11-09
379719931,Luis,Díaz,52,Femenino,Cusco,Nuevo,2023-11-24,crisol,2025-11-09
398928031,Carlos,Ruiz,36,Femenino,Huánuco,Nuevo,2023-04-17,crisol,2025-11-09
368940707,María,Martínez,30,Femenino,Piura,Nuevo,2023-09-17,crisol,2025-11-09
371989376,Lucía,Ruiz,51,Masculino,Cusco,Nuevo,2024-04-08,crisol,2025-11-09
614040889,Javier,Díaz,30,Otro,Arequipa,Nuevo,2023-04-02,crisol,2025-11-09
705159344,Ana,Gonzales,40,Femenino,Cajamarca,Recurrente,2024-03-18,crisol,2025-11-09
941422451,Ana,Salazar,31,Otro,Ayacucho,Recurrente,2023-12-30,crisol,2025-11-09
762991099,Javier,Ruiz,52,Femenino,Tacna,Nuevo,2024-04-20,crisol,2025-11-09
701503805,Pedro,Herrera,27,Femenino,Tacna,Nuevo,2023-02-17,crisol,2025-11-09
743566856,María,Castro,57,Otro,Piura,Recurrente,2024-03-18,crisol,2025-11-09
138415075,Luis,Vásquez,45,Otro,Pucallpa,Recurrente,2024-03-07,crisol,2025-11-09
755571949,Carlos,Castro,30,Femenino,Trujillo,Recurrente,2024-07-03,crisol,2025-11-09
304896778,Carlos,Ramos,51,Femenino,Huancayo,Nuevo,2024-04-13,crisol,2025-11-09
205341645,José,Torres,54,Otro,Piura,Recurrente,2023-02-19,crisol,2025-11-09
97126238,Rosa,Herrera,18,Masculino,Tacna,Recurrente,2024-05-21,crisol,2025-11-09
873156351,María,Castro,66,Masculino,Tacna,Recurrente,2023-11-17,crisol,2025-11-09
919189171,Camila,Ruiz,61,Masculino,Lima,Nuevo,2024-04-10,crisol,2025-11-09
170558995,María,Herrera,26,Masculino,Trujillo,Recurrente,2024-01-10,crisol,2025-11-09
683910980,María,Castro,20,Otro,Pucallpa,Recurrente,2024-01-27,crisol,2025-11-09
184170200,Rosa,Martínez,70,Otro,Pucallpa,Nuevo,2023-07-07,crisol,2025-11-09
161602831,Juan,García,43,Femenino,Cajamarca,Nuevo,2023-08-30,crisol,2025-11-09
645990552,Ana,Salazar,40,Masculino,Arequipa,Nuevo,2023-07-13,crisol,2025-11-09
785756969,Carlos,Ramos,26,Femenino,Ica,Recurrente,2023-04-04,crisol,2025-11-09
296905994,Juan,López,21,Otro,Chiclayo,Nuevo,2024-06-23,crisol,2025-11-09
899993379,Luis,García,61,Femenino,Huánuco,Nuevo,2023-10-17,crisol,2025-11-09
568245204,Luis,López,66,Femenino,Lima,Nuevo,2024-01-13,crisol,2025-11-09
15550637,Diego,Ruiz,56,Masculino,Ayacucho,Recurrente,2023-07-08,crisol,2025-11-09
553504656,Juan,Vásquez,55,Otro,Piura,Recurrente,2024-04-21,crisol,2025-11-09
26246004,Carlos,Martínez,35,Masculino,Pucallpa,Recurrente,2023-07-27,crisol,2025-11-09
92383671,Juan,Herrera,57,Masculino,Chiclayo,Nuevo,2024-07-24,crisol,2025-11-09
186713234,Ana,Salazar,39,Otro,Ayacucho,Nuevo,2023-05-13,crisol,2025-11-09
812275905,Rosa,Torres,48,Otro,Tacna,Nuevo,2024-03-22,crisol,2025-11-09
380747773,Sofía,Martínez,46,Femenino,Huancayo,Nuevo,2024-03-30,crisol,2025-11-09
383291305,Lucía,López,39,Femenino,Pucallpa,Nuevo,2023-04-20,crisol,2025-11-09
309345608,Lucía,García,29,Femenino,Cajamarca,Nuevo,2023-12-14,crisol,2025-11-09
957042485,Andrés,López,55,Masculino,Trujillo,Recurrente,2023-05-11,crisol,2025-11-09
651993721,Luis,Rodríguez,47,Otro,Lima,Recurrente,2023-03-12,crisol,2025-11-09
371241687,Juan,Herrera,59,Masculino,Ica,Recurrente,2023-08-16,crisol,2025-11-09
683530820,Ana,Castro,21,Femenino,Huánuco,Nuevo,2024-07-06,crisol,2025-11-09
658240337,Andrés,Herrera,39,Otro,Huánuco,Recurrente,2024-04-02,crisol,2025-11-09
508045532,Ana,López,63,Otro,Huancayo,Recurrente,2023-02-14,crisol,2025-11-09
237347724,Lucía,Herrera,25,Otro,Piura,Nuevo,2024-03-28,crisol,2025-11-09
372199072,Valeria,López,54,Otro,Trujillo,Nuevo,2024-04-18,crisol,2025-11-09
717213940,Javier,García,36,Masculino,Huancayo,Recurrente,2023-04-02,crisol,2025-11-09
452498871,Andrés,Rodríguez,29,Masculino,Ayacucho,Nuevo,2023-11-30,crisol,2025-11-09
642140558,María,Pérez,18,Otro,Pucallpa,Recurrente,2023-07-14,crisol,2025-11-09
422919028,Luis,Herrera,31,Femenino,Pucallpa,Nuevo,2023-08-04,crisol,2025-11-09
884454199,Carlos,Ruiz,67,Otro,Trujillo,Recurrente,2023-04-06,crisol,2025-11-09
271530615,Carlos,Rodríguez,62,Otro,Lima,Recurrente,2024-04-19,crisol,2025-11-09
675653481,Carlos,Rodríguez,46,Femenino,Ayacucho,Nuevo,2023-11-23,crisol,2025-11-09
168803559,Lucía,Díaz,21,Otro,Arequipa,Recurrente,2024-04-01,crisol,2025-11-09
989711554,Pedro,Gonzales,60,Femenino,Huancayo,Nuevo,2023-08-12,crisol,2025-11-09
202244658,Pedro,Flores,41,Masculino,Lima,Nuevo,2023-02-14,crisol,2025-11-09
965844078,Juan,Salazar,45,Masculino,Tacna,Recurrente,2023-12-17,crisol,2025-11-09
552417581,Camila,Vásquez,45,Otro,Chiclayo,Recurrente,2023-12-05,crisol,2025-11-09
304605838,José,Gonzales,53,Femenino,Huancayo,Nuevo,2024-07-20,crisol,2025-11-09
706597352,Luis,Torres,59,Masculino,Ica,Nuevo,2024-03-07,crisol,2025-11-09
684749182,Ana,López,29,Otro,Pucallpa,Recurrente,2023-12-29,crisol,2025-11-09
696329331,Diego,Flores,60,Femenino,Arequipa,Nuevo,2023-03-08,crisol,2025-11-09
358828163,Luis,Ruiz,44,Otro,Ica,Nuevo,2024-04-21,crisol,2025-11-09
335660989,Lucía,López,38,Masculino,Arequipa,Nuevo,2024-05-26,crisol,2025-11-09
425076462,Valeria,Salazar,42,Femenino,Ayacucho,Recurrente,2024-01-05,crisol,2025-11-09
980454197,Valeria,Ramos,38,Femenino,Lima,Nuevo,2023-08-23,crisol,2025-11-09
757352096,Ana,Torres,65,Femenino,Huánuco,Nuevo,2024-02-09,crisol,2025-11-09
791093737,Luis,Díaz,34,Otro,Huánuco,Nuevo,2024-07-31,crisol,2025-11-09
171536544,Carlos,Herrera,26,Femenino,Huancayo,Recurrente,2023-12-13,crisol,2025-11-09
379166750,Lucía,Herrera,55,Otro,Cusco,Recurrente,2023-07-22,crisol,2025-11-09
486575921,Andrés,Rodríguez,32,Femenino,Cajamarca,Nuevo,2023-10-07,crisol,2025-11-09
75255019,Luis,Rodríguez,45,Femenino,Ica,Nuevo,2024-04-28,crisol,2025-11-09
49648176,Pedro,García,32,Femenino,Huánuco,Nuevo,2024-07-26,crisol,2025-11-09
153269698,María,Pérez,57,Masculino,Cusco,Recurrente,2023-06-02,crisol,2025-11-09
334360204,Javier,Salazar,30,Otro,Huánuco,Nuevo,2024-01-14,crisol,2025-11-09
35366185,María,Ruiz,61,Otro,Pucallpa,Nuevo,2023-05-17,crisol,2025-11-09
598065524,Luis,Pérez,47,Femenino,Tacna,Recurrente,2023-12-03,crisol,2025-11-09
212747491,Valeria,Pérez,52,Femenino,Arequipa,Recurrente,2023-10-29,crisol,2025-11-09
806943107,Lucía,Ramos,47,Otro,Piura,Nuevo,2024-03-24,crisol,2025-11-09
543076994,Carlos,Martínez,37,Femenino,Cajamarca,Recurrente,2024-01-22,crisol,2025-11-09
652369263,Luis,Ruiz,53,Masculino,Cajamarca,Recurrente,2023-01-05,crisol,2025-11-09
730152261,Valeria,Salazar,37,Masculino,Arequipa,Nuevo,2023-06-12,crisol,2025-11-09
943600450,Andrés,Ruiz,40,Otro,Lima,Nuevo,2023-12-10,crisol,2025-11-09
621998658,Carlos,Gonzales,68,Otro,Cajamarca,Nuevo,2024-05-03,crisol,2025-11-09
851216251,Carlos,Ramos,42,Otro,Trujillo,Recurrente,2023-08-04,crisol,2025-11-09
866717999,Javier,Flores,27,Femenino,Chiclayo,Recurrente,2023-06-12,crisol,2025-11-09
523815955,Ana,Salazar,37,Otro,Cajamarca,Recurrente,2023-06-19,crisol,2025-11-09
508499028,Juan,Ruiz,61,Femenino,Chiclayo,Nuevo,2023-09-04,crisol,2025-11-09
271995243,Andrés,Martínez,45,Femenino,Cajamarca,Nuevo,2023-12-28,crisol,2025-11-09
107513879,Javier,Martínez,56,Otro,Ayacucho,Nuevo,2024-07-13,crisol,2025-11-09
51751396,José,Vásquez,50,Femenino,Huánuco,Nuevo,2024-07-16,crisol,2025-11-09
414586078,Diego,Ruiz,65,Otro,Ayacucho,Nuevo,2024-04-27,crisol,2025-11-09
661504340,Carlos,Martínez,34,Otro,Pucallpa,Recurrente,2023-09-09,crisol,2025-11-09
730338621,Javier,Flores,66,Otro,Tacna,Recurrente,2024-01-04,crisol,2025-11-09
89533692,Pedro,Ramos,57,Otro,Cusco,Nuevo,2023-03-30,crisol,2025-11-09
246475200,Andrés,Martínez,35,Masculino,Arequipa,Recurrente,2023-08-22,crisol,2025-11-09
746683545,Andrés,López,24,Otro,Ica,Nuevo,2023-05-05,crisol,2025-11-09
424173151,Valeria,Ruiz,30,Femenino,Chiclayo,Nuevo,2023-03-11,crisol,2025-11-09
863826336,Carlos,Salazar,68,Masculino,Chiclayo,Recurrente,2023-09-11,crisol,2025-11-09
678215899,Valeria,Díaz,69,Masculino,Huancayo,Recurrente,2023-06-11,crisol,2025-11-09
171737452,Javier,Flores,19,Masculino,Cajamarca,Nuevo,2024-05-28,crisol,2025-11-09
820749113,Sofía,Rodríguez,19,Masculino,Tacna,Nuevo,2024-08-16,crisol,2025-11-09
106736562,Sofía,Rodríguez,31,Masculino,Ica,Nuevo,2024-02-09,crisol,2025-11-09
684145050,Diego,Salazar,31,Otro,Huancayo,Nuevo,2023-01-05,crisol,2025-11-09
637423690,Pedro,Rodríguez,23,Masculino,Chiclayo,Nuevo,2023-09-08,crisol,2025-11-09
131203954,Pedro,Castro,45,Femenino,Huánuco,Nuevo,2023-04-26,crisol,2025-11-09
196422238,Valeria,Gonzales,56,Masculino,Ica,Nuevo,2024-04-12,crisol,2025-11-09
521793264,Andrés,Gonzales,43,Otro,Ayacucho,Recurrente,2023-01-08,crisol,2025-11-09
750713307,Juan,Ruiz,24,Otro,Piura,Recurrente,2023-03-23,crisol,2025-11-09
497049646,José,Vásquez,39,Masculino,Trujillo,Nuevo,2023-10-29,crisol,2025-11-09
912611823,Luis,Díaz,33,Femenino,Ica,Recurrente,2024-06-06,crisol,2025-11-09
976751382,Diego,Torres,25,Femenino,Huancayo,Nuevo,2024-05-19,crisol,2025-11-09
326895286,José,Castro,25,Masculino,Chiclayo,Recurrente,2023-03-01,crisol,2025-11-09
964122731,Camila,Ruiz,53,Femenino,Lima,Nuevo,2023-05-25,crisol,2025-11-09
572345930,Carlos,Herrera,20,Femenino,Lima,Nuevo,2023-09-01,crisol,2025-11-09
705221576,Camila,Ruiz,51,Masculino,Arequipa,Recurrente,2023-07-26,crisol,2025-11-09
303903529,Andrés,Ruiz,54,Otro,Huancayo,Nuevo,2023-07-29,crisol,2025-11-09
180100050,María,Ramos,60,Otro,Lima,Nuevo,2023-08-08,crisol,2025-11-09
191070689,Luis,Ruiz,22,Otro,Ica,Nuevo,2023-12-25,crisol,2025-11-09
200684753,Camila,Torres,42,Masculino,Cusco,Nuevo,2023-02-13,crisol,2025-11-09
949247682,Carlos,García,32,Masculino,Huancayo,Nuevo,2024-07-31,crisol,2025-11-09
371860844,Camila,Martínez,28,Otro,Ayacucho,Nuevo,2024-01-31,crisol,2025-11-09
530543816,Andrés,Pérez,24,Otro,Trujillo,Nuevo,2024-04-01,crisol,2025-11-09
542815871,María,García,69,Femenino,Chiclayo,Recurrente,2024-07-03,crisol,2025-11-09
441774433,Camila,Rodríguez,56,Masculino,Huánuco,Nuevo,2023-12-08,crisol,2025-11-09
202724647,Pedro,Ramos,34,Masculino,Cajamarca,Nuevo,2023-01-17,crisol,2025-11-09
183214810,Carlos,Pérez,57,Otro,Pucallpa,Nuevo,2023-12-13,crisol,2025-11-09
224106796,Andrés,Vásquez,19,Femenino,Tacna,Nuevo,2023-07-22,crisol,2025-11-09
83326316,Valeria,Díaz,35,Masculino,Lima,Recurrente,2023-01-29,crisol,2025-11-09
480347766,Sofía,Flores,38,Masculino,Arequipa,Nuevo,2023-11-24,crisol,2025-11-09
175896782,Pedro,Martínez,44,Femenino,Chiclayo,Nuevo,2024-05-23,crisol,2025-11-09
541388816,Luis,Ramos,46,Otro,Chiclayo,Nuevo,2023-01-08,crisol,2025-11-09
600363977,Andrés,Ruiz,32,Masculino,Tacna,Nuevo,2023-10-07,crisol,2025-11-09
708540067,Luis,Vásquez,20,Femenino,Arequipa,Nuevo,2023-12-02,crisol,2025-11-09
770824400,Javier,Pérez,23,Femenino,Huánuco,Nuevo,2024-04-10,crisol,2025-11-09
688527152,Valeria,Torres,33,Otro,Huánuco,Nuevo,2024-08-01,crisol,2025-11-09
27701181,María,Vásquez,62,Otro,Ica,Nuevo,2024-01-05,crisol,2025-11-09
115899743,María,Flores,28,Masculino,Ica,Nuevo,2024-03-13,crisol,2025-11-09
961418928,Ana,Vásquez,42,Otro,Lima,Nuevo,2023-02-10,crisol,2025-11-09
390709679,Juan,Rodríguez,37,Masculino,Cajamarca,Nuevo,2023-03-09,crisol,2025-11-09
724140148,Lucía,Salazar,63,Femenino,Chiclayo,Recurrente,2023-04-01,crisol,2025-11-09
494875030,Juan,Salazar,43,Femenino,Arequipa,Nuevo,2024-03-26,crisol,2025-11-09
608532796,José,Herrera,50,Otro,Cajamarca,Recurrente,2023-04-02,crisol,2025-11-09
175586427,Javier,Flores,68,Femenino,Lima,Nuevo,2023-01-26,crisol,2025-11-09
330611102,Andrés,Martínez,52,Otro,Huancayo,Recurrente,2024-07-09,crisol,2025-11-09
706140029,Pedro,García,54,Masculino,Huancayo,Nuevo,2023-10-08,crisol,2025-11-09
881484148,Javier,Gonzales,62,Femenino,Chiclayo,Recurrente,2024-02-16,crisol,2025-11-09
498991556,Lucía,Ramos,22,Otro,Cusco,Nuevo,2024-08-01,crisol,2025-11-09
428536668,Camila,Pérez,24,Femenino,Lima,Nuevo,2023-04-07,crisol,2025-11-09
483023258,José,Martínez,39,Masculino,Chiclayo,Recurrente,2024-04-22,crisol,2025-11-09
814306884,Diego,Pérez,26,Masculino,Tacna,Nuevo,2023-01-05,crisol,2025-11-09
270134712,Camila,Gonzales,32,Femenino,Chiclayo,Nuevo,2023-06-16,crisol,2025-11-09
472905822,Lucía,Salazar,26,Femenino,Ica,Recurrente,2023-03-02,crisol,2025-11-09
662787173,Javier,Gonzales,58,Otro,Tacna,Recurrente,2024-06-28,crisol,2025-11-09
287519082,Pedro,Castro,53,Femenino,Trujillo,Nuevo,2024-05-29,crisol,2025-11-09
535637058,Carlos,Torres,28,Otro,Piura,Recurrente,2023-07-14,crisol,2025-11-09
230811883,Andrés,Ruiz,39,Otro,Chiclayo,Recurrente,2023-01-17,crisol,2025-11-09
175459154,Camila,Herrera,34,Masculino,Piura,Nuevo,2024-05-30,crisol,2025-11-09
430445800,Andrés,Ramos,30,Otro,Piura,Recurrente,2023-11-12,crisol,2025-11-09
822261571,José,Martínez,52,Femenino,Pucallpa,Nuevo,2024-04-10,crisol,2025-11-09
266783989,Valeria,Díaz,32,Femenino,Ayacucho,Recurrente,2023-12-22,crisol,2025-11-09
140521405,Camila,López,56,Masculino,Arequipa,Recurrente,2024-03-02,crisol,2025-11-09
710294650,Lucía,Ramos,28,Masculino,Chiclayo,Nuevo,2023-08-20,crisol,2025-11-09
891673761,Ana,Vásquez,37,Masculino,Cajamarca,Recurrente,2023-02-27,crisol,2025-11-09
914935048,María,Ramos,45,Masculino,Ica,Nuevo,2023-03-02,crisol,2025-11-09
125295909,Luis,Ruiz,26,Masculino,Cusco,Nuevo,2023-07-20,crisol,2025-11-09
274261541,Javier,Ruiz,39,Masculino,Cajamarca,Nuevo,2023-06-25,crisol,2025-11-09
858683128,Rosa,Díaz,53,Femenino,Huánuco,Recurrente,2023-07-19,crisol,2025-11-09
391311367,Lucía,Pérez,36,Femenino,Pucallpa,Nuevo,2023-05-01,crisol,2025-11-09
794779964,Javier,Herrera,59,Femenino,Ica,Nuevo,2023-10-25,crisol,2025-11-09
158160210,María,García,24,Femenino,Cusco,Nuevo,2024-08-12,crisol,2025-11-09
284516534,Luis,Castro,39,Femenino,Tacna,Nuevo,2023-03-24,crisol,2025-11-09
678364805,Pedro,Díaz,63,Femenino,Huánuco,Recurrente,2023-11-04,crisol,2025-11-09
406481515,Ana,Díaz,25,Femenino,Huancayo,Nuevo,2023-04-24,crisol,2025-11-09
132087847,Javier,Ramos,35,Femenino,Tacna,Recurrente,2023-09-15,crisol,2025-11-09
709343412,José,Martínez,29,Otro,Piura,Recurrente,2024-03-28,crisol,2025-11-09
186325822,Luis,Torres,64,Masculino,Cusco,Nuevo,2024-06-24,crisol,2025-11-09
947203963,Lucía,Gonzales,66,Otro,Piura,Recurrente,2024-01-04,crisol,2025-11-09
257553591,Rosa,Pérez,21,Femenino,Cusco,Recurrente,2023-09-25,crisol,2025-11-09
395763975,Andrés,García,69,Otro,Ica,Recurrente,2024-05-06,crisol,2025-11-09
948590028,Valeria,Rodríguez,61,Masculino,Lima,Nuevo,2024-04-21,crisol,2025-11-09
872701947,Javier,Díaz,28,Femenino,Cusco,Recurrente,2023-03-20,crisol,2025-11-09
27607052,Camila,Díaz,23,Masculino,Pucallpa,Nuevo,2023-11-04,crisol,2025-11-09
970758214,Ana,Ruiz,48,Otro,Tacna,Recurrente,2024-01-29,crisol,2025-11-09
180379091,Luis,López,65,Masculino,Tacna,Nuevo,2023-10-03,crisol,2025-11-09
678502132,José,Pérez,45,Femenino,Ayacucho,Recurrente,2024-02-03,crisol,2025-11-09
122655545,Camila,Pérez,42,Otro,Tacna,Nuevo,2024-04-01,crisol,2025-11-09
980470904,Luis,Castro,24,Masculino,Trujillo,Recurrente,2023-03-07,crisol,2025-11-09
557135343,Javier,Torres,56,Otro,Tacna,Nuevo,2023-12-13,crisol,2025-11-09
9614516,José,García,67,Femenino,Chiclayo,Nuevo,2024-08-18,crisol,2025-11-09
9651563,María,García,28,Femenino,Lima,Nuevo,2023-07-15,crisol,2025-11-09
87398986,José,Pérez,18,Femenino,Trujillo,Nuevo,2024-05-07,crisol,2025-11-09
177229124,Pedro,Herrera,69,Otro,Arequipa,Nuevo,2024-06-07,crisol,2025-11-09
243562939,Andrés,Rodríguez,25,Masculino,Lima,Nuevo,2023-03-23,crisol,2025-11-09
283761498,Camila,Ruiz,57,Otro,Pucallpa,Nuevo,2023-02-07,crisol,2025-11-09
913181951,Lucía,Castro,43,Femenino,Piura,Recurrente,2024-04-08,crisol,2025-11-09
542513376,Javier,Martínez,28,Masculino,Lima,Recurrente,2023-10-20,crisol,2025-11-09
91028944,Luis,Vásquez,35,Masculino,Pucallpa,Nuevo,2024-05-02,crisol,2025-11-09
239270453,Rosa,Torres,28,Masculino,Ayacucho,Recurrente,2024-03-09,crisol,2025-11-09
72724219,Camila,Gonzales,55,Femenino,Huánuco,Nuevo,2023-11-26,crisol,2025-11-09
794426794,Valeria,Ruiz,56,Femenino,Chiclayo,Recurrente,2024-04-26,crisol,2025-11-09
748966217,José,López,66,Femenino,Ayacucho,Recurrente,2024-05-30,crisol,2025-11-09
183004805,Valeria,López,19,Femenino,Cusco,Nuevo,2024-08-11,crisol,2025-11-09
503830678,Andrés,Vásquez,56,Otro,Arequipa,Recurrente,2023-08-02,crisol,2025-11-09
418708510,Lucía,Ramos,19,Femenino,Pucallpa,Recurrente,2023-04-13,crisol,2025-11-09
43337497,Sofía,Castro,31,Otro,Pucallpa,Recurrente,2024-07-02,crisol,2025-11-09
111000079,Sofía,Pérez,67,Femenino,Ica,Nuevo,2023-08-31,crisol,2025-11-09
366146104,Diego,Ramos,65,Masculino,Huánuco,Nuevo,2024-07-18,crisol,2025-11-09
679327870,José,Castro,58,Femenino,Cajamarca,Recurrente,2024-03-05,crisol,2025-11-09
227073892,Sofía,Martínez,61,Femenino,Cajamarca,Nuevo,2024-05-12,crisol,2025-11-09
350741385,Rosa,García,69,Masculino,Huancayo,Nuevo,2024-05-27,crisol,2025-11-09
312419942,Carlos,Ramos,28,Otro,Huánuco,Nuevo,2023-10-20,crisol,2025-11-09
982340963,María,Díaz,19,Masculino,Pucallpa,Nuevo,2023-10-28,crisol,2025-11-09
65375095,Pedro,Gonzales,68,Otro,Tacna,Nuevo,2024-02-20,crisol,2025-11-09
401043674,Ana,Gonzales,28,Femenino,Tacna,Nuevo,2024-04-09,crisol,2025-11-09
820107822,Camila,Castro,39,Masculino,Chiclayo,Recurrente,2024-03-03,crisol,2025-11-09
989075216,Andrés,Herrera,41,Femenino,Chiclayo,Recurrente,2024-05-12,crisol,2025-11-09
940043203,Rosa,Martínez,53,Otro,Trujillo,Recurrente,2023-06-08,crisol,2025-11-09
354611843,María,Rodríguez,28,Femenino,Ayacucho,Nuevo,2023-10-25,crisol,2025-11-09
450229286,Lucía,Flores,55,Otro,Lima,Nuevo,2024-05-18,crisol,2025-11-09
864828931,Sofía,Flores,28,Masculino,Chiclayo,Nuevo,2023-06-29,crisol,2025-11-09
666971450,Luis,Castro,61,Femenino,Cusco,Recurrente,2023-08-03,crisol,2025-11-09
844538917,Valeria,Ramos,49,Femenino,Tacna,Recurrente,2024-07-31,crisol,2025-11-09
662026892,Juan,Rodríguez,21,Masculino,Tacna,Nuevo,2023-10-03,crisol,2025-11-09
40853120,Lucía,Pérez,21,Otro,Pucallpa,Recurrente,2023-12-17,crisol,2025-11-09
612408666,Camila,García,26,Femenino,Huánuco,Nuevo,2023-11-24,crisol,2025-11-09
504428406,Javier,Gonzales,32,Otro,Arequipa,Nuevo,2023-07-26,crisol,2025-11-09
725543377,Valeria,Vásquez,48,Femenino,Ayacucho,Nuevo,2023-06-14,crisol,2025-11-09
660380228,Luis,Ramos,22,Femenino,Huánuco,Recurrente,2023-06-21,crisol,2025-11-09
23370586,Luis,Pérez,50,Femenino,Huánuco,Nuevo,2023-09-09,crisol,2025-11-09
219572814,Luis,Herrera,44,Masculino,Huancayo,Nuevo,2024-05-25,crisol,2025-11-09
564334046,Lucía,López,46,Masculino,Arequipa,Nuevo,2024-01-27,crisol,2025-11-09
968444330,Sofía,Castro,30,Otro,Ica,Recurrente,2023-02-12,crisol,2025-11-09
308008645,María,Ruiz,57,Masculino,Chiclayo,Nuevo,2024-01-29,crisol,2025-11-09
51829195,Ana,López,65,Otro,Ica,Nuevo,2024-01-18,crisol,2025-11-09
313398899,Luis,García,51,Otro,Pucallpa,Nuevo,2024-03-16,crisol,2025-11-09
58219934,Andrés,Rodríguez,61,Masculino,Tacna,Recurrente,2023-07-23,crisol,2025-11-09
93589290,Ana,Torres,53,Otro,Lima,Recurrente,2023-03-10,crisol,2025-11-09
33731709,Valeria,López,44,Femenino,Ayacucho,Recurrente,2024-02-28,crisol,2025-11-09
535443612,Lucía,Flores,47,Femenino,Ica,Recurrente,2023-12-17,crisol,2025-11-09
821675210,Lucía,Ramos,37,Femenino,Cusco,Nuevo,2023-03-01,crisol,2025-11-09
223367634,Luis,Herrera,50,Masculino,Piura,Nuevo,2023-09-14,crisol,2025-11-09
216941329,Sofía,Flores,65,Otro,Huancayo,Nuevo,2023-02-21,crisol,2025-11-09
150012538,José,Castro,31,Otro,Cusco,Nuevo,2023-08-29,crisol,2025-11-09
883244196,Juan,Díaz,57,Otro,Trujillo,Nuevo,2023-09-13,crisol,2025-11-09
202499395,Andrés,Herrera,23,Masculino,Cusco,Recurrente,2023-03-13,crisol,2025-11-09
334283799,Andrés,Díaz,38,Femenino,Ayacucho,Recurrente,2024-04-20,crisol,2025-11-09
24522138,Carlos,Ramos,34,Masculino,Cajamarca,Nuevo,2024-03-08,crisol,2025-11-09
15253302,José,Torres,36,Otro,Huancayo,Nuevo,2023-05-07,crisol,2025-11-09
801387238,Rosa,Martínez,37,Otro,Chiclayo,Nuevo,2023-04-20,crisol,2025-11-09
971166445,José,Martínez,53,Masculino,Ayacucho,Recurrente,2023-05-20,crisol,2025-11-09
486583194,Camila,Herrera,55,Femenino,Ica,Nuevo,2024-08-20,crisol,2025-11-09
302659471,Juan,Ramos,54,Femenino,Chiclayo,Recurrente,2023-12-20,crisol,2025-11-09
180097415,Andrés,Pérez,28,Masculino,Ayacucho,Recurrente,2024-01-05,crisol,2025-11-09
544652609,Valeria,López,47,Femenino,Trujillo,Nuevo,2024-01-19,crisol,2025-11-09
586475619,Carlos,Díaz,34,Otro,Trujillo,Nuevo,2023-03-28,crisol,2025-11-09
635376835,Andrés,Herrera,70,Otro,Piura,Recurrente,2023-11-04,crisol,2025-11-09
891368209,Valeria,Gonzales,23,Femenino,Tacna,Recurrente,2024-08-19,crisol,2025-11-09
72176546,Camila,Ruiz,62,Otro,Pucallpa,Nuevo,2024-02-08,crisol,2025-11-09
705245807,Luis,Martínez,45,Femenino,Trujillo,Nuevo,2023-09-01,crisol,2025-11-09
885478816,Valeria,Pérez,19,Femenino,Huancayo,Recurrente,2023-06-23,crisol,2025-11-09
325514504,Rosa,Rodríguez,65,Otro,Cajamarca,Nuevo,2024-01-10,crisol,2025-11-09
354585765,Luis,Torres,18,Masculino,Arequipa,Nuevo,2024-05-14,crisol,2025-11-09
643296231,Andrés,Gonzales,66,Masculino,Huancayo,Recurrente,2023-11-05,crisol,2025-11-09
403459059,Lucía,Pérez,65,Otro,Tacna,Recurrente,2024-03-09,crisol,2025-11-09
526232869,Carlos,Flores,59,Femenino,Lima,Recurrente,2024-05-30,crisol,2025-11-09
749126901,Juan,Pérez,69,Otro,Pucallpa,Recurrente,2024-04-17,crisol,2025-11-09
519216225,Javier,Ruiz,20,Otro,Chiclayo,Nuevo,2024-03-09,crisol,2025-11-09
46055904,Andrés,López,24,Femenino,Huancayo,Nuevo,2023-11-02,crisol,2025-11-09
13504290,Camila,Torres,55,Otro,Huánuco,Recurrente,2023-03-31,crisol,2025-11-09
413756943,Javier,Martínez,40,Femenino,Cusco,Recurrente,2024-05-14,crisol,2025-11-09
370774792,Luis,Salazar,29,Otro,Arequipa,Recurrente,2023-07-26,crisol,2025-11-09
933300719,Carlos,Flores,53,Femenino,Chiclayo,Recurrente,2024-05-29,crisol,2025-11-09
363408224,Javier,García,40,Otro,Lima,Nuevo,2024-02-05,crisol,2025-11-09
559493196,Javier,Díaz,22,Femenino,Cusco,Recurrente,2023-04-23,crisol,2025-11-09
743639939,Sofía,Gonzales,44,Otro,Cajamarca,Nuevo,2024-03-07,crisol,2025-11-09
445155098,Pedro,Castro,37,Masculino,Piura,Nuevo,2023-09-02,crisol,2025-11-09
416622173,Luis,Ramos,58,Masculino,Cusco,Nuevo,2024-01-15,crisol,2025-11-09
336707793,María,Ruiz,44,Masculino,Huancayo,Nuevo,2023-12-09,crisol,2025-11-09
445953015,Ana,Rodríguez,26,Femenino,Cusco,Recurrente,2024-06-07,crisol,2025-11-09
159548043,Sofía,Ramos,56,Femenino,Huancayo,Nuevo,2023-03-25,crisol,2025-11-09
156040822,Andrés,Ruiz,45,Otro,Chiclayo,Recurrente,2023-11-16,crisol,2025-11-09
599194084,Rosa,Flores,62,Femenino,Piura,Nuevo,2023-11-08,crisol,2025-11-09
564352740,Lucía,Castro,66,Otro,Tacna,Recurrente,2024-02-23,crisol,2025-11-09
794059771,Ana,García,54,Femenino,Ica,Nuevo,2023-06-15,crisol,2025-11-09
531137796,Andrés,Pérez,34,Otro,Ica,Nuevo,2023-07-07,crisol,2025-11-09
193736238,Diego,Gonzales,70,Otro,Ayacucho,Nuevo,2023-09-14,crisol,2025-11-09
142965635,Ana,Pérez,25,Masculino,Chiclayo,Nuevo,2024-08-23,crisol,2025-11-09
984314513,Camila,Flores,18,Masculino,Chiclayo,Nuevo,2023-04-21,crisol,2025-11-09
808684142,Valeria,García,54,Otro,Cajamarca,Nuevo,2023-01-18,crisol,2025-11-09
898566059,Pedro,Gonzales,60,Femenino,Ica,Recurrente,2023-01-05,crisol,2025-11-09
451037268,Diego,Rodríguez,29,Masculino,Lima,Nuevo,2023-12-23,crisol,2025-11-09
447942258,Lucía,López,59,Otro,Cusco,Nuevo,2024-01-18,crisol,2025-11-09
420469658,Valeria,Ruiz,36,Masculino,Trujillo,Recurrente,2023-11-13,crisol,2025-11-09
859409721,María,Pérez,69,Femenino,Lima,Recurrente,2023-02-06,crisol,2025-11-09
233096437,Rosa,Ruiz,28,Femenino,Ica,Nuevo,2023-05-11,crisol,2025-11-09
331290129,Diego,Díaz,29,Otro,Chiclayo,Nuevo,2024-01-26,crisol,2025-11-09
222284641,Camila,Flores,38,Masculino,Tacna,Recurrente,2023-12-16,crisol,2025-11-09
900926051,José,García,25,Otro,Arequipa,Recurrente,2023-06-04,crisol,2025-11-09
13815497,Ana,Vásquez,52,Masculino,Tacna,Recurrente,2024-08-19,crisol,2025-11-09
353814256,Pedro,Salazar,44,Masculino,Tacna,Nuevo,2023-12-09,crisol,2025-11-09
214609553,Javier,Salazar,60,Masculino,Ayacucho,Nuevo,2023-06-17,crisol,2025-11-09
539573083,Diego,García,47,Femenino,Trujillo,Recurrente,2023-08-03,crisol,2025-11-09
684561815,José,Ramos,42,Femenino,Ica,Nuevo,2023-11-08,crisol,2025-11-09
515569354,Carlos,Díaz,22,Otro,Ica,Nuevo,2023-12-01,crisol,2025-11-09
624394285,Pedro,Martínez,39,Masculino,Ica,Nuevo,2024-05-18,crisol,2025-11-09
656174929,Juan,Ruiz,29,Otro,Tacna,Recurrente,2023-02-01,crisol,2025-11-09
894000632,Ana,Torres,41,Masculino,Cusco,Recurrente,2023-07-22,crisol,2025-11-09
715428448,Camila,García,60,Masculino,Huánuco,Recurrente,2023-12-18,crisol,2025-11-09
135446522,Rosa,Ruiz,46,Otro,Cusco,Nuevo,2023-04-11,crisol,2025-11-09
624968702,Andrés,Gonzales,21,Otro,Ica,Nuevo,2024-02-17,crisol,2025-11-09
538293860,Lucía,Díaz,21,Femenino,Trujillo,Nuevo,2024-02-12,crisol,2025-11-09
354080038,Carlos,Martínez,57,Femenino,Trujillo,Nuevo,2023-03-15,crisol,2025-11-09
537404939,Sofía,Rodríguez,69,Otro,Piura,Recurrente,2023-09-01,crisol,2025-11-09
545115590,Pedro,Herrera,28,Masculino,Ayacucho,Nuevo,2023-05-04,crisol,2025-11-09
296929470,Valeria,Torres,46,Femenino,Cajamarca,Nuevo,2023-04-02,crisol,2025-11-09
264239159,José,Ruiz,23,Femenino,Cusco,Nuevo,2023-12-21,crisol,2025-11-09
147817826,Pedro,Herrera,28,Masculino,Ayacucho,Recurrente,2024-02-01,crisol,2025-11-09
116523358,Rosa,Castro,59,Femenino,Tacna,Nuevo,2024-07-31,crisol,2025-11-09
715552160,Rosa,Pérez,26,Otro,Pucallpa,Nuevo,2023-09-27,crisol,2025-11-09
623201052,Diego,Martínez,30,Otro,Ayacucho,Recurrente,2023-11-24,crisol,2025-11-09
491793488,Lucía,Vásquez,69,Femenino,Cajamarca,Nuevo,2023-09-01,crisol,2025-11-09
986293026,Pedro,Díaz,45,Femenino,Tacna,Nuevo,2023-02-04,crisol,2025-11-09
759171828,Javier,Castro,23,Otro,Cusco,Nuevo,2024-02-14,crisol,2025-11-09
799738261,Lucía,Díaz,30,Masculino,Ica,Nuevo,2024-01-09,crisol,2025-11-09
812599998,Valeria,Flores,30,Femenino,Trujillo,Nuevo,2023-04-30,crisol,2025-11-09
621882750,Diego,Martínez,23,Masculino,Tacna,Nuevo,2024-03-01,crisol,2025-11-09
411094514,María,Díaz,67,Femenino,Tacna,Nuevo,2023-02-05,crisol,2025-11-09
757496122,Pedro,Torres,52,Masculino,Chiclayo,Nuevo,2023-05-24,crisol,2025-11-09
31211294,Javier,Vásquez,32,Otro,Ayacucho,Nuevo,2024-07-16,crisol,2025-11-09
107586643,María,Rodríguez,18,Otro,Piura,Nuevo,2024-05-03,crisol,2025-11-09
460216873,Ana,Torres,28,Masculino,Ica,Recurrente,2023-08-17,crisol,2025-11-09
317009484,Diego,Martínez,50,Masculino,Cajamarca,Nuevo,2024-05-09,crisol,2025-11-09
1032187,Lucía,Salazar,24,Otro,Tacna,Recurrente,2023-12-22,crisol,2025-11-09
435543902,Andrés,Vásquez,38,Femenino,Trujillo,Nuevo,2023-07-18,crisol,2025-11-09
632383729,José,Torres,48,Masculino,Cusco,Nuevo,2024-04-06,crisol,2025-11-09
216065635,Valeria,López,22,Femenino,Pucallpa,Recurrente,2023-01-06,crisol,2025-11-09
633876590,Camila,Gonzales,35,Femenino,Arequipa,Recurrente,2024-05-22,crisol,2025-11-09
801294642,Ana,Ruiz,60,Masculino,Trujillo,Nuevo,2024-05-29,crisol,2025-11-09
460372201,Pedro,García,21,Masculino,Cusco,Nuevo,2023-04-07,crisol,2025-11-09
146671444,Valeria,Flores,29,Femenino,Cajamarca,Nuevo,2023-10-06,crisol,2025-11-09
531864955,Diego,Díaz,21,Otro,Lima,Nuevo,2024-06-12,crisol,2025-11-09
55564896,Luis,Pérez,23,Femenino,Cajamarca,Nuevo,2023-11-20,crisol,2025-11-09
653260690,Diego,Torres,67,Otro,Lima,Nuevo,2023-03-14,crisol,2025-11-09
983939331,Valeria,Salazar,21,Masculino,Chiclayo,Nuevo,2024-06-02,crisol,2025-11-09
343840059,Luis,Ramos,46,Otro,Ica,Recurrente,2024-05-23,crisol,2025-11-09
303930401,Ana,Vásquez,43,Otro,Ica,Recurrente,2023-02-03,crisol,2025-11-09
595360024,Valeria,Martínez,24,Masculino,Huancayo,Nuevo,2023-11-22,crisol,2025-11-09
617659642,José,Torres,22,Otro,Ica,Nuevo,2023-07-25,crisol,2025-11-09
14251059,Sofía,Martínez,26,Otro,Arequipa,Recurrente,2023-06-29,crisol,2025-11-09
384895523,Andrés,García,24,Masculino,Piura,Recurrente,2023-07-21,crisol,2025-11-09
811422524,Sofía,Castro,37,Otro,Lima,Nuevo,2023-06-20,crisol,2025-11-09
710636191,Valeria,Martínez,22,Masculino,Cusco,Nuevo,2023-02-07,crisol,2025-11-09
782433435,Andrés,López,66,Masculino,Ica,Nuevo,2024-04-03,crisol,2025-11-09
729480182,José,Torres,42,Femenino,Lima,Recurrente,2024-02-01,crisol,2025-11-09
892699181,Carlos,Vásquez,64,Otro,Piura,Recurrente,2023-03-14,crisol,2025-11-09
960186890,Ana,Flores,37,Masculino,Tacna,Nuevo,2024-04-26,crisol,2025-11-09
590679656,Ana,Díaz,47,Femenino,Pucallpa,Recurrente,2023-07-19,crisol,2025-11-09
22921375,Pedro,García,50,Masculino,Cajamarca,Nuevo,2024-08-05,crisol,2025-11-09
713511428,Ana,Salazar,57,Otro,Chiclayo,Recurrente,2023-07-04,crisol,2025-11-09
413206522,Diego,Ramos,33,Otro,Huánuco,Recurrente,2024-04-28,crisol,2025-11-09
131434979,Sofía,Herrera,37,Otro,Huancayo,Nuevo,2023-05-01,crisol,2025-11-09
238866740,Ana,Vásquez,24,Masculino,Chiclayo,Nuevo,2023-02-27,crisol,2025-11-09
366275032,Lucía,Vásquez,46,Femenino,Chiclayo,Nuevo,2023-05-20,crisol,2025-11-09
756285121,Diego,Vásquez,70,Otro,Arequipa,Nuevo,2023-05-19,crisol,2025-11-09
819521989,Juan,Vásquez,32,Masculino,Huánuco,Nuevo,2024-03-30,crisol,2025-11-09
343156880,Diego,Torres,35,Masculino,Cusco,Nuevo,2023-07-10,crisol,2025-11-09
255794389,Andrés,Vásquez,18,Masculino,Cajamarca,Nuevo,2024-03-24,crisol,2025-11-09
524848555,Pedro,Torres,25,Otro,Tacna,Nuevo,2024-04-28,crisol,2025-11-09
711236098,Javier,Rodríguez,42,Femenino,Cusco,Recurrente,2024-04-21,crisol,2025-11-09
68874476,Ana,Herrera,43,Femenino,Piura,Recurrente,2024-05-03,crisol,2025-11-09
277845333,Camila,Gonzales,24,Otro,Ayacucho,Nuevo,2023-08-23,crisol,2025-11-09
485983649,Sofía,Flores,29,Femenino,Chiclayo,Recurrente,2023-11-01,crisol,2025-11-09
727914076,Diego,Vásquez,51,Otro,Huánuco,Recurrente,2023-11-27,crisol,2025-11-09
149782614,Camila,Ramos,59,Otro,Piura,Recurrente,2023-04-26,crisol,2025-11-09
876572739,Pedro,Gonzales,24,Masculino,Huancayo,Nuevo,2024-03-19,crisol,2025-11-09
511448180,Javier,López,68,Masculino,Arequipa,Recurrente,2023-03-18,crisol,2025-11-09
343347181,Lucía,Ramos,36,Otro,Cajamarca,Nuevo,2023-02-07,crisol,2025-11-09
696868551,Sofía,Pérez,60,Femenino,Trujillo,Recurrente,2024-06-28,crisol,2025-11-09
9927214,Valeria,Díaz,30,Otro,Ayacucho,Nuevo,2023-03-11,crisol,2025-11-09
922860725,Valeria,López,34,Femenino,Cusco,Recurrente,2023-07-01,crisol,2025-11-09
815401870,Lucía,Gonzales,50,Femenino,Lima,Nuevo,2023-11-03,crisol,2025-11-09
801606372,Camila,Herrera,40,Femenino,Ica,Recurrente,2023-07-31,crisol,2025-11-09
834754467,Pedro,Castro,27,Masculino,Pucallpa,Recurrente,2024-01-04,crisol,2025-11-09
148613067,Luis,Flores,38,Femenino,Lima,Nuevo,2023-11-21,crisol,2025-11-09
927257044,Javier,Vásquez,39,Otro,Chiclayo,Recurrente,2023-05-17,crisol,2025-11-09
432104318,Ana,Díaz,52,Masculino,Tacna,Nuevo,2023-06-20,crisol,2025-11-09
289205485,Andrés,Ruiz,27,Femenino,Huancayo,Nuevo,2024-06-21,crisol,2025-11-09
802558734,Andrés,Ramos,67,Masculino,Ayacucho,Recurrente,2024-06-07,crisol,2025-11-09
976326045,Andrés,Ramos,55,Femenino,Ayacucho,Nuevo,2024-03-03,crisol,2025-11-09
776679394,Diego,Rodríguez,31,Otro,Chiclayo,Nuevo,2024-07-23,crisol,2025-11-09
369949756,Andrés,Martínez,48,Otro,Trujillo,Nuevo,2023-07-09,crisol,2025-11-09
443678850,Pedro,García,54,Masculino,Huancayo,Recurrente,2023-06-08,crisol,2025-11-09
192042049,Camila,Castro,35,Masculino,Trujillo,Recurrente,2023-06-29,crisol,2025-11-09
753442267,Ana,Rodríguez,50,Otro,Lima,Recurrente,2024-02-06,crisol,2025-11-09
199103734,Sofía,López,61,Otro,Pucallpa,Recurrente,2023-04-08,crisol,2025-11-09
978646953,Pedro,Gonzales,35,Femenino,Cusco,Nuevo,2024-07-06,crisol,2025-11-09
658113696,Carlos,Gonzales,52,Otro,Ica,Nuevo,2023-01-04,crisol,2025-11-09
54939027,Javier,López,40,Femenino,Ica,Nuevo,2023-06-12,crisol,2025-11-09
542332319,Carlos,Ramos,48,Masculino,Cusco,Recurrente,2023-01-10,crisol,2025-11-09
331090104,Lucía,Castro,70,Otro,Cajamarca,Nuevo,2023-04-13,crisol,2025-11-09
458092969,Rosa,Flores,50,Otro,Ayacucho,Nuevo,2023-05-23,crisol,2025-11-09
99190676,Ana,Rodríguez,67,Otro,Trujillo,Nuevo,2024-06-21,crisol,2025-11-09
448637545,Carlos,Vásquez,52,Femenino,Arequipa,Nuevo,2023-10-27,crisol,2025-11-09
671203352,Ana,Martínez,46,Femenino,Lima,Recurrente,2024-06-20,crisol,2025-11-09
884769212,Rosa,Díaz,29,Masculino,Lima,Nuevo,2024-01-06,crisol,2025-11-09
584518140,Lucía,Rodríguez,51,Otro,Trujillo,Recurrente,2023-10-24,crisol,2025-11-09
424192724,Lucía,Herrera,60,Masculino,Cajamarca,Nuevo,2024-02-11,crisol,2025-11-09
217279594,Ana,Pérez,53,Femenino,Cajamarca,Nuevo,2024-04-25,crisol,2025-11-09
169326272,Camila,Ramos,27,Otro,Trujillo,Nuevo,2023-08-01,crisol,2025-11-09
752691655,Javier,Ramos,37,Otro,Lima,Nuevo,2023-10-18,crisol,2025-11-09
840621173,Javier,Salazar,49,Femenino,Piura,Nuevo,2023-04-03,crisol,2025-11-09
465045321,Diego,López,34,Otro,Ayacucho,Nuevo,2023-02-05,crisol,2025-11-09
245605587,María,Pérez,63,Otro,Huancayo,Nuevo,2023-08-29,crisol,2025-11-09
825281656,José,Ramos,29,Masculino,Arequipa,Nuevo,2023-11-22,crisol,2025-11-09
328594048,María,Martínez,66,Masculino,Arequipa,Recurrente,2024-04-09,crisol,2025-11-09
660696350,Javier,Herrera,42,Masculino,Huánuco,Recurrente,2023-12-27,crisol,2025-11-09
81553424,Diego,Vásquez,24,Otro,Lima,Nuevo,2024-06-23,crisol,2025-11-09
458476500,María,Pérez,42,Otro,Trujillo,Nuevo,2023-02-14,crisol,2025-11-09
794325273,Andrés,Flores,21,Masculino,Cajamarca,Recurrente,2023-10-31,crisol,2025-11-09
449724964,Valeria,Pérez,58,Masculino,Chiclayo,Nuevo,2023-12-10,crisol,2025-11-09
213944803,Pedro,Vásquez,58,Otro,Huancayo,Recurrente,2024-01-24,crisol,2025-11-09
956927280,Rosa,Rodríguez,37,Femenino,Huancayo,Recurrente,2024-03-02,crisol,2025-11-09
417536867,Andrés,Torres,52,Otro,Pucallpa,Nuevo,2024-04-26,crisol,2025-11-09
938064215,Javier,López,70,Masculino,Huancayo,Nuevo,2023-02-27,crisol,2025-11-09
939365012,Carlos,Herrera,61,Femenino,Huánuco,Recurrente,2024-06-21,crisol,2025-11-09
614433173,Ana,Gonzales,35,Otro,Pucallpa,Recurrente,2023-01-15,crisol,2025-11-09
494903740,María,Flores,22,Otro,Lima,Recurrente,2023-06-25,crisol,2025-11-09
662010082,Pedro,Gonzales,19,Masculino,Ica,Recurrente,2023-01-27,crisol,2025-11-09
371575802,Andrés,Herrera,65,Masculino,Cajamarca,Nuevo,2023-04-07,crisol,2025-11-09
271207317,Pedro,Gonzales,32,Masculino,Tacna,Nuevo,2023-05-05,crisol,2025-11-09
536458573,Diego,García,34,Femenino,Piura,Recurrente,2024-01-01,crisol,2025-11-09
274306340,Camila,Flores,22,Masculino,Piura,Recurrente,2024-07-19,crisol,2025-11-09
746250894,Carlos,Martínez,66,Otro,Huánuco,Nuevo,2023-07-04,crisol,2025-11-09
545079989,Andrés,Herrera,53,Masculino,Cusco,Recurrente,2023-07-05,crisol,2025-11-09
51065722,Pedro,Castro,61,Femenino,Huánuco,Nuevo,2024-03-27,crisol,2025-11-09
937311608,José,Díaz,18,Masculino,Huánuco,Nuevo,2024-03-16,crisol,2025-11-09
178503728,Sofía,Pérez,38,Masculino,Chiclayo,Recurrente,2023-05-20,crisol,2025-11-09
299098808,Camila,Herrera,56,Masculino,Ica,Recurrente,2023-10-30,crisol,2025-11-09
256205304,Juan,López,70,Otro,Trujillo,Nuevo,2023-02-16,crisol,2025-11-09
796575875,Diego,Rodríguez,49,Femenino,Piura,Nuevo,2023-06-05,crisol,2025-11-09
846459838,Ana,Díaz,32,Otro,Pucallpa,Nuevo,2023-08-26,crisol,2025-11-09
517362422,Andrés,Ramos,40,Femenino,Ica,Nuevo,2023-09-30,crisol,2025-11-09
165742617,Rosa,Ruiz,53,Femenino,Ayacucho,Nuevo,2023-07-15,crisol,2025-11-09
241339075,Juan,Díaz,44,Otro,Pucallpa,Recurrente,2023-10-22,crisol,2025-11-09
597671664,José,Salazar,33,Masculino,Piura,Recurrente,2024-06-11,crisol,2025-11-09
342870855,Diego,Pérez,39,Masculino,Trujillo,Recurrente,2024-06-07,crisol,2025-11-09
917985821,Lucía,Salazar,24,Femenino,Piura,Nuevo,2023-11-19,crisol,2025-11-09
126613964,Pedro,Rodríguez,31,Femenino,Chiclayo,Nuevo,2023-03-02,crisol,2025-11-09
659587793,Juan,Torres,34,Femenino,Pucallpa,Nuevo,2023-08-26,crisol,2025-11-09
609885449,María,Ruiz,22,Femenino,Huancayo,Nuevo,2023-09-15,crisol,2025-11-09
917093664,Camila,Pérez,19,Masculino,Ayacucho,Nuevo,2024-02-08,crisol,2025-11-09
566799643,Andrés,Herrera,50,Otro,Pucallpa,Recurrente,2024-06-26,crisol,2025-11-09
425339202,Sofía,Salazar,49,Masculino,Chiclayo,Nuevo,2023-10-12,crisol,2025-11-09
643037687,José,Ramos,42,Masculino,Chiclayo,Nuevo,2024-02-08,crisol,2025-11-09
406352821,Camila,Pérez,67,Femenino,Trujillo,Nuevo,2023-04-17,crisol,2025-11-09
158892069,Juan,Díaz,24,Otro,Lima,Nuevo,2024-06-13,crisol,2025-11-09
638030342,Ana,Díaz,58,Masculino,Cusco,Recurrente,2023-05-16,crisol,2025-11-09
848811210,Pedro,Salazar,55,Otro,Pucallpa,Nuevo,2023-08-10,crisol,2025-11-09
623698076,Ana,Flores,41,Masculino,Cajamarca,Nuevo,2024-02-10,crisol,2025-11-09
652513351,Diego,Ruiz,39,Femenino,Chiclayo,Nuevo,2024-03-16,crisol,2025-11-09
449614024,Pedro,Martínez,53,Masculino,Ica,Recurrente,2023-04-12,crisol,2025-11-09
458867549,Ana,Ramos,48,Otro,Huancayo,Nuevo,2023-06-03,crisol,2025-11-09
280917525,Rosa,Salazar,53,Masculino,Ica,Nuevo,2024-05-14,crisol,2025-11-09
413899217,Javier,Martínez,28,Otro,Arequipa,Nuevo,2023-08-14,crisol,2025-11-09
12266495,Ana,Castro,66,Femenino,Ica,Nuevo,2023-05-19,crisol,2025-11-09
795102806,Camila,Herrera,43,Masculino,Arequipa,Recurrente,2023-12-21,crisol,2025-11-09
202084675,Carlos,Castro,69,Otro,Chiclayo,Recurrente,2023-10-25,crisol,2025-11-09
756790471,Rosa,Pérez,23,Masculino,Pucallpa,Recurrente,2024-05-15,crisol,2025-11-09
897398533,Camila,Martínez,47,Femenino,Pucallpa,Recurrente,2023-07-26,crisol,2025-11-09
721513962,Rosa,Salazar,46,Femenino,Lima,Nuevo,2023-02-10,crisol,2025-11-09
618393205,José,Torres,52,Masculino,Piura,Nuevo,2024-02-03,crisol,2025-11-09
923619449,Sofía,Castro,48,Femenino,Ica,Recurrente,2023-04-07,crisol,2025-11-09
837298750,Javier,Pérez,60,Masculino,Trujillo,Recurrente,2023-01-22,crisol,2025-11-09
368425599,Lucía,López,43,Otro,Ayacucho,Nuevo,2023-02-22,crisol,2025-11-09
557152599,Rosa,Ruiz,19,Femenino,Trujillo,Nuevo,2024-05-23,crisol,2025-11-09
948819131,Sofía,Ramos,57,Otro,Pucallpa,Recurrente,2023-02-02,crisol,2025-11-09
508739622,Rosa,Ruiz,28,Masculino,Tacna,Nuevo,2024-06-02,crisol,2025-11-09
489964944,Andrés,Torres,69,Masculino,Tacna,Recurrente,2024-08-13,crisol,2025-11-09
631568083,María,Ramos,38,Otro,Chiclayo,Nuevo,2024-02-25,crisol,2025-11-09
265479489,Luis,Flores,22,Masculino,Lima,Nuevo,2023-12-06,crisol,2025-11-09
472074573,Pedro,Herrera,63,Femenino,Chiclayo,Recurrente,2023-04-24,crisol,2025-11-09
156107925,José,Gonzales,69,Femenino,Ayacucho,Nuevo,2023-03-10,crisol,2025-11-09
594023099,Carlos,Vásquez,67,Otro,Huancayo,Nuevo,2024-05-17,crisol,2025-11-09
814046512,Pedro,Castro,59,Otro,Arequipa,Nuevo,2023-06-18,crisol,2025-11-09
277298808,Valeria,Salazar,55,Masculino,Piura,Recurrente,2023-01-27,crisol,2025-11-09
685236135,Pedro,Martínez,24,Otro,Ayacucho,Nuevo,2024-07-27,crisol,2025-11-09
835786494,Sofía,Herrera,41,Masculino,Chiclayo,Recurrente,2023-03-05,crisol,2025-11-09
758230584,Diego,Martínez,31,Femenino,Cajamarca,Nuevo,2024-06-26,crisol,2025-11-09
344526081,Sofía,Castro,43,Femenino,Lima,Nuevo,2023-05-07,crisol,2025-11-09
467300149,Diego,Castro,34,Femenino,Arequipa,Recurrente,2023-04-08,crisol,2025-11-09
290966171,Camila,Martínez,18,Masculino,Lima,Recurrente,2023-10-06,crisol,2025-11-09
38879378,Diego,Torres,41,Femenino,Lima,Nuevo,2023-05-06,crisol,2025-11-09
54670793,Camila,Ramos,37,Masculino,Chiclayo,Recurrente,2024-05-12,crisol,2025-11-09
170624998,Valeria,Ramos,51,Otro,Huánuco,Nuevo,2024-07-29,crisol,2025-11-09
540417002,Andrés,Herrera,39,Otro,Trujillo,Nuevo,2024-04-09,crisol,2025-11-09
992063396,Ana,Ruiz,35,Femenino,Piura,Recurrente,2024-08-12,crisol,2025-11-09
883510474,Camila,Castro,27,Femenino,Huancayo,Recurrente,2024-05-06,crisol,2025-11-09
740509744,Ana,Flores,44,Femenino,Tacna,Recurrente,2023-11-26,crisol,2025-11-09
296201650,Lucía,Ruiz,41,Otro,Chiclayo,Recurrente,2023-09-07,crisol,2025-11-09
715997897,Lucía,Herrera,22,Masculino,Ayacucho,Nuevo,2023-05-27,crisol,2025-11-09
380755542,Andrés,Ruiz,55,Masculino,Trujillo,Nuevo,2024-05-22,crisol,2025-11-09
493481680,María,Díaz,38,Masculino,Ayacucho,Nuevo,2023-04-20,crisol,2025-11-09
510525471,Luis,Herrera,32,Otro,Lima,Nuevo,2023-06-11,crisol,2025-11-09
376018232,José,Flores,21,Masculino,Pucallpa,Nuevo,2023-04-12,crisol,2025-11-09
439169815,Andrés,Ramos,49,Femenino,Cusco,Nuevo,2023-01-01,crisol,2025-11-09
470104074,María,Rodríguez,46,Otro,Ayacucho,Recurrente,2024-04-24,crisol,2025-11-09
110150760,Lucía,Ramos,31,Otro,Cusco,Nuevo,2023-10-30,crisol,2025-11-09
191606964,Camila,Torres,28,Otro,Ayacucho,Recurrente,2023-01-25,crisol,2025-11-09
738255636,Luis,López,50,Otro,Tacna,Nuevo,2024-02-21,crisol,2025-11-09
495913026,José,Rodríguez,28,Femenino,Lima,Nuevo,2023-12-23,crisol,2025-11-09
335019035,Ana,García,43,Otro,Ica,Nuevo,2023-11-23,crisol,2025-11-09
547903713,Luis,Ramos,35,Femenino,Huánuco,Nuevo,2023-02-25,crisol,2025-11-09
887083769,Luis,Ramos,69,Femenino,Arequipa,Nuevo,2023-02-15,crisol,2025-11-09
732349194,Ana,Ramos,57,Masculino,Cajamarca,Recurrente,2023-04-21,crisol,2025-11-09
343889938,Camila,Flores,62,Femenino,Lima,Recurrente,2023-07-09,crisol,2025-11-09
421842038,Javier,García,33,Femenino,Lima,Recurrente,2024-04-27,crisol,2025-11-09
243132816,María,Vásquez,26,Masculino,Trujillo,Recurrente,2023-02-26,crisol,2025-11-09
875676468,Rosa,Ruiz,45,Femenino,Chiclayo,Nuevo,2023-11-27,crisol,2025-11-09
307613081,Andrés,Pérez,38,Masculino,Ayacucho,Recurrente,2023-10-12,crisol,2025-11-09
168332897,Andrés,Salazar,25,Otro,Cajamarca,Recurrente,2023-10-12,crisol,2025-11-09
237570371,Sofía,López,62,Masculino,Arequipa,Recurrente,2023-03-17,crisol,2025-11-09
500752195,Pedro,Salazar,18,Femenino,Arequipa,Recurrente,2023-09-03,crisol,2025-11-09
557587546,Juan,Gonzales,46,Masculino,Huánuco,Nuevo,2024-01-23,crisol,2025-11-09
832973017,Diego,Torres,53,Otro,Arequipa,Nuevo,2024-01-01,crisol,2025-11-09
356749081,Rosa,Gonzales,26,Femenino,Huancayo,Nuevo,2023-01-31,crisol,2025-11-09
472948337,Juan,Ruiz,40,Otro,Cusco,Recurrente,2023-01-09,crisol,2025-11-09
391024674,Carlos,Castro,41,Masculino,Arequipa,Nuevo,2024-05-19,crisol,2025-11-09
955075785,Diego,Martínez,36,Masculino,Huánuco,Recurrente,2023-12-18,crisol,2025-11-09
996847179,Andrés,Castro,55,Otro,Arequipa,Nuevo,2023-06-27,crisol,2025-11-09
341410952,Pedro,Ramos,56,Masculino,Cajamarca,Nuevo,2024-03-17,crisol,2025-11-09
26795920,Juan,Ramos,59,Masculino,Cusco,Recurrente,2023-03-06,crisol,2025-11-09
393209070,María,Torres,69,Otro,Trujillo,Nuevo,2024-01-07,crisol,2025-11-09
81127927,Rosa,Castro,30,Femenino,Arequipa,Nuevo,2023-12-09,crisol,2025-11-09
233946432,María,Vásquez,29,Femenino,Trujillo,Nuevo,2023-09-15,crisol,2025-11-09
866761656,Rosa,Gonzales,51,Otro,Lima,Recurrente,2024-05-19,crisol,2025-11-09
454311349,Camila,Rodríguez,25,Masculino,Pucallpa,Nuevo,2023-04-02,crisol,2025-11-09
425965280,Luis,Salazar,42,Masculino,Cusco,Nuevo,2024-03-17,crisol,2025-11-09
826804106,Sofía,López,27,Masculino,Huánuco,Recurrente,2023-09-25,crisol,2025-11-09
969532631,Javier,Flores,46,Masculino,Ayacucho,Recurrente,2023-04-08,crisol,2025-11-09
2588890,María,Martínez,51,Otro,Huancayo,Nuevo,2024-03-29,crisol,2025-11-09
77633372,Valeria,Díaz,52,Femenino,Lima,Recurrente,2024-07-22,crisol,2025-11-09
645416278,Javier,Salazar,34,Masculino,Chiclayo,Recurrente,2023-11-06,crisol,2025-11-09
594641788,Andrés,Flores,59,Otro,Ayacucho,Recurrente,2023-05-20,crisol,2025-11-09
960184570,José,Díaz,25,Femenino,Trujillo,Recurrente,2023-09-13,crisol,2025-11-09
8896993,Camila,Pérez,51,Masculino,Cusco,Nuevo,2023-01-13,crisol,2025-11-09
354013170,Rosa,Salazar,50,Masculino,Arequipa,Nuevo,2023-01-17,crisol,2025-11-09
206792166,Ana,Martínez,63,Masculino,Cusco,Recurrente,2024-07-20,crisol,2025-11-09
900707080,Camila,García,62,Otro,Lima,Nuevo,2023-08-15,crisol,2025-11-09
366440478,Andrés,Díaz,64,Otro,Cajamarca,Recurrente,2023-02-08,crisol,2025-11-09
681572304,Carlos,García,67,Masculino,Huancayo,Nuevo,2024-02-29,crisol,2025-11-09
610310179,Luis,Ramos,19,Masculino,Tacna,Nuevo,2023-10-25,crisol,2025-11-09
972506909,José,Torres,45,Femenino,Huánuco,Nuevo,2023-06-02,crisol,2025-11-09
757688834,Andrés,Ruiz,64,Femenino,Piura,Nuevo,2023-07-14,crisol,2025-11-09
425780484,Diego,Rodríguez,21,Femenino,Trujillo,Nuevo,2024-06-05,crisol,2025-11-09
884317098,Pedro,Flores,34,Otro,Ayacucho,Recurrente,2023-03-18,crisol,2025-11-09
909711750,Carlos,Ramos,18,Otro,Huánuco,Nuevo,2023-08-18,crisol,2025-11-09
84863135,Camila,Vásquez,34,Otro,Cajamarca,Nuevo,2023-12-29,crisol,2025-11-09
531970638,Camila,Herrera,25,Femenino,Cajamarca,Nuevo,2024-06-08,crisol,2025-11-09
678302485,María,López,19,Femenino,Piura,Recurrente,2023-02-28,crisol,2025-11-09
325565329,Ana,Herrera,50,Otro,Tacna,Recurrente,2023-10-25,crisol,2025-11-09
697121803,María,Ramos,35,Femenino,Lima,Nuevo,2023-05-28,crisol,2025-11-09
940209317,Camila,Ruiz,54,Femenino,Ica,Recurrente,2023-05-14,crisol,2025-11-09
825560694,Carlos,Vásquez,32,Masculino,Chiclayo,Recurrente,2023-10-05,crisol,2025-11-09
959222492,Camila,Díaz,49,Femenino,Pucallpa,Nuevo,2023-07-10,crisol,2025-11-09
443692542,María,Herrera,31,Otro,Piura,Nuevo,2024-01-07,crisol,2025-11-09
526141484,Luis,Gonzales,52,Femenino,Huancayo,Nuevo,2023-01-14,crisol,2025-11-09
738551078,Sofía,Vásquez,50,Masculino,Piura,Nuevo,2023-02-07,crisol,2025-11-09
556282200,Ana,Gonzales,35,Otro,Pucallpa,Recurrente,2024-04-30,crisol,2025-11-09
552932133,Pedro,Gonzales,54,Otro,Arequipa,Nuevo,2023-06-26,crisol,2025-11-09
16296877,José,Castro,42,Femenino,Cajamarca,Recurrente,2023-07-02,crisol,2025-11-09
397774000,Andrés,Herrera,56,Femenino,Trujillo,Nuevo,2024-04-14,crisol,2025-11-09
467712352,Camila,Rodríguez,26,Masculino,Cajamarca,Nuevo,2023-03-26,crisol,2025-11-09
865651180,Carlos,Torres,39,Masculino,Pucallpa,Nuevo,2023-07-30,crisol,2025-11-09
658227323,Camila,Castro,63,Femenino,Cusco,Recurrente,2024-04-26,crisol,2025-11-09
896604115,Pedro,Vásquez,65,Masculino,Huánuco,Recurrente,2023-05-18,crisol,2025-11-09
959943468,Pedro,Pérez,23,Femenino,Chiclayo,Nuevo,2023-01-28,crisol,2025-11-09
451502829,Carlos,Castro,36,Femenino,Lima,Nuevo,2024-01-31,crisol,2025-11-09
709249644,Diego,Castro,36,Femenino,Chiclayo,Nuevo,2024-01-09,crisol,2025-11-09
716127810,Ana,Martínez,24,Otro,Pucallpa,Recurrente,2023-03-16,crisol,2025-11-09
32911004,Camila,López,29,Masculino,Ayacucho,Recurrente,2024-06-25,crisol,2025-11-09
462979917,Rosa,Salazar,65,Femenino,Chiclayo,Recurrente,2023-02-21,crisol,2025-11-09
953950473,José,Ramos,58,Femenino,Ayacucho,Nuevo,2024-05-08,crisol,2025-11-09
693529453,Andrés,Rodríguez,66,Masculino,Ayacucho,Recurrente,2023-03-23,crisol,2025-11-09
710674813,Rosa,Pérez,36,Masculino,Arequipa,Nuevo,2023-09-14,crisol,2025-11-09
265106435,Camila,Torres,53,Masculino,Cajamarca,Nuevo,2023-03-28,crisol,2025-11-09
689783519,Pedro,Torres,48,Otro,Chiclayo,Recurrente,2023-12-21,crisol,2025-11-09
691865703,Ana,López,65,Femenino,Huánuco,Nuevo,2023-08-05,crisol,2025-11-09
635089136,Ana,Castro,26,Masculino,Pucallpa,Nuevo,2024-05-19,crisol,2025-11-09
512060128,Lucía,Flores,29,Femenino,Chiclayo,Nuevo,2024-04-01,crisol,2025-11-09
724188178,Sofía,Pérez,28,Masculino,Tacna,Recurrente,2024-06-22,crisol,2025-11-09
941955122,Sofía,Rodríguez,23,Masculino,Pucallpa,Nuevo,2024-03-18,crisol,2025-11-09
37414954,Ana,Ruiz,42,Masculino,Arequipa,Nuevo,2024-02-10,crisol,2025-11-09
763971714,Diego,Díaz,49,Otro,Arequipa,Recurrente,2023-06-30,crisol,2025-11-09
871164671,Diego,Pérez,66,Otro,Trujillo,Recurrente,2024-04-18,crisol,2025-11-09
355650804,Javier,Ruiz,58,Otro,Piura,Recurrente,2023-09-10,crisol,2025-11-09
395680533,Andrés,Díaz,68,Otro,Pucallpa,Nuevo,2024-05-01,crisol,2025-11-09
60105598,Javier,Ramos,54,Otro,Ayacucho,Recurrente,2023-07-01,crisol,2025-11-09
565029277,Sofía,López,26,Otro,Tacna,Nuevo,2023-11-21,crisol,2025-11-09
333382419,José,García,44,Otro,Tacna,Recurrente,2024-04-30,crisol,2025-11-09
635711706,Luis,Ramos,65,Femenino,Tacna,Nuevo,2023-03-11,crisol,2025-11-09
558149766,Diego,Castro,51,Femenino,Ica,Recurrente,2023-03-22,crisol,2025-11-09
937493260,Ana,Vásquez,54,Femenino,Piura,Recurrente,2023-12-02,crisol,2025-11-09
843085108,Valeria,Rodríguez,63,Masculino,Huancayo,Recurrente,2023-12-10,crisol,2025-11-09
803505178,Lucía,Rodríguez,32,Otro,Cusco,Recurrente,2023-02-22,crisol,2025-11-09
93828493,Valeria,Martínez,47,Masculino,Chiclayo,Nuevo,2024-03-08,crisol,2025-11-09
147789142,José,Salazar,30,Otro,Trujillo,Nuevo,2023-12-28,crisol,2025-11-09
313596735,Diego,Castro,57,Femenino,Tacna,Nuevo,2023-03-29,crisol,2025-11-09
760209271,Lucía,Díaz,58,Otro,Huánuco,Recurrente,2023-05-19,crisol,2025-11-09
21824097,Juan,Díaz,63,Otro,Huancayo,Nuevo,2023-01-31,crisol,2025-11-09
104601003,Camila,Martínez,29,Otro,Cajamarca,Recurrente,2023-03-01,crisol,2025-11-09
424248722,Carlos,Gonzales,23,Femenino,Chiclayo,Nuevo,2023-12-15,crisol,2025-11-09
115620658,Luis,Vásquez,55,Masculino,Piura,Recurrente,2024-03-31,crisol,2025-11-09
105393064,Andrés,Ruiz,68,Otro,Trujillo,Nuevo,2024-06-07,crisol,2025-11-09
8506844,Juan,Ruiz,34,Otro,Cusco,Nuevo,2024-05-10,crisol,2025-11-09
966594074,Carlos,Martínez,28,Otro,Huánuco,Nuevo,2023-10-28,crisol,2025-11-09
941209914,Camila,Ruiz,55,Femenino,Cajamarca,Nuevo,2023-05-12,crisol,2025-11-09
664814451,Luis,Vásquez,51,Masculino,Lima,Recurrente,2023-12-20,crisol,2025-11-09
123444909,Lucía,García,55,Femenino,Huánuco,Recurrente,2023-03-07,crisol,2025-11-09
193317975,Andrés,López,34,Masculino,Trujillo,Recurrente,2023-12-02,crisol,2025-11-09
249122837,José,Torres,41,Otro,Chiclayo,Recurrente,2024-05-24,crisol,2025-11-09
477039271,Ana,Martínez,64,Masculino,Cajamarca,Recurrente,2023-12-09,crisol,2025-11-09
571265502,Rosa,Torres,38,Masculino,Ica,Recurrente,2023-01-10,crisol,2025-11-09
321646332,Camila,Salazar,55,Femenino,Piura,Nuevo,2023-01-02,crisol,2025-11-09
504994070,Javier,Torres,22,Otro,Tacna,Recurrente,2024-06-06,crisol,2025-11-09
32046999,Diego,Ramos,23,Otro,Piura,Nuevo,2024-05-07,crisol,2025-11-09
904486847,Luis,Ramos,43,Otro,Cajamarca,Recurrente,2024-05-24,crisol,2025-11-09
893916922,Andrés,Martínez,48,Masculino,Trujillo,Recurrente,2023-04-03,crisol,2025-11-09
493345145,María,Flores,28,Femenino,Trujillo,Nuevo,2024-02-04,crisol,2025-11-09
454402597,Pedro,Salazar,69,Masculino,Trujillo,Recurrente,2023-02-21,crisol,2025-11-09
234101304,Carlos,Gonzales,66,Masculino,Cajamarca,Recurrente,2024-08-09,crisol,2025-11-09
399125847,Camila,Rodríguez,41,Femenino,Arequipa,Nuevo,2024-01-24,crisol,2025-11-09
525725735,Ana,Gonzales,64,Masculino,Chiclayo,Recurrente,2023-04-06,crisol,2025-11-09
801137749,Juan,Salazar,49,Masculino,Arequipa,Recurrente,2023-11-01,crisol,2025-11-09
871547917,Lucía,Vásquez,42,Femenino,Ayacucho,Nuevo,2023-03-15,crisol,2025-11-09
196939254,Andrés,Ramos,23,Femenino,Piura,Recurrente,2023-07-29,crisol,2025-11-09
704654672,José,Salazar,33,Masculino,Trujillo,Nuevo,2023-06-30,crisol,2025-11-09
924097876,Javier,Torres,39,Femenino,Ayacucho,Nuevo,2023-08-17,crisol,2025-11-09
622871520,Rosa,Flores,20,Otro,Cusco,Nuevo,2023-12-11,crisol,2025-11-09
422247581,Javier,Ramos,31,Masculino,Lima,Recurrente,2023-07-25,crisol,2025-11-09
418832725,Carlos,Ruiz,25,Masculino,Cusco,Recurrente,2024-02-03,crisol,2025-11-09
278074147,Juan,Torres,50,Femenino,Ayacucho,Recurrente,2023-02-26,crisol,2025-11-09
935331172,Luis,Vásquez,50,Masculino,Huancayo,Nuevo,2024-01-08,crisol,2025-11-09
821571174,Rosa,Herrera,66,Masculino,Ayacucho,Recurrente,2023-09-10,crisol,2025-11-09
648918058,José,Gonzales,28,Femenino,Tacna,Recurrente,2023-11-21,crisol,2025-11-09
623570134,Camila,Díaz,43,Femenino,Chiclayo,Nuevo,2023-03-04,crisol,2025-11-09
359316011,Sofía,Martínez,51,Otro,Piura,Recurrente,2023-02-07,crisol,2025-11-09
509171953,María,Rodríguez,62,Otro,Piura,Nuevo,2023-04-09,crisol,2025-11-09
349672656,Luis,Ruiz,53,Masculino,Chiclayo,Nuevo,2023-05-11,crisol,2025-11-09
616199523,Ana,López,67,Otro,Huancayo,Nuevo,2023-05-12,crisol,2025-11-09
419934935,Pedro,Castro,30,Femenino,Pucallpa,Nuevo,2023-06-10,crisol,2025-11-09
69083005,Ana,Ramos,66,Otro,Arequipa,Nuevo,2024-01-04,crisol,2025-11-09
536572597,Lucía,García,62,Masculino,Ayacucho,Recurrente,2023-03-11,crisol,2025-11-09
565111129,Luis,Rodríguez,62,Otro,Tacna,Nuevo,2023-12-28,crisol,2025-11-09
855232186,José,Flores,23,Femenino,Cajamarca,Recurrente,2024-01-09,crisol,2025-11-09
360773590,Pedro,Castro,28,Masculino,Ica,Recurrente,2024-01-06,crisol,2025-11-09
948017323,Carlos,Ruiz,52,Femenino,Arequipa,Nuevo,2023-01-27,crisol,2025-11-09
933754233,Javier,Ramos,30,Masculino,Trujillo,Recurrente,2023-06-01,crisol,2025-11-09
587270179,Diego,Vásquez,63,Masculino,Piura,Recurrente,2023-08-30,crisol,2025-11-09
383126646,Carlos,Díaz,46,Otro,Piura,Nuevo,2024-01-19,crisol,2025-11-09
779750957,Javier,López,40,Otro,Tacna,Nuevo,2024-05-11,crisol,2025-11-09
168200232,José,Díaz,60,Femenino,Ayacucho,Nuevo,2024-02-27,crisol,2025-11-09
297405559,Andrés,Gonzales,38,Masculino,Chiclayo,Recurrente,2024-06-16,crisol,2025-11-09
263485028,María,Flores,18,Masculino,Arequipa,Recurrente,2023-02-20,crisol,2025-11-09
565148299,Pedro,Pérez,52,Femenino,Cusco,Nuevo,2023-11-14,crisol,2025-11-09
879206441,Javier,Gonzales,66,Masculino,Ayacucho,Recurrente,2024-07-09,crisol,2025-11-09
119308193,Andrés,Pérez,38,Otro,Lima,Nuevo,2024-07-29,crisol,2025-11-09
971177839,Andrés,Díaz,61,Femenino,Chiclayo,Nuevo,2023-09-24,crisol,2025-11-09
272342500,Lucía,Ramos,23,Otro,Ica,Nuevo,2024-07-15,crisol,2025-11-09
458239256,José,López,42,Otro,Pucallpa,Nuevo,2023-12-05,crisol,2025-11-09
260099885,Javier,López,32,Femenino,Chiclayo,Nuevo,2024-08-10,crisol,2025-11-09
438541771,Ana,López,48,Otro,Huánuco,Nuevo,2024-03-16,crisol,2025-11-09
987710793,Javier,Rodríguez,50,Masculino,Piura,Recurrente,2023-12-20,crisol,2025-11-09
556781,Carlos,López,49,Femenino,Ica,Nuevo,2024-05-25,crisol,2025-11-09
262931213,Luis,Gonzales,21,Femenino,Huánuco,Nuevo,2023-10-24,crisol,2025-11-09
9312730,Sofía,Herrera,58,Masculino,Pucallpa,Nuevo,2024-03-02,crisol,2025-11-09
28368933,Valeria,Torres,59,Otro,Cajamarca,Nuevo,2023-03-19,crisol,2025-11-09
289568062,Sofía,Castro,49,Femenino,Ica,Recurrente,2024-02-24,crisol,2025-11-09
405497727,Juan,Castro,52,Otro,Cusco,Nuevo,2024-07-24,crisol,2025-11-09
100001700,Lucía,Flores,37,Femenino,Ayacucho,Nuevo,2024-03-22,crisol,2025-11-09
391742566,Ana,Castro,46,Otro,Arequipa,Nuevo,2024-06-20,crisol,2025-11-09
483613951,Diego,Martínez,50,Otro,Piura,Recurrente,2023-12-21,crisol,2025-11-09
969758589,Andrés,Vásquez,41,Femenino,Huancayo,Nuevo,2024-07-02,crisol,2025-11-09
271834168,Luis,Martínez,68,Otro,Piura,Recurrente,2023-03-08,crisol,2025-11-09
986574369,José,López,54,Femenino,Huánuco,Nuevo,2023-09-14,crisol,2025-11-09
512681276,Lucía,Torres,35,Masculino,Chiclayo,Recurrente,2023-03-23,crisol,2025-11-09
152045307,Ana,Díaz,35,Otro,Chiclayo,Nuevo,2024-01-28,crisol,2025-11-09
969014116,Rosa,García,68,Otro,Huancayo,Recurrente,2024-07-30,crisol,2025-11-09
894004306,Pedro,Torres,39,Femenino,Chiclayo,Nuevo,2024-07-04,crisol,2025-11-09
910902172,Ana,Rodríguez,64,Masculino,Piura,Nuevo,2023-01-30,crisol,2025-11-09
985850392,Juan,Gonzales,55,Masculino,Cusco,Nuevo,2023-04-27,crisol,2025-11-09
470460148,Ana,Ramos,38,Otro,Cusco,Nuevo,2023-11-27,crisol,2025-11-09
783141085,Valeria,García,54,Masculino,Pucallpa,Nuevo,2023-07-09,crisol,2025-11-09
311868170,José,Rodríguez,60,Otro,Chiclayo,Nuevo,2023-05-18,crisol,2025-11-09
202340023,Valeria,López,33,Masculino,Trujillo,Recurrente,2024-02-21,crisol,2025-11-09
361029295,Ana,López,41,Masculino,Ayacucho,Nuevo,2024-04-28,crisol,2025-11-09
336906345,Javier,Herrera,70,Otro,Tacna,Nuevo,2024-08-07,crisol,2025-11-09
425149605,Diego,Rodríguez,50,Masculino,Ayacucho,Recurrente,2024-02-18,crisol,2025-11-09
983791141,Juan,Díaz,49,Otro,Chiclayo,Recurrente,2023-11-30,crisol,2025-11-09
679564678,Lucía,Díaz,59,Otro,Huánuco,Recurrente,2024-05-02,crisol,2025-11-09
204381922,Lucía,Vásquez,45,Masculino,Lima,Nuevo,2024-04-25,crisol,2025-11-09
489257388,Ana,Castro,59,Otro,Ayacucho,Nuevo,2024-03-23,crisol,2025-11-09
907895584,José,Ramos,19,Otro,Chiclayo,Recurrente,2024-05-25,crisol,2025-11-09
540354999,Diego,Gonzales,39,Masculino,Trujillo,Recurrente,2023-02-26,crisol,2025-11-09
736713546,Andrés,Martínez,35,Femenino,Tacna,Nuevo,2023-05-24,crisol,2025-11-09
644890840,José,Rodríguez,57,Otro,Trujillo,Recurrente,2023-03-25,crisol,2025-11-09
18487397,Javier,Torres,57,Masculino,Ayacucho,Nuevo,2023-06-01,crisol,2025-11-09
434609301,Sofía,Rodríguez,46,Otro,Huánuco,Nuevo,2024-01-31,crisol,2025-11-09
255122979,Juan,Gonzales,57,Femenino,Tacna,Nuevo,2023-12-26,crisol,2025-11-09
456721501,Lucía,García,22,Femenino,Chiclayo,Nuevo,2024-08-21,crisol,2025-11-09
591788078,Rosa,Flores,64,Femenino,Huánuco,Nuevo,2023-11-20,crisol,2025-11-09
594440422,María,Ruiz,55,Otro,Chiclayo,Recurrente,2024-06-02,crisol,2025-11-09
720756025,Pedro,Martínez,18,Femenino,Cusco,Recurrente,2023-07-25,crisol,2025-11-09
741614782,Pedro,Flores,18,Femenino,Ica,Recurrente,2023-12-13,crisol,2025-11-09
664203433,Andrés,Torres,27,Femenino,Arequipa,Nuevo,2024-01-15,crisol,2025-11-09
35687764,Diego,Torres,65,Otro,Lima,Nuevo,2023-07-14,crisol,2025-11-09
914887553,Juan,Ramos,56,Femenino,Chiclayo,Nuevo,2023-05-12,crisol,2025-11-09
574161219,María,Gonzales,42,Otro,Ica,Nuevo,2023-01-29,crisol,2025-11-09
888998066,Javier,Rodríguez,48,Otro,Cusco,Nuevo,2024-08-05,crisol,2025-11-09
942123303,Rosa,Díaz,67,Masculino,Huancayo,Nuevo,2024-08-10,crisol,2025-11-09
183233058,Luis,García,32,Femenino,Huancayo,Nuevo,2023-01-03,crisol,2025-11-09
935010172,Javier,Ramos,62,Masculino,Piura,Nuevo,2024-06-25,crisol,2025-11-09
399409380,Pedro,López,20,Femenino,Arequipa,Nuevo,2024-05-28,crisol,2025-11-09
219245855,Rosa,Ramos,67,Otro,Huancayo,Nuevo,2023-06-15,crisol,2025-11-09
213622421,Pedro,Ramos,45,Femenino,Tacna,Nuevo,2024-02-13,crisol,2025-11-09
509816204,Lucía,Gonzales,40,Otro,Cusco,Nuevo,2023-09-07,crisol,2025-11-09
789214399,Javier,Flores,68,Femenino,Pucallpa,Nuevo,2023-01-04,crisol,2025-11-09
341934602,Camila,Flores,58,Otro,Chiclayo,Nuevo,2023-05-14,crisol,2025-11-09
379880828,Juan,Martínez,20,Masculino,Cusco,Recurrente,2024-06-29,crisol,2025-11-09
698991332,Valeria,Ruiz,50,Otro,Huancayo,Nuevo,2024-07-07,crisol,2025-11-09
979193589,Sofía,Flores,38,Otro,Chiclayo,Nuevo,2023-12-17,crisol,2025-11-09
520153652,Pedro,Martínez,66,Femenino,Trujillo,Nuevo,2023-06-02,crisol,2025-11-09
49891455,Pedro,Pérez,27,Femenino,Huancayo,Nuevo,2023-10-21,crisol,2025-11-09
91962917,Sofía,Pérez,68,Femenino,Ayacucho,Recurrente,2023-11-07,crisol,2025-11-09
622613048,Ana,García,43,Femenino,Lima,Nuevo,2023-05-02,crisol,2025-11-09
459692746,Diego,Salazar,70,Masculino,Huancayo,Nuevo,2024-01-11,crisol,2025-11-09
676120634,José,Ramos,23,Masculino,Tacna,Nuevo,2023-10-10,crisol,2025-11-09
472930275,Andrés,Salazar,40,Masculino,Lima,Nuevo,2023-11-16,crisol,2025-11-09
360471406,Pedro,Martínez,20,Otro,Arequipa,Nuevo,2023-05-14,crisol,2025-11-09
672369903,Lucía,Pérez,43,Otro,Piura,Recurrente,2024-01-29,crisol,2025-11-09
333041451,Valeria,Flores,37,Otro,Ica,Nuevo,2023-12-23,crisol,2025-11-09
793604711,Camila,Vásquez,59,Otro,Lima,Recurrente,2023-08-19,crisol,2025-11-09
846656737,Andrés,Ramos,31,Otro,Ica,Nuevo,2024-05-13,crisol,2025-11-09
150436254,Rosa,Rodríguez,37,Femenino,Cusco,Recurrente,2023-04-10,crisol,2025-11-09
520242185,Juan,Díaz,64,Masculino,Ica,Nuevo,2023-10-31,crisol,2025-11-09
935420214,Andrés,Salazar,29,Femenino,Pucallpa,Recurrente,2024-02-21,crisol,2025-11-09
430975920,Camila,López,60,Otro,Lima,Recurrente,2023-02-05,crisol,2025-11-09
279011697,Sofía,López,55,Otro,Arequipa,Nuevo,2024-07-17,crisol,2025-11-09
931771649,Diego,Díaz,69,Otro,Cajamarca,Nuevo,2023-06-19,crisol,2025-11-09
904271907,Sofía,García,37,Masculino,Tacna,Nuevo,2023-04-23,crisol,2025-11-09
793216465,Lucía,Pérez,54,Otro,Arequipa,Recurrente,2023-08-04,crisol,2025-11-09
78937390,Lucía,Vásquez,18,Otro,Arequipa,Recurrente,2024-02-12,crisol,2025-11-09
436245587,Pedro,Herrera,53,Masculino,Ica,Recurrente,2023-08-24,crisol,2025-11-09
921196059,Andrés,Díaz,36,Femenino,Piura,Nuevo,2023-07-04,crisol,2025-11-09
590038203,María,Gonzales,21,Masculino,Cajamarca,Nuevo,2023-09-25,crisol,2025-11-09
995874267,José,Ramos,27,Femenino,Chiclayo,Nuevo,2023-06-08,crisol,2025-11-09
929947585,Sofía,López,44,Masculino,Huánuco,Nuevo,2024-05-27,crisol,2025-11-09
485791204,José,Rodríguez,67,Masculino,Trujillo,Recurrente,2024-08-21,crisol,2025-11-09
380808276,Javier,Torres,68,Otro,Tacna,Nuevo,2023-11-13,crisol,2025-11-09
524289354,Luis,Gonzales,20,Otro,Lima,Recurrente,2024-06-01,crisol,2025-11-09
662386253,Diego,Torres,25,Femenino,Ica,Recurrente,2023-04-02,crisol,2025-11-09
814373724,Sofía,Flores,49,Masculino,Cajamarca,Nuevo,2023-10-12,crisol,2025-11-09
185209356,José,Vásquez,23,Femenino,Trujillo,Nuevo,2023-03-31,crisol,2025-11-09
962775325,José,Gonzales,20,Femenino,Pucallpa,Recurrente,2024-01-14,crisol,2025-11-09
199023606,José,Martínez,36,Femenino,Tacna,Recurrente,2023-05-27,crisol,2025-11-09
643810315,Javier,Flores,44,Otro,Piura,Nuevo,2024-01-13,crisol,2025-11-09
275899492,María,Salazar,61,Otro,Trujillo,Recurrente,2023-08-13,crisol,2025-11-09
784147043,Rosa,Torres,53,Masculino,Pucallpa,Nuevo,2024-05-11,crisol,2025-11-09
889585626,José,Rodríguez,19,Otro,Ica,Recurrente,2023-07-16,crisol,2025-11-09
477003180,Ana,Castro,43,Femenino,Ayacucho,Nuevo,2023-06-27,crisol,2025-11-09
876980978,Lucía,Salazar,44,Masculino,Ayacucho,Recurrente,2023-10-16,crisol,2025-11-09
708557702,Andrés,García,37,Femenino,Pucallpa,Recurrente,2023-10-04,crisol,2025-11-09
3652820,Diego,Rodríguez,45,Otro,Huancayo,Nuevo,2023-07-15,crisol,2025-11-09
303240675,Carlos,Gonzales,40,Femenino,Cajamarca,Nuevo,2023-07-22,crisol,2025-11-09
153951353,Rosa,Ramos,64,Masculino,Huancayo,Nuevo,2023-09-19,crisol,2025-11-09
131942482,Rosa,Ruiz,41,Femenino,Huancayo,Recurrente,2024-08-12,crisol,2025-11-09
716200020,Sofía,Martínez,26,Otro,Cusco,Recurrente,2024-05-07,crisol,2025-11-09
364286742,Juan,Gonzales,43,Otro,Arequipa,Recurrente,2024-06-06,crisol,2025-11-09
971454713,Luis,Salazar,51,Masculino,Ayacucho,Nuevo,2023-06-10,crisol,2025-11-09
505531663,María,Rodríguez,43,Masculino,Ica,Nuevo,2023-07-08,crisol,2025-11-09
704992205,Valeria,López,49,Otro,Huancayo,Recurrente,2023-09-12,crisol,2025-11-09
162614075,José,Torres,28,Femenino,Ica,Nuevo,2024-02-24,crisol,2025-11-09
134619535,Lucía,Torres,64,Femenino,Chiclayo,Nuevo,2023-12-10,crisol,2025-11-09
978738080,Pedro,Flores,50,Masculino,Piura,Recurrente,2023-10-27,crisol,2025-11-09
818530890,José,Díaz,46,Otro,Ayacucho,Nuevo,2023-10-29,crisol,2025-11-09
626603341,Andrés,Rodríguez,54,Femenino,Pucallpa,Recurrente,2023-07-18,crisol,2025-11-09
845427018,María,López,44,Femenino,Cusco,Recurrente,2024-05-21,crisol,2025-11-09
168559317,Rosa,Vásquez,64,Femenino,Cajamarca,Nuevo,2023-01-05,crisol,2025-11-09
976916947,Andrés,Gonzales,32,Femenino,Tacna,Nuevo,2024-03-25,crisol,2025-11-09
693816589,Pedro,López,66,Masculino,Lima,Nuevo,2024-02-11,crisol,2025-11-09
132545207,Javier,Ruiz,63,Masculino,Huancayo,Nuevo,2023-01-16,crisol,2025-11-09
366729445,Ana,Martínez,20,Masculino,Arequipa,Recurrente,2023-08-15,crisol,2025-11-09
203379155,Ana,García,59,Femenino,Trujillo,Recurrente,2023-04-09,crisol,2025-11-09
549853381,Juan,García,43,Femenino,Pucallpa,Nuevo,2023-01-12,crisol,2025-11-09
169135218,Ana,Ramos,26,Otro,Lima,Recurrente,2023-08-16,crisol,2025-11-09
537658091,Pedro,Vásquez,62,Otro,Piura,Recurrente,2024-01-10,crisol,2025-11-09
208249444,María,García,40,Femenino,Trujillo,Recurrente,2023-09-04,crisol,2025-11-09
604911575,Lucía,Díaz,24,Femenino,Chiclayo,Nuevo,2023-03-30,crisol,2025-11-09
923691912,Sofía,Castro,69,Masculino,Lima,Recurrente,2024-03-12,crisol,2025-11-09
13220041,Pedro,Ramos,29,Masculino,Ayacucho,Nuevo,2023-03-03,crisol,2025-11-09
311067037,José,Pérez,27,Femenino,Tacna,Nuevo,2023-05-27,crisol,2025-11-09
333868514,Rosa,Torres,53,Otro,Piura,Nuevo,2023-12-11,crisol,2025-11-09
112491024,Andrés,Flores,53,Otro,Huánuco,Recurrente,2024-03-12,crisol,2025-11-09
688508912,María,Flores,67,Masculino,Cusco,Nuevo,2024-03-01,crisol,2025-11-09
134617814,María,Pérez,51,Femenino,Lima,Nuevo,2024-05-06,crisol,2025-11-09
906615992,Valeria,Herrera,55,Femenino,Tacna,Nuevo,2023-05-20,crisol,2025-11-09
761386885,Valeria,Herrera,51,Masculino,Lima,Nuevo,2024-05-04,crisol,2025-11-09
689951335,Sofía,Rodríguez,45,Otro,Cajamarca,Nuevo,2024-01-19,crisol,2025-11-09
53276464,Pedro,López,44,Otro,Huancayo,Recurrente,2024-07-24,crisol,2025-11-09
998567836,Diego,Salazar,28,Masculino,Pucallpa,Nuevo,2023-08-20,crisol,2025-11-09
505779981,Ana,Pérez,51,Otro,Chiclayo,Nuevo,2023-10-15,crisol,2025-11-09
810060867,Ana,Castro,19,Masculino,Piura,Nuevo,2023-06-08,crisol,2025-11-09
28095655,Javier,Pérez,39,Otro,Tacna,Nuevo,2024-02-12,crisol,2025-11-09
854796626,Juan,Torres,18,Otro,Huánuco,Recurrente,2023-10-19,crisol,2025-11-09
528750928,Luis,Díaz,70,Femenino,Tacna,Nuevo,2024-06-19,crisol,2025-11-09
769086139,Pedro,Vásquez,51,Otro,Huánuco,Nuevo,2023-06-22,crisol,2025-11-09
495903596,Ana,Díaz,25,Femenino,Huánuco,Nuevo,2023-08-01,crisol,2025-11-09
185672227,Carlos,Castro,47,Otro,Tacna,Nuevo,2023-12-02,crisol,2025-11-09
274794375,Juan,García,36,Otro,Tacna,Recurrente,2023-09-12,crisol,2025-11-09
591274740,Andrés,Vásquez,36,Femenino,Trujillo,Recurrente,2023-10-26,crisol,2025-11-09
252033465,Andrés,García,50,Otro,Cajamarca,Recurrente,2024-01-05,crisol,2025-11-09
644410445,Luis,Torres,52,Masculino,Lima,Nuevo,2024-08-10,crisol,2025-11-09
186508557,Camila,Martínez,66,Femenino,Ica,Nuevo,2024-06-19,crisol,2025-11-09
260040874,Lucía,Vásquez,40,Femenino,Tacna,Recurrente,2023-01-18,crisol,2025-11-09
300800975,Rosa,Herrera,39,Otro,Ica,Nuevo,2024-01-05,crisol,2025-11-09
41545720,Juan,Vásquez,65,Femenino,Ayacucho,Nuevo,2023-02-02,crisol,2025-11-09
662576554,Valeria,Pérez,64,Masculino,Huancayo,Nuevo,2023-05-29,crisol,2025-11-09
101994531,Andrés,Herrera,22,Masculino,Trujillo,Nuevo,2024-05-27,crisol,2025-11-09
2539118,Luis,López,31,Masculino,Huancayo,Recurrente,2024-01-19,crisol,2025-11-09
722982159,José,Castro,44,Femenino,Lima,Nuevo,2023-03-27,crisol,2025-11-09
335418028,José,Pérez,23,Otro,Tacna,Nuevo,2023-08-02,crisol,2025-11-09
350980240,Carlos,Pérez,45,Masculino,Huánuco,Recurrente,2024-01-28,crisol,2025-11-09
58581797,Andrés,Castro,31,Masculino,Cajamarca,Recurrente,2023-05-14,crisol,2025-11-09
816616001,José,Ramos,32,Masculino,Huancayo,Nuevo,2023-10-27,crisol,2025-11-09
56355212,Javier,Díaz,27,Masculino,Huancayo,Nuevo,2024-05-01,crisol,2025-11-09
92035891,Camila,Torres,25,Otro,Trujillo,Nuevo,2023-11-21,crisol,2025-11-09
499408595,Javier,Ruiz,34,Masculino,Cusco,Recurrente,2024-08-09,crisol,2025-11-09
388671537,Juan,Díaz,22,Otro,Ayacucho,Nuevo,2023-12-07,crisol,2025-11-09
443529865,Diego,Torres,69,Masculino,Tacna,Nuevo,2024-03-03,crisol,2025-11-09
242484193,Sofía,Castro,41,Masculino,Chiclayo,Recurrente,2023-09-02,crisol,2025-11-09
388169649,Carlos,Martínez,25,Masculino,Tacna,Recurrente,2023-06-03,crisol,2025-11-09
756479646,Carlos,Flores,51,Femenino,Chiclayo,Recurrente,2023-02-25,crisol,2025-11-09
426117051,José,Gonzales,65,Femenino,Lima,Nuevo,2024-08-18,crisol,2025-11-09
179969412,Ana,Gonzales,46,Femenino,Chiclayo,Nuevo,2023-11-05,crisol,2025-11-09
622745015,Juan,Gonzales,48,Masculino,Chiclayo,Nuevo,2023-06-04,crisol,2025-11-09
137981293,Camila,Torres,61,Otro,Piura,Recurrente,2024-05-20,crisol,2025-11-09
745282268,Diego,Salazar,67,Femenino,Huánuco,Nuevo,2023-05-05,crisol,2025-11-09
339204127,Pedro,Torres,51,Otro,Ayacucho,Recurrente,2024-06-20,crisol,2025-11-09
638635790,Diego,Ruiz,25,Femenino,Ayacucho,Nuevo,2023-09-13,crisol,2025-11-09
105907182,Lucía,García,38,Masculino,Huancayo,Nuevo,2023-06-16,crisol,2025-11-09
776657672,Luis,García,28,Femenino,Ayacucho,Recurrente,2023-11-16,crisol,2025-11-09
391122166,Javier,Martínez,44,Femenino,Ica,Nuevo,2023-07-28,crisol,2025-11-09
476386097,María,Herrera,65,Femenino,Ayacucho,Nuevo,2024-08-10,crisol,2025-11-09
957085384,Javier,Pérez,61,Femenino,Cajamarca,Nuevo,2023-11-14,crisol,2025-11-09
971410313,Sofía,Salazar,21,Otro,Cusco,Nuevo,2023-01-06,crisol,2025-11-09
206218786,Luis,Pérez,25,Otro,Trujillo,Nuevo,2024-05-19,crisol,2025-11-09
433058305,Javier,Herrera,23,Femenino,Lima,Nuevo,2023-07-31,crisol,2025-11-09
698201989,Javier,Pérez,25,Masculino,Tacna,Nuevo,2023-08-07,crisol,2025-11-09
571507470,Ana,Vásquez,23,Otro,Arequipa,Recurrente,2023-03-31,crisol,2025-11-09
488635270,Carlos,Pérez,33,Femenino,Chiclayo,Nuevo,2024-01-02,crisol,2025-11-09
900420507,José,Martínez,18,Masculino,Huancayo,Nuevo,2023-11-21,crisol,2025-11-09
312211356,Rosa,Rodríguez,67,Femenino,Ayacucho,Nuevo,2024-03-24,crisol,2025-11-09
593731274,Rosa,Rodríguez,36,Masculino,Huancayo,Nuevo,2023-10-14,crisol,2025-11-09
220949586,Luis,Flores,62,Masculino,Pucallpa,Recurrente,2023-03-13,crisol,2025-11-09
897879987,María,Martínez,48,Femenino,Pucallpa,Recurrente,2024-03-22,crisol,2025-11-09
155149111,Luis,Herrera,66,Otro,Huánuco,Nuevo,2023-03-05,crisol,2025-11-09
691726804,José,Herrera,36,Masculino,Ayacucho,Nuevo,2023-03-23,crisol,2025-11-09
453902039,Javier,Díaz,34,Femenino,Lima,Nuevo,2023-12-23,crisol,2025-11-09
105008111,Andrés,Ruiz,39,Otro,Huánuco,Nuevo,2024-03-08,crisol,2025-11-09
419736930,Sofía,Rodríguez,22,Femenino,Pucallpa,Nuevo,2023-11-29,crisol,2025-11-09
202212308,Diego,Herrera,32,Masculino,Cajamarca,Recurrente,2023-10-04,crisol,2025-11-09
623294415,Diego,Gonzales,18,Femenino,Lima,Recurrente,2023-10-22,crisol,2025-11-09
111025086,María,Ruiz,31,Femenino,Tacna,Nuevo,2023-08-18,crisol,2025-11-09
689192682,Andrés,Martínez,59,Femenino,Ayacucho,Recurrente,2023-09-05,crisol,2025-11-09
679395586,María,Flores,61,Masculino,Chiclayo,Nuevo,2023-02-16,crisol,2025-11-09
686093580,Lucía,Díaz,45,Otro,Tacna,Recurrente,2024-04-08,crisol,2025-11-09
802828054,José,Pérez,25,Otro,Trujillo,Recurrente,2023-08-21,crisol,2025-11-09
14700361,Luis,García,62,Otro,Cusco,Recurrente,2023-10-12,crisol,2025-11-09
685826553,Luis,Torres,37,Femenino,Ica,Nuevo,2023-08-17,crisol,2025-11-09
398486436,Andrés,Vásquez,59,Otro,Chiclayo,Nuevo,2024-05-04,crisol,2025-11-09
36967118,María,Salazar,45,Otro,Trujillo,Nuevo,2024-01-07,crisol,2025-11-09
898381605,Ana,García,60,Otro,Chiclayo,Recurrente,2023-11-24,crisol,2025-11-09
52378652,Luis,Pérez,68,Otro,Ica,Nuevo,2023-03-26,crisol,2025-11-09
979184524,Camila,García,51,Femenino,Piura,Nuevo,2024-08-09,crisol,2025-11-09
747894790,Lucía,Martínez,59,Masculino,Ayacucho,Recurrente,2023-06-23,crisol,2025-11-09
606298377,Juan,Gonzales,64,Otro,Cusco,Nuevo,2023-12-25,crisol,2025-11-09
518716756,Javier,Castro,27,Otro,Huancayo,Nuevo,2024-04-02,crisol,2025-11-09
783747216,Carlos,Ramos,43,Otro,Lima,Nuevo,2023-07-30,crisol,2025-11-09
795653908,Javier,Castro,56,Otro,Huánuco,Nuevo,2024-03-12,crisol,2025-11-09
682306694,María,García,56,Femenino,Pucallpa,Nuevo,2024-01-26,crisol,2025-11-09
190591096,Camila,Torres,50,Otro,Piura,Nuevo,2024-06-29,crisol,2025-11-09
789959635,Camila,Salazar,21,Femenino,Arequipa,Recurrente,2023-04-02,crisol,2025-11-09
818339776,María,Rodríguez,60,Masculino,Chiclayo,Recurrente,2023-12-07,crisol,2025-11-09
647118161,Carlos,Herrera,53,Masculino,Trujillo,Recurrente,2023-06-14,crisol,2025-11-09
225128531,Ana,García,29,Femenino,Cajamarca,Nuevo,2023-05-21,crisol,2025-11-09
371746863,Juan,Vásquez,62,Otro,Ica,Nuevo,2023-12-19,crisol,2025-11-09
812466595,Javier,Ramos,25,Femenino,Huánuco,Recurrente,2023-04-29,crisol,2025-11-09
280467444,María,López,35,Masculino,Chiclayo,Recurrente,2024-05-21,crisol,2025-11-09
202538800,Carlos,López,38,Otro,Chiclayo,Nuevo,2024-05-16,crisol,2025-11-09
926550956,Luis,Rodríguez,68,Masculino,Tacna,Recurrente,2023-06-04,crisol,2025-11-09
12740402,Valeria,Martínez,29,Masculino,Chiclayo,Nuevo,2024-05-07,crisol,2025-11-09
280143543,María,Gonzales,59,Otro,Chiclayo,Nuevo,2023-10-22,crisol,2025-11-09
154054030,Sofía,Pérez,60,Femenino,Piura,Nuevo,2023-12-04,crisol,2025-11-09
242907257,Rosa,Herrera,59,Masculino,Trujillo,Nuevo,2024-01-03,crisol,2025-11-09
739901723,Rosa,Ruiz,61,Otro,Chiclayo,Nuevo,2023-08-18,crisol,2025-11-09
424537308,Luis,Salazar,68,Masculino,Chiclayo,Nuevo,2024-08-22,crisol,2025-11-09
373915360,Lucía,Rodríguez,32,Otro,Ayacucho,Recurrente,2024-03-08,crisol,2025-11-09
731234541,Diego,Herrera,22,Masculino,Piura,Nuevo,2023-09-03,crisol,2025-11-09
344262621,María,García,60,Otro,Huancayo,Nuevo,2023-08-01,crisol,2025-11-09
54465408,María,Pérez,48,Femenino,Ica,Nuevo,2023-02-15,crisol,2025-11-09
191254962,Rosa,Martínez,43,Otro,Pucallpa,Recurrente,2023-10-23,crisol,2025-11-09
763930774,Camila,Herrera,24,Masculino,Ica,Nuevo,2023-05-10,crisol,2025-11-09
194733680,Ana,Vásquez,28,Masculino,Arequipa,Nuevo,2023-09-13,crisol,2025-11-09
562342818,Diego,Gonzales,63,Femenino,Lima,Recurrente,2024-08-12,crisol,2025-11-09
326853949,Ana,Castro,24,Masculino,Chiclayo,Nuevo,2024-06-23,crisol,2025-11-09
379308147,Pedro,Herrera,46,Otro,Ica,Nuevo,2023-06-23,crisol,2025-11-09
133029957,Ana,García,45,Otro,Arequipa,Nuevo,2024-01-20,crisol,2025-11-09
697397775,Juan,Díaz,18,Otro,Trujillo,Nuevo,2024-04-02,crisol,2025-11-09
72591678,Sofía,García,57,Masculino,Huancayo,Recurrente,2024-07-10,crisol,2025-11-09
323836353,Luis,Ruiz,56,Otro,Arequipa,Recurrente,2023-09-10,crisol,2025-11-09
580155897,Juan,López,46,Otro,Pucallpa,Recurrente,2024-03-24,crisol,2025-11-09
953372230,Camila,Flores,32,Otro,Huancayo,Nuevo,2023-08-02,crisol,2025-11-09
478231032,Juan,Salazar,34,Otro,Pucallpa,Nuevo,2023-11-10,crisol,2025-11-09
904427760,Sofía,Gonzales,37,Masculino,Chiclayo,Recurrente,2023-01-16,crisol,2025-11-09
16658982,Sofía,Herrera,32,Femenino,Cusco,Recurrente,2024-06-03,crisol,2025-11-09
557040537,Carlos,Vásquez,31,Femenino,Arequipa,Recurrente,2023-05-08,crisol,2025-11-09
836503582,Pedro,Pérez,60,Otro,Trujillo,Nuevo,2023-08-26,crisol,2025-11-09
555633912,Sofía,Pérez,69,Masculino,Ayacucho,Recurrente,2023-10-15,crisol,2025-11-09
528447135,Lucía,Castro,53,Masculino,Cusco,Nuevo,2023-12-29,crisol,2025-11-09
235344677,Lucía,García,41,Femenino,Trujillo,Nuevo,2023-11-25,crisol,2025-11-09
949458230,Rosa,Flores,33,Masculino,Ayacucho,Nuevo,2023-01-17,crisol,2025-11-09
409445252,José,Ramos,61,Femenino,Lima,Recurrente,2024-02-16,crisol,2025-11-09
228883550,Diego,Herrera,32,Masculino,Huancayo,Nuevo,2023-03-12,crisol,2025-11-09
771626990,José,Ruiz,23,Masculino,Piura,Nuevo,2023-08-14,crisol,2025-11-09
27446714,Valeria,López,49,Masculino,Ayacucho,Nuevo,2023-07-14,crisol,2025-11-09
274484535,Andrés,Pérez,32,Femenino,Chiclayo,Recurrente,2024-04-22,crisol,2025-11-09
9042290,Diego,López,49,Otro,Tacna,Recurrente,2023-01-29,crisol,2025-11-09
444710217,María,Flores,52,Otro,Huánuco,Recurrente,2023-01-15,crisol,2025-11-09
307944554,Javier,Gonzales,51,Masculino,Lima,Nuevo,2023-04-09,crisol,2025-11-09
419998167,Carlos,Vásquez,35,Femenino,Ayacucho,Nuevo,2023-11-02,crisol,2025-11-09
463425983,Pedro,Martínez,48,Masculino,Huánuco,Nuevo,2023-11-25,crisol,2025-11-09
65090087,Diego,Ramos,39,Masculino,Piura,Recurrente,2023-01-25,crisol,2025-11-09
360013420,Camila,Herrera,32,Femenino,Trujillo,Recurrente,2024-03-27,crisol,2025-11-09
670306614,Andrés,García,26,Masculino,Chiclayo,Recurrente,2023-02-05,crisol,2025-11-09
667221363,Sofía,Torres,53,Otro,Piura,Nuevo,2023-08-28,crisol,2025-11-09
336914811,Camila,Ruiz,38,Masculino,Arequipa,Nuevo,2024-02-29,crisol,2025-11-09
579398597,Rosa,Flores,65,Femenino,Pucallpa,Nuevo,2023-12-01,crisol,2025-11-09
755961359,Lucía,Ruiz,62,Otro,Arequipa,Recurrente,2024-04-02,crisol,2025-11-09
282973830,Luis,Rodríguez,20,Femenino,Pucallpa,Nuevo,2024-01-06,crisol,2025-11-09
970860245,María,Herrera,41,Otro,Tacna,Nuevo,2024-05-10,crisol,2025-11-09
856378347,Luis,Pérez,54,Masculino,Lima,Nuevo,2024-02-08,crisol,2025-11-09
693624994,Lucía,Flores,38,Otro,Ayacucho,Nuevo,2023-09-06,crisol,2025-11-09
38048068,Javier,Pérez,22,Masculino,Pucallpa,Recurrente,2023-03-22,crisol,2025-11-09
325581576,Rosa,Pérez,40,Otro,Tacna,Nuevo,2024-02-01,crisol,2025-11-09
676541475,Lucía,Pérez,54,Masculino,Pucallpa,Recurrente,2023-10-06,crisol,2025-11-09
465352539,Sofía,Martínez,51,Femenino,Lima,Recurrente,2023-01-14,crisol,2025-11-09
43164733,Javier,Martínez,20,Masculino,Pucallpa,Recurrente,2023-09-18,crisol,2025-11-09
911880405,Sofía,Martínez,57,Femenino,Cajamarca,Nuevo,2023-08-05,crisol,2025-11-09
317495629,Camila,Díaz,69,Femenino,Cusco,Nuevo,2024-02-21,crisol,2025-11-09
20322367,Luis,Herrera,53,Otro,Piura,Nuevo,2023-10-16,crisol,2025-11-09
425540417,José,Rodríguez,38,Femenino,Cajamarca,Nuevo,2023-07-17,crisol,2025-11-09
569452845,Juan,Ruiz,48,Otro,Cusco,Recurrente,2023-04-02,crisol,2025-11-09
544540395,María,Rodríguez,60,Masculino,Trujillo,Recurrente,2023-12-28,crisol,2025-11-09
189926411,Andrés,Salazar,41,Masculino,Arequipa,Recurrente,2024-01-12,crisol,2025-11-09
607892648,Sofía,Castro,19,Femenino,Ica,Nuevo,2023-01-23,crisol,2025-11-09
471579289,Rosa,Vásquez,22,Femenino,Pucallpa,Nuevo,2024-03-19,crisol,2025-11-09
734184581,Luis,Torres,69,Femenino,Trujillo,Recurrente,2024-02-01,crisol,2025-11-09
942846549,Ana,Vásquez,67,Masculino,Tacna,Nuevo,2023-08-23,crisol,2025-11-09
834182985,Rosa,Rodríguez,62,Masculino,Huancayo,Nuevo,2024-02-16,crisol,2025-11-09
506602053,Juan,Rodríguez,41,Femenino,Cajamarca,Nuevo,2024-06-06,crisol,2025-11-09
272708367,Javier,Martínez,35,Femenino,Piura,Nuevo,2024-01-10,crisol,2025-11-09
817203433,Andrés,Díaz,56,Masculino,Pucallpa,Recurrente,2023-03-28,crisol,2025-11-09
713261852,Pedro,López,29,Otro,Trujillo,Nuevo,2023-04-01,crisol,2025-11-09
919311980,Diego,Flores,33,Femenino,Tacna,Nuevo,2023-10-13,crisol,2025-11-09
824015019,Lucía,Herrera,63,Otro,Ayacucho,Nuevo,2024-08-15,crisol,2025-11-09
491299681,Camila,Ruiz,38,Otro,Huancayo,Recurrente,2023-09-30,crisol,2025-11-09
982955352,Rosa,Martínez,51,Otro,Pucallpa,Nuevo,2023-01-06,crisol,2025-11-09
616792196,Andrés,Martínez,42,Femenino,Trujillo,Recurrente,2023-09-19,crisol,2025-11-09
963189938,José,López,68,Otro,Huánuco,Recurrente,2023-10-24,crisol,2025-11-09
601671124,Camila,Vásquez,69,Otro,Chiclayo,Nuevo,2024-05-03,crisol,2025-11-09
807393768,Ana,Torres,43,Otro,Tacna,Recurrente,2024-05-03,crisol,2025-11-09
448890714,Diego,Martínez,54,Femenino,Ica,Nuevo,2023-02-16,crisol,2025-11-09
345346557,Ana,Martínez,27,Femenino,Huancayo,Nuevo,2024-07-04,crisol,2025-11-09
488099913,María,Ramos,26,Otro,Piura,Nuevo,2024-03-28,crisol,2025-11-09
467310776,Diego,Torres,45,Femenino,Ayacucho,Recurrente,2023-02-28,crisol,2025-11-09
743106907,Valeria,García,55,Masculino,Piura,Nuevo,2024-01-09,crisol,2025-11-09
175752032,José,Vásquez,34,Masculino,Cusco,Nuevo,2023-08-04,crisol,2025-11-09
121573274,Lucía,Ramos,55,Femenino,Lima,Nuevo,2023-12-30,crisol,2025-11-09
451465782,Diego,Vásquez,46,Femenino,Piura,Nuevo,2024-01-19,crisol,2025-11-09
908079697,Andrés,Ramos,64,Masculino,Trujillo,Recurrente,2024-03-01,crisol,2025-11-09
520696846,Juan,Salazar,37,Femenino,Trujillo,Nuevo,2024-05-07,crisol,2025-11-09
984301344,Rosa,García,35,Masculino,Cusco,Recurrente,2024-04-24,crisol,2025-11-09
993468116,Juan,Rodríguez,41,Otro,Lima,Recurrente,2024-01-04,crisol,2025-11-09
395703805,Luis,Martínez,57,Femenino,Lima,Recurrente,2024-07-05,crisol,2025-11-09
344358419,Lucía,Flores,38,Masculino,Cusco,Nuevo,2023-08-10,crisol,2025-11-09
526790061,Luis,Herrera,35,Otro,Arequipa,Nuevo,2023-12-11,crisol,2025-11-09
786583396,Sofía,Ruiz,60,Otro,Chiclayo,Nuevo,2024-02-24,crisol,2025-11-09
226045949,Ana,Vásquez,39,Otro,Pucallpa,Recurrente,2023-01-04,crisol,2025-11-09
760834478,Javier,Gonzales,19,Otro,Cusco,Recurrente,2023-01-11,crisol,2025-11-09
736399855,Lucía,Rodríguez,48,Otro,Chiclayo,Nuevo,2023-05-27,crisol,2025-11-09
509815493,José,Castro,38,Otro,Arequipa,Recurrente,2024-05-24,crisol,2025-11-09
64629850,Camila,Díaz,55,Femenino,Huánuco,Recurrente,2024-03-12,crisol,2025-11-09
877146737,José,Pérez,33,Femenino,Cajamarca,Recurrente,2024-07-07,crisol,2025-11-09
33407014,Diego,Salazar,29,Femenino,Cajamarca,Recurrente,2023-11-10,crisol,2025-11-09
283685675,Pedro,Rodríguez,59,Otro,Trujillo,Recurrente,2023-07-21,crisol,2025-11-09
742990524,Sofía,Pérez,21,Femenino,Piura,Recurrente,2023-04-16,crisol,2025-11-09
464234513,Sofía,López,48,Femenino,Trujillo,Nuevo,2024-06-22,crisol,2025-11-09
274929944,Carlos,Martínez,49,Masculino,Cajamarca,Recurrente,2024-07-31,crisol,2025-11-09
69395508,Valeria,García,42,Masculino,Tacna,Nuevo,2023-12-08,crisol,2025-11-09
23307572,Rosa,Vásquez,61,Femenino,Trujillo,Nuevo,2023-06-30,crisol,2025-11-09
369655469,Juan,García,42,Otro,Huancayo,Nuevo,2024-05-02,crisol,2025-11-09
569257542,Juan,Torres,57,Otro,Huánuco,Nuevo,2024-05-04,crisol,2025-11-09
719289661,Juan,Pérez,51,Masculino,Ica,Nuevo,2023-11-12,crisol,2025-11-09
885651688,Camila,Castro,19,Masculino,Ica,Recurrente,2024-05-06,crisol,2025-11-09
321748591,Ana,Rodríguez,45,Otro,Ayacucho,Nuevo,2023-10-13,crisol,2025-11-09
669497132,Luis,García,53,Masculino,Huancayo,Recurrente,2024-08-14,crisol,2025-11-09
685808003,Sofía,Herrera,57,Otro,Huancayo,Nuevo,2023-06-28,crisol,2025-11-09
614570146,Rosa,Martínez,44,Femenino,Lima,Nuevo,2023-04-20,crisol,2025-11-09
582397116,Carlos,Díaz,47,Otro,Huancayo,Nuevo,2024-01-01,crisol,2025-11-09
633640260,Sofía,García,23,Otro,Huánuco,Nuevo,2023-07-13,crisol,2025-11-09
887339907,Ana,Castro,70,Otro,Lima,Recurrente,2024-01-30,crisol,2025-11-09
464094293,Andrés,Ramos,59,Otro,Pucallpa,Nuevo,2024-08-10,crisol,2025-11-09
995554143,Luis,Vásquez,30,Otro,Tacna,Nuevo,2024-05-08,crisol,2025-11-09
383590806,Javier,Vásquez,61,Otro,Pucallpa,Recurrente,2024-06-26,crisol,2025-11-09
537846983,Luis,Ramos,33,Femenino,Ayacucho,Nuevo,2023-11-10,crisol,2025-11-09
674104024,Pedro,Salazar,67,Femenino,Lima,Recurrente,2023-01-10,crisol,2025-11-09
876489257,Camila,Rodríguez,46,Femenino,Trujillo,Nuevo,2023-03-23,crisol,2025-11-09
487423682,Valeria,López,70,Masculino,Cajamarca,Nuevo,2023-02-17,crisol,2025-11-09
903483687,Sofía,Gonzales,30,Masculino,Cajamarca,Nuevo,2023-05-30,crisol,2025-11-09
298415148,Rosa,Vásquez,59,Otro,Pucallpa,Recurrente,2024-06-07,crisol,2025-11-09
264227733,Camila,Torres,27,Femenino,Arequipa,Recurrente,2024-05-14,crisol,2025-11-09
632631214,Javier,López,64,Otro,Tacna,Nuevo,2023-10-02,crisol,2025-11-09
924077863,Valeria,García,69,Masculino,Arequipa,Recurrente,2024-03-29,crisol,2025-11-09
177963731,Pedro,Torres,48,Femenino,Chiclayo,Recurrente,2024-01-28,crisol,2025-11-09
987116110,Valeria,García,21,Femenino,Lima,Nuevo,2023-06-19,crisol,2025-11-09
640818042,José,Vásquez,57,Femenino,Cusco,Nuevo,2023-10-16,crisol,2025-11-09
107730597,Camila,Gonzales,49,Masculino,Huancayo,Recurrente,2023-02-21,crisol,2025-11-09
151102893,Juan,Martínez,19,Femenino,Huancayo,Recurrente,2023-01-09,crisol,2025-11-09
494127654,Diego,García,54,Masculino,Huánuco,Nuevo,2023-10-14,crisol,2025-11-09
267739840,Diego,Ruiz,33,Femenino,Lima,Recurrente,2023-07-04,crisol,2025-11-09
453476856,Sofía,Torres,51,Masculino,Pucallpa,Recurrente,2023-08-16,crisol,2025-11-09
859384293,Sofía,Gonzales,19,Masculino,Piura,Nuevo,2023-08-03,crisol,2025-11-09
969201868,María,Salazar,23,Masculino,Huancayo,Recurrente,2024-06-07,crisol,2025-11-09
324423429,Sofía,Ramos,46,Masculino,Huancayo,Recurrente,2024-05-03,crisol,2025-11-09
61779688,Camila,Pérez,64,Otro,Ayacucho,Nuevo,2024-04-17,crisol,2025-11-09
295528095,Valeria,López,23,Femenino,Cusco,Nuevo,2023-01-29,crisol,2025-11-09
861043954,Lucía,López,18,Masculino,Huancayo,Recurrente,2024-03-31,crisol,2025-11-09
228825128,Lucía,López,33,Otro,Chiclayo,Recurrente,2023-02-15,crisol,2025-11-09
89579457,Rosa,Herrera,18,Masculino,Tacna,Recurrente,2023-10-24,crisol,2025-11-09
607395067,Carlos,Ramos,28,Masculino,Trujillo,Recurrente,2023-06-11,crisol,2025-11-09
987132949,Rosa,Rodríguez,64,Otro,Pucallpa,Nuevo,2023-01-01,crisol,2025-11-09
446599773,María,López,51,Femenino,Cusco,Nuevo,2024-03-12,crisol,2025-11-09
994863141,José,Pérez,28,Otro,Cusco,Recurrente,2023-10-05,crisol,2025-11-09
267953602,Sofía,Díaz,64,Masculino,Pucallpa,Recurrente,2023-03-27,crisol,2025-11-09
68874624,Rosa,Díaz,63,Masculino,Trujillo,Nuevo,2023-11-07,crisol,2025-11-09
363957466,Juan,García,38,Otro,Ica,Recurrente,2023-04-26,crisol,2025-11-09
614367786,Sofía,Castro,70,Otro,Cajamarca,Nuevo,2023-06-04,crisol,2025-11-09
517456619,José,Castro,67,Masculino,Trujillo,Recurrente,2023-10-08,crisol,2025-11-09
855440628,Javier,Flores,49,Femenino,Piura,Nuevo,2023-02-20,crisol,2025-11-09
909831239,Sofía,Martínez,50,Femenino,Cajamarca,Nuevo,2024-04-28,crisol,2025-11-09
375742566,Juan,Vásquez,35,Masculino,Huánuco,Nuevo,2023-09-25,crisol,2025-11-09
812953330,Juan,Ramos,55,Femenino,Tacna,Recurrente,2024-05-27,crisol,2025-11-09
445636283,Diego,García,67,Otro,Trujillo,Nuevo,2023-09-22,crisol,2025-11-09
944688767,María,Ruiz,51,Masculino,Chiclayo,Recurrente,2023-04-22,crisol,2025-11-09
851836381,María,Martínez,53,Otro,Trujillo,Nuevo,2023-02-26,crisol,2025-11-09
396311664,Pedro,Pérez,22,Otro,Chiclayo,Recurrente,2023-12-05,crisol,2025-11-09
380234481,Javier,Torres,20,Otro,Huánuco,Nuevo,2024-07-15,crisol,2025-11-09
409542755,Rosa,Gonzales,20,Femenino,Pucallpa,Recurrente,2023-04-04,crisol,2025-11-09
968846417,Luis,Herrera,35,Otro,Huánuco,Recurrente,2023-09-24,crisol,2025-11-09
822221419,Carlos,Ruiz,43,Femenino,Trujillo,Recurrente,2024-06-26,crisol,2025-11-09
578551776,Juan,Ruiz,40,Masculino,Huancayo,Nuevo,2023-05-07,crisol,2025-11-09
244094414,Lucía,Salazar,50,Otro,Cajamarca,Recurrente,2023-07-01,crisol,2025-11-09
440993325,Pedro,Martínez,57,Femenino,Lima,Nuevo,2023-09-18,crisol,2025-11-09
67397101,José,Ruiz,54,Otro,Arequipa,Nuevo,2023-06-03,crisol,2025-11-09
938555080,Javier,Herrera,18,Femenino,Cajamarca,Recurrente,2023-03-22,crisol,2025-11-09
471521358,Andrés,Pérez,20,Femenino,Arequipa,Nuevo,2023-09-29,crisol,2025-11-09
236183642,José,Gonzales,54,Femenino,Huánuco,Recurrente,2023-08-20,crisol,2025-11-09
639916204,Camila,Salazar,68,Femenino,Cajamarca,Nuevo,2023-04-18,crisol,2025-11-09
733548674,Juan,Gonzales,34,Masculino,Chiclayo,Recurrente,2023-11-27,crisol,2025-11-09
40543100,Juan,Flores,49,Femenino,Lima,Nuevo,2024-04-13,crisol,2025-11-09
373515331,Diego,García,63,Otro,Arequipa,Recurrente,2023-01-06,crisol,2025-11-09
965425250,Lucía,Herrera,48,Otro,Pucallpa,Nuevo,2023-10-18,crisol,2025-11-09
394839793,Sofía,Torres,45,Masculino,Arequipa,Recurrente,2024-05-09,crisol,2025-11-09
517778331,Diego,Pérez,45,Femenino,Chiclayo,Nuevo,2023-04-05,crisol,2025-11-09
648660551,Camila,Rodríguez,69,Masculino,Arequipa,Recurrente,2023-11-03,crisol,2025-11-09
629421723,Rosa,García,34,Masculino,Lima,Recurrente,2023-06-04,crisol,2025-11-09
118911427,Sofía,Rodríguez,46,Masculino,Ayacucho,Nuevo,2024-05-11,crisol,2025-11-09
574168628,Ana,López,45,Femenino,Pucallpa,Recurrente,2023-02-25,crisol,2025-11-09
961328803,Pedro,Salazar,54,Masculino,Huánuco,Recurrente,2023-02-16,crisol,2025-11-09
370755031,Valeria,Castro,69,Femenino,Trujillo,Nuevo,2024-04-21,crisol,2025-11-09
674363645,Javier,Flores,43,Otro,Ayacucho,Recurrente,2024-07-06,crisol,2025-11-09
31414059,María,Rodríguez,60,Masculino,Cusco,Recurrente,2023-05-13,crisol,2025-11-09
65313709,Pedro,López,44,Masculino,Ayacucho,Nuevo,2024-07-26,crisol,2025-11-09
579516769,Juan,Rodríguez,40,Femenino,Tacna,Nuevo,2023-03-13,crisol,2025-11-09
912575949,José,Vásquez,59,Masculino,Ayacucho,Nuevo,2024-02-12,crisol,2025-11-09
771236402,Ana,Torres,21,Masculino,Cusco,Recurrente,2023-12-27,crisol,2025-11-09
950259697,Javier,Castro,24,Femenino,Huancayo,Nuevo,2024-01-23,crisol,2025-11-09
808825076,María,Ramos,63,Femenino,Huánuco,Recurrente,2024-02-20,crisol,2025-11-09
940554971,Diego,Gonzales,52,Femenino,Ayacucho,Nuevo,2023-02-25,crisol,2025-11-09
142543204,Diego,Gonzales,33,Femenino,Arequipa,Nuevo,2023-05-28,crisol,2025-11-09
869070273,Juan,Castro,27,Masculino,Cusco,Recurrente,2024-01-04,crisol,2025-11-09
49392754,Diego,Díaz,19,Femenino,Piura,Nuevo,2024-03-25,crisol,2025-11-09
600382321,Diego,Herrera,47,Masculino,Tacna,Recurrente,2024-05-24,crisol,2025-11-09
978568885,María,Vásquez,52,Masculino,Tacna,Recurrente,2023-05-01,crisol,2025-11-09
810319888,Juan,Pérez,58,Masculino,Cajamarca,Nuevo,2024-07-06,crisol,2025-11-09
314470081,Pedro,Martínez,33,Otro,Trujillo,Recurrente,2024-07-31,crisol,2025-11-09
248505149,Juan,Flores,18,Femenino,Cajamarca,Nuevo,2023-11-17,crisol,2025-11-09
898229636,Andrés,Ruiz,44,Masculino,Ayacucho,Nuevo,2024-05-23,crisol,2025-11-09
953036208,Juan,Ramos,35,Otro,Tacna,Nuevo,2024-01-17,crisol,2025-11-09
669820320,Diego,Pérez,36,Femenino,Chiclayo,Recurrente,2023-02-22,crisol,2025-11-09
682311925,Rosa,Gonzales,65,Otro,Ica,Nuevo,2024-04-26,crisol,2025-11-09
15844356,Carlos,Torres,59,Otro,Piura,Nuevo,2024-04-11,crisol,2025-11-09
456826505,Luis,Gonzales,25,Masculino,Lima,Recurrente,2023-02-18,crisol,2025-11-09
344286362,Javier,Salazar,68,Masculino,Huancayo,Recurrente,2024-07-12,crisol,2025-11-09
996013813,Sofía,Herrera,49,Femenino,Pucallpa,Nuevo,2024-07-09,crisol,2025-11-09
545399334,Diego,Pérez,52,Femenino,Huánuco,Nuevo,2023-01-25,crisol,2025-11-09
411037955,Carlos,Díaz,28,Otro,Cusco,Recurrente,2024-03-31,crisol,2025-11-09
175875156,Sofía,Gonzales,32,Masculino,Lima,Nuevo,2023-05-24,crisol,2025-11-09
575787870,Sofía,García,38,Femenino,Lima,Nuevo,2023-12-04,crisol,2025-11-09
168578634,Luis,Torres,23,Masculino,Trujillo,Nuevo,2024-06-06,crisol,2025-11-09
508935764,Andrés,Flores,67,Femenino,Lima,Recurrente,2023-05-06,crisol,2025-11-09
223621916,Rosa,Castro,65,Otro,Huancayo,Recurrente,2023-10-01,crisol,2025-11-09
94267293,Pedro,Pérez,40,Otro,Huancayo,Recurrente,2023-04-15,crisol,2025-11-09
136553675,Juan,Ruiz,70,Masculino,Chiclayo,Nuevo,2023-02-12,crisol,2025-11-09
295116255,Camila,Gonzales,22,Femenino,Cajamarca,Nuevo,2023-08-06,crisol,2025-11-09
232217545,Diego,Flores,27,Femenino,Cajamarca,Recurrente,2023-05-29,crisol,2025-11-09
842451264,Diego,Ramos,53,Otro,Piura,Nuevo,2023-08-20,crisol,2025-11-09
548605115,Lucía,Vásquez,57,Masculino,Lima,Nuevo,2023-06-04,crisol,2025-11-09
724115607,Sofía,Rodríguez,31,Otro,Lima,Nuevo,2023-02-22,crisol,2025-11-09
394028405,José,López,44,Masculino,Chiclayo,Nuevo,2023-11-05,crisol,2025-11-09
890602196,Rosa,Vásquez,25,Masculino,Chiclayo,Nuevo,2023-11-01,crisol,2025-11-09
661049129,María,Rodríguez,59,Femenino,Arequipa,Recurrente,2023-03-13,crisol,2025-11-09
609340133,Ana,Herrera,45,Femenino,Piura,Nuevo,2023-07-14,crisol,2025-11-09
462438330,Luis,López,45,Femenino,Tacna,Recurrente,2023-03-28,crisol,2025-11-09
706293739,Luis,Herrera,65,Femenino,Ayacucho,Recurrente,2023-10-14,crisol,2025-11-09
400325965,José,Díaz,66,Masculino,Cusco,Nuevo,2024-07-10,crisol,2025-11-09
626699430,Sofía,García,36,Femenino,Ayacucho,Nuevo,2023-04-21,crisol,2025-11-09
573495975,Lucía,Castro,53,Otro,Chiclayo,Recurrente,2023-08-22,crisol,2025-11-09
257540675,Andrés,Flores,20,Masculino,Ica,Nuevo,2023-06-09,crisol,2025-11-09
870213777,Rosa,López,33,Masculino,Ayacucho,Nuevo,2023-09-03,crisol,2025-11-09
111287709,Andrés,Castro,42,Masculino,Trujillo,Nuevo,2023-01-28,crisol,2025-11-09
655607788,Camila,Ruiz,60,Masculino,Chiclayo,Nuevo,2023-01-06,crisol,2025-11-09
26039105,Diego,Martínez,33,Otro,Cajamarca,Recurrente,2024-03-15,crisol,2025-11-09
553081479,Luis,Torres,20,Femenino,Tacna,Nuevo,2023-02-13,crisol,2025-11-09
792659943,Carlos,Torres,38,Femenino,Ayacucho,Nuevo,2024-03-04,crisol,2025-11-09
458080314,Ana,Ramos,50,Masculino,Cusco,Nuevo,2024-05-12,crisol,2025-11-09
207803427,Pedro,Pérez,53,Otro,Huánuco,Nuevo,2023-02-14,crisol,2025-11-09
605848373,Lucía,Pérez,23,Otro,Trujillo,Recurrente,2024-07-09,crisol,2025-11-09
182241647,Luis,Torres,49,Masculino,Tacna,Recurrente,2024-01-06,crisol,2025-11-09
106596363,Pedro,Ruiz,43,Masculino,Huancayo,Nuevo,2024-06-03,crisol,2025-11-09
708914793,Andrés,Herrera,68,Otro,Cajamarca,Recurrente,2024-02-18,crisol,2025-11-09
494344531,Pedro,Herrera,61,Masculino,Arequipa,Recurrente,2023-03-11,crisol,2025-11-09
944205012,José,Díaz,54,Femenino,Lima,Nuevo,2024-02-13,crisol,2025-11-09
916459425,Diego,Díaz,61,Otro,Huancayo,Recurrente,2023-06-13,crisol,2025-11-09
522207488,Valeria,Pérez,37,Otro,Huánuco,Nuevo,2024-07-11,crisol,2025-11-09
721537978,Luis,Ramos,38,Otro,Lima,Nuevo,2023-03-18,crisol,2025-11-09
727583848,Lucía,Castro,26,Masculino,Tacna,Nuevo,2024-04-12,crisol,2025-11-09
649081488,Lucía,Pérez,31,Masculino,Lima,Nuevo,2024-06-27,crisol,2025-11-09
227770585,Luis,Díaz,64,Masculino,Piura,Nuevo,2023-12-21,crisol,2025-11-09
950294945,Camila,Martínez,34,Otro,Chiclayo,Nuevo,2023-02-15,crisol,2025-11-09
880388436,Diego,Martínez,52,Masculino,Ica,Nuevo,2023-11-22,crisol,2025-11-09
578946712,José,Herrera,62,Femenino,Ayacucho,Recurrente,2024-02-01,crisol,2025-11-09
64295287,Carlos,García,31,Masculino,Tacna,Recurrente,2023-01-31,crisol,2025-11-09
453502385,Camila,Ramos,65,Otro,Cajamarca,Nuevo,2023-11-24,crisol,2025-11-09
989882585,Andrés,Castro,54,Femenino,Tacna,Recurrente,2023-08-16,crisol,2025-11-09
687565502,Juan,Díaz,49,Otro,Arequipa,Nuevo,2023-08-05,crisol,2025-11-09
477956378,Pedro,Rodríguez,59,Femenino,Ayacucho,Recurrente,2023-09-04,crisol,2025-11-09
471174207,María,Rodríguez,44,Otro,Arequipa,Nuevo,2023-01-24,crisol,2025-11-09
308519434,Javier,García,39,Femenino,Chiclayo,Nuevo,2023-04-11,crisol,2025-11-09
252259405,Andrés,Ruiz,46,Masculino,Ayacucho,Nuevo,2023-06-21,crisol,2025-11-09
128249598,Rosa,Torres,60,Femenino,Cajamarca,Recurrente,2023-10-04,crisol,2025-11-09
515904780,Valeria,Castro,35,Otro,Pucallpa,Nuevo,2023-04-24,crisol,2025-11-09
533414059,Pedro,Rodríguez,46,Masculino,Ayacucho,Recurrente,2023-12-27,crisol,2025-11-09
697159141,Rosa,Castro,48,Femenino,Cajamarca,Nuevo,2024-06-24,crisol,2025-11-09
331687265,Rosa,Pérez,46,Otro,Pucallpa,Recurrente,2024-02-15,crisol,2025-11-09
271728202,Javier,Pérez,66,Masculino,Cusco,Nuevo,2023-10-29,crisol,2025-11-09
436242407,José,Rodríguez,25,Otro,Piura,Recurrente,2024-06-07,crisol,2025-11-09
711036180,Sofía,Vásquez,45,Femenino,Tacna,Nuevo,2023-12-18,crisol,2025-11-09
712952358,Rosa,Martínez,27,Femenino,Cusco,Nuevo,2024-03-08,crisol,2025-11-09
431537475,Lucía,Rodríguez,57,Masculino,Piura,Recurrente,2024-04-19,crisol,2025-11-09
173964658,Carlos,Ruiz,44,Femenino,Piura,Nuevo,2024-03-19,crisol,2025-11-09
715334552,Juan,García,38,Femenino,Huancayo,Nuevo,2023-06-17,crisol,2025-11-09
470613542,Camila,Herrera,32,Otro,Cajamarca,Recurrente,2024-06-22,crisol,2025-11-09
234753486,Ana,Castro,26,Masculino,Arequipa,Recurrente,2024-06-21,crisol,2025-11-09
419056731,Carlos,Rodríguez,40,Otro,Pucallpa,Nuevo,2024-05-28,crisol,2025-11-09
794183150,José,Rodríguez,54,Femenino,Cajamarca,Recurrente,2023-03-03,crisol,2025-11-09
243369398,Sofía,Ramos,41,Femenino,Pucallpa,Recurrente,2023-02-23,crisol,2025-11-09
600823325,Javier,Martínez,30,Femenino,Tacna,Recurrente,2023-11-09,crisol,2025-11-09
893818060,Diego,Castro,28,Femenino,Huánuco,Nuevo,2024-01-10,crisol,2025-11-09
4367012,Andrés,Ramos,20,Masculino,Ayacucho,Nuevo,2024-03-14,crisol,2025-11-09
443015873,Rosa,Martínez,42,Otro,Lima,Nuevo,2024-03-20,crisol,2025-11-09
81034257,Luis,Castro,68,Masculino,Piura,Recurrente,2023-03-27,crisol,2025-11-09
6823485,Juan,Castro,24,Femenino,Cajamarca,Nuevo,2023-11-27,crisol,2025-11-09
331684902,Sofía,Martínez,64,Masculino,Lima,Nuevo,2024-04-30,crisol,2025-11-09
950353268,Pedro,Vásquez,35,Femenino,Huánuco,Recurrente,2024-05-17,crisol,2025-11-09
780802280,Luis,Vásquez,66,Otro,Ayacucho,Nuevo,2023-01-05,crisol,2025-11-09
978537160,Andrés,Gonzales,29,Otro,Huánuco,Nuevo,2024-07-17,crisol,2025-11-09
612688924,Pedro,Herrera,47,Otro,Ica,Nuevo,2023-07-23,crisol,2025-11-09
169485726,María,Ramos,43,Femenino,Trujillo,Recurrente,2024-08-06,crisol,2025-11-09
952011183,María,Pérez,65,Femenino,Lima,Recurrente,2024-02-18,crisol,2025-11-09
806387864,Javier,García,25,Femenino,Huancayo,Nuevo,2023-09-16,crisol,2025-11-09
997899,Andrés,Rodríguez,40,Masculino,Lima,Nuevo,2023-06-30,crisol,2025-11-09
158586247,Lucía,Ramos,68,Femenino,Ica,Nuevo,2024-08-12,crisol,2025-11-09
694023461,Luis,Flores,60,Femenino,Cusco,Nuevo,2024-03-17,crisol,2025-11-09
723384364,Andrés,Herrera,40,Masculino,Cusco,Recurrente,2023-10-19,crisol,2025-11-09
535891043,Javier,Torres,61,Femenino,Huancayo,Nuevo,2024-02-26,crisol,2025-11-09
15970642,Carlos,Díaz,41,Otro,Piura,Recurrente,2023-07-16,crisol,2025-11-09
769925200,Rosa,Herrera,53,Otro,Ayacucho,Nuevo,2024-01-03,crisol,2025-11-09
643714270,Andrés,Herrera,53,Femenino,Cusco,Nuevo,2023-07-11,crisol,2025-11-09
63709818,Luis,Ruiz,22,Otro,Cusco,Recurrente,2023-06-17,crisol,2025-11-09
847572923,Pedro,Ruiz,68,Masculino,Trujillo,Nuevo,2023-04-12,crisol,2025-11-09
428816248,Javier,Martínez,64,Masculino,Lima,Recurrente,2023-09-10,crisol,2025-11-09
673427544,Carlos,Castro,49,Femenino,Ayacucho,Nuevo,2023-10-22,crisol,2025-11-09
244022281,Ana,Flores,63,Masculino,Piura,Recurrente,2023-12-20,crisol,2025-11-09
729183712,Lucía,Díaz,45,Femenino,Ayacucho,Recurrente,2023-10-17,crisol,2025-11-09
942911631,Camila,Pérez,36,Femenino,Chiclayo,Nuevo,2024-02-07,crisol,2025-11-09
772419578,Luis,Herrera,57,Femenino,Huánuco,Recurrente,2024-06-06,crisol,2025-11-09
226655381,Andrés,Flores,36,Masculino,Piura,Recurrente,2024-02-24,crisol,2025-11-09
483916392,Andrés,Herrera,68,Otro,Huancayo,Nuevo,2024-08-09,crisol,2025-11-09
474908015,Pedro,Martínez,36,Masculino,Piura,Nuevo,2024-08-15,crisol,2025-11-09
611945341,Ana,García,42,Otro,Pucallpa,Nuevo,2023-05-12,crisol,2025-11-09
539837646,Carlos,Ramos,40,Otro,Cusco,Recurrente,2024-04-26,crisol,2025-11-09
831953253,Juan,Herrera,67,Masculino,Pucallpa,Nuevo,2023-03-15,crisol,2025-11-09
1895061,Sofía,Salazar,41,Femenino,Piura,Nuevo,2023-04-01,crisol,2025-11-09
388330186,Diego,Vásquez,51,Otro,Pucallpa,Nuevo,2023-12-26,crisol,2025-11-09
958033110,José,Gonzales,25,Otro,Huánuco,Recurrente,2023-08-17,crisol,2025-11-09
307972189,Ana,Herrera,34,Femenino,Lima,Recurrente,2024-04-23,crisol,2025-11-09
742789677,Juan,Díaz,67,Masculino,Cajamarca,Recurrente,2023-08-10,crisol,2025-11-09
76359853,Camila,López,55,Femenino,Piura,Recurrente,2023-09-02,crisol,2025-11-09
346472981,Javier,Torres,52,Otro,Trujillo,Recurrente,2023-10-03,crisol,2025-11-09
920070835,Sofía,Castro,19,Otro,Chiclayo,Nuevo,2023-05-07,crisol,2025-11-09
167553968,Pedro,Rodríguez,22,Otro,Huancayo,Recurrente,2023-07-06,crisol,2025-11-09
422463487,Luis,Salazar,27,Masculino,Tacna,Nuevo,2023-11-24,crisol,2025-11-09
274907459,Luis,Flores,49,Otro,Arequipa,Nuevo,2024-04-20,crisol,2025-11-09
682520805,Lucía,Pérez,49,Masculino,Cusco,Recurrente,2024-03-30,crisol,2025-11-09
26991983,Valeria,Gonzales,59,Otro,Lima,Recurrente,2023-05-14,crisol,2025-11-09
413208058,Andrés,López,29,Femenino,Cajamarca,Nuevo,2023-09-19,crisol,2025-11-09
766430949,Andrés,Vásquez,66,Masculino,Huánuco,Nuevo,2024-04-08,crisol,2025-11-09
164199399,Juan,Flores,49,Otro,Arequipa,Nuevo,2024-05-17,crisol,2025-11-09
43049556,Lucía,Díaz,57,Otro,Tacna,Nuevo,2024-06-13,crisol,2025-11-09
535536921,Lucía,Salazar,39,Masculino,Ayacucho,Recurrente,2023-07-15,crisol,2025-11-09
666059883,Valeria,Castro,45,Masculino,Cajamarca,Nuevo,2023-04-22,crisol,2025-11-09
870547602,Pedro,Martínez,41,Femenino,Pucallpa,Nuevo,2024-08-23,crisol,2025-11-09
585562266,Andrés,López,50,Femenino,Chiclayo,Recurrente,2024-08-05,crisol,2025-11-09
164939671,Pedro,Rodríguez,43,Masculino,Ayacucho,Recurrente,2023-04-14,crisol,2025-11-09
450337623,Diego,Herrera,40,Masculino,Cusco,Recurrente,2024-08-14,crisol,2025-11-09
336787025,Carlos,Torres,36,Femenino,Trujillo,Nuevo,2024-05-20,crisol,2025-11-09
106148402,Sofía,Salazar,39,Otro,Ica,Nuevo,2023-07-29,crisol,2025-11-09
75888858,Andrés,Torres,54,Masculino,Huancayo,Recurrente,2023-08-07,crisol,2025-11-09
688425579,Luis,Vásquez,49,Femenino,Cajamarca,Recurrente,2024-03-09,crisol,2025-11-09
804705206,María,Vásquez,47,Femenino,Cusco,Recurrente,2023-05-26,crisol,2025-11-09
120859826,Diego,Pérez,69,Masculino,Trujillo,Nuevo,2024-05-25,crisol,2025-11-09
567304956,José,Martínez,60,Otro,Trujillo,Nuevo,2024-06-18,crisol,2025-11-09
719756199,Javier,Flores,47,Masculino,Trujillo,Nuevo,2023-05-04,crisol,2025-11-09
683436173,Carlos,Gonzales,32,Otro,Tacna,Nuevo,2024-03-07,crisol,2025-11-09
207533959,María,Castro,62,Masculino,Cusco,Recurrente,2024-05-22,crisol,2025-11-09
896236159,Javier,Ramos,56,Masculino,Huánuco,Recurrente,2024-04-23,crisol,2025-11-09
680426941,Valeria,Herrera,70,Otro,Huánuco,Recurrente,2024-05-24,crisol,2025-11-09
308147233,Andrés,Vásquez,68,Femenino,Trujillo,Nuevo,2024-02-09,crisol,2025-11-09
977994068,Pedro,Salazar,57,Femenino,Cusco,Nuevo,2023-03-20,crisol,2025-11-09
801935332,Javier,Gonzales,28,Otro,Pucallpa,Recurrente,2023-07-31,crisol,2025-11-09
578810503,Lucía,Rodríguez,60,Masculino,Chiclayo,Nuevo,2023-07-17,crisol,2025-11-09
786948495,María,Martínez,59,Femenino,Pucallpa,Recurrente,2023-10-02,crisol,2025-11-09
868885110,Diego,Flores,25,Otro,Ayacucho,Nuevo,2023-10-04,crisol,2025-11-09
338844898,Andrés,Castro,66,Otro,Cajamarca,Nuevo,2023-09-27,crisol,2025-11-09
718474762,Ana,Díaz,35,Masculino,Piura,Recurrente,2023-05-25,crisol,2025-11-09
823469700,Lucía,Torres,60,Masculino,Cusco,Nuevo,2023-08-23,crisol,2025-11-09
714858405,Andrés,Ramos,51,Femenino,Lima,Recurrente,2023-03-02,crisol,2025-11-09
344127566,Andrés,García,52,Masculino,Cusco,Nuevo,2023-05-02,crisol,2025-11-09
848586241,Juan,López,23,Otro,Arequipa,Nuevo,2023-05-14,crisol,2025-11-09
20338073,Lucía,Gonzales,55,Masculino,Pucallpa,Nuevo,2024-01-18,crisol,2025-11-09
444798419,José,Herrera,22,Otro,Cajamarca,Recurrente,2024-04-15,crisol,2025-11-09
736905685,José,Flores,18,Masculino,Ayacucho,Nuevo,2023-10-04,crisol,2025-11-09
251889705,Luis,Pérez,67,Masculino,Lima,Recurrente,2024-02-06,crisol,2025-11-09
702277244,Sofía,Gonzales,47,Femenino,Ayacucho,Nuevo,2024-01-15,crisol,2025-11-09
450169714,Rosa,Salazar,67,Femenino,Cusco,Recurrente,2023-07-17,crisol,2025-11-09
778588980,Carlos,Castro,59,Femenino,Chiclayo,Recurrente,2023-03-27,crisol,2025-11-09
820890910,Juan,Gonzales,18,Femenino,Arequipa,Nuevo,2023-01-22,crisol,2025-11-09
850696685,Diego,Flores,64,Masculino,Ica,Nuevo,2023-11-01,crisol,2025-11-09
956919149,Rosa,Ramos,66,Otro,Huánuco,Nuevo,2024-05-11,crisol,2025-11-09
