usuario_id,edad,genero,region,tipo_usuario,fecha_registro,vendor,ingest_date
39958838,58,Masculino,Lima,Recurrente,2023-09-08,sbs,2025-11-09
21668732,26,Otro,Lima,Recurrente,2024-07-12,sbs,2025-11-09
41227216,55,Femenino,Lima,Nuevo,2023-08-12,sbs,2025-11-09
66306997,50,Otro,Lima,Nuevo,2024-07-12,sbs,2025-11-09
31429110,32,Femenino,Cusco,Nuevo,2023-01-07,sbs,2025-11-09
55176955,62,Femenino,Piura,Nuevo,2023-08-09,sbs,2025-11-09
91030736,24,Masculino,Arequipa,Nuevo,2023-12-19,sbs,2025-11-09
20576383,34,Masculino,Arequipa,Nuevo,2024-01-23,sbs,2025-11-09
87490893,53,Femenino,Cusco,Recurrente,2024-01-06,sbs,2025-11-09
48840994,30,Otro,Lima,Nuevo,2023-08-22,sbs,2025-11-09
95320121,23,Masculino,Lima,Nuevo,2024-04-09,sbs,2025-11-09
96977837,41,Masculino,Piura,Nuevo,2023-10-01,sbs,2025-11-09
31931511,22,Otro,Chiclayo,Nuevo,2023-09-08,sbs,2025-11-09
39476249,47,Femenino,Piura,Recurrente,2024-07-24,sbs,2025-11-09
52339391,61,Femenino,Lima,Nuevo,2023-02-02,sbs,2025-11-09
52235350,43,Femenino,Lima,Nuevo,2024-08-03,sbs,2025-11-09
29175900,31,Otro,Arequipa,Nuevo,2024-04-14,sbs,2025-11-09
45264581,34,Masculino,Chiclayo,Recurrente,2024-07-05,sbs,2025-11-09
58586340,65,Otro,Arequipa,Recurrente,2024-02-13,sbs,2025-11-09
24716857,32,Masculino,Cusco,Nuevo,2023-02-18,sbs,2025-11-09
90048665,27,Otro,Chiclayo,Recurrente,2024-03-08,sbs,2025-11-09
81016525,22,Femenino,Arequipa,Nuevo,2024-04-24,sbs,2025-11-09
82070937,34,Otro,Lima,Recurrente,2023-04-28,sbs,2025-11-09
31227574,66,Femenino,Piura,Nuevo,2024-03-21,sbs,2025-11-09
78139880,47,Masculino,Piura,Recurrente,2023-07-02,sbs,2025-11-09
91734598,24,Otro,Piura,Recurrente,2024-06-03,sbs,2025-11-09
81182864,30,Masculino,Piura,Recurrente,2024-07-06,sbs,2025-11-09
58718453,18,Otro,Piura,Nuevo,2023-04-25,sbs,2025-11-09
20570592,69,Femenino,Chiclayo,Nuevo,2024-08-03,sbs,2025-11-09
26879290,23,Otro,Arequipa,Recurrente,2024-06-29,sbs,2025-11-09
45575298,26,Otro,Arequipa,Recurrente,2023-06-19,sbs,2025-11-09
36998038,51,Otro,Arequipa,Recurrente,2024-07-06,sbs,2025-11-09
68800797,63,Femenino,Arequipa,Recurrente,2024-01-18,sbs,2025-11-09
55377076,51,Femenino,Lima,Nuevo,2023-03-07,sbs,2025-11-09
10965138,19,Otro,Cusco,Nuevo,2023-08-14,sbs,2025-11-09
54349361,22,Otro,Lima,Nuevo,2023-02-02,sbs,2025-11-09
38754377,22,Otro,Chiclayo,Nuevo,2024-05-12,sbs,2025-11-09
73481353,52,Masculino,Cusco,Nuevo,2023-09-06,sbs,2025-11-09
57553014,69,Femenino,Chiclayo,Nuevo,2024-03-17,sbs,2025-11-09
97705310,45,Femenino,Arequipa,Recurrente,2023-02-25,sbs,2025-11-09
24665841,59,Masculino,Lima,Nuevo,2023-12-14,sbs,2025-11-09
66623995,33,Masculino,Chiclayo,Nuevo,2023-05-24,sbs,2025-11-09
69476001,29,Femenino,Arequipa,Nuevo,2023-03-19,sbs,2025-11-09
11980765,69,Otro,Lima,Nuevo,2024-07-07,sbs,2025-11-09
38688676,23,Masculino,Chiclayo,Nuevo,2024-05-07,sbs,2025-11-09
45594951,43,Masculino,Chiclayo,Nuevo,2024-02-04,sbs,2025-11-09
98834863,68,Femenino,Piura,Nuevo,2024-07-23,sbs,2025-11-09
17849494,63,Femenino,Chiclayo,Nuevo,2023-08-11,sbs,2025-11-09
17672593,55,Otro,Cusco,Nuevo,2023-11-18,sbs,2025-11-09
31130263,21,Otro,Arequipa,Nuevo,2024-06-27,sbs,2025-11-09
89864260,21,Otro,Lima,Recurrente,2023-03-12,sbs,2025-11-09
43046464,22,Otro,Chiclayo,Nuevo,2024-08-06,sbs,2025-11-09
98231132,55,Otro,Lima,Nuevo,2024-03-05,sbs,2025-11-09
37415205,55,Otro,Cusco,Nuevo,2023-09-25,sbs,2025-11-09
27566185,60,Otro,Piura,Nuevo,2024-02-10,sbs,2025-11-09
11250299,60,Otro,Piura,Nuevo,2023-03-16,sbs,2025-11-09
82160068,47,Otro,Cusco,Recurrente,2023-03-17,sbs,2025-11-09
19233013,31,Otro,Piura,Nuevo,2023-12-24,sbs,2025-11-09
50603163,33,Femenino,Piura,Nuevo,2024-07-10,sbs,2025-11-09
50181935,57,Otro,Cusco,Nuevo,2024-07-21,sbs,2025-11-09
84252420,60,Masculino,Chiclayo,Nuevo,2023-04-20,sbs,2025-11-09
37326368,27,Femenino,Piura,Nuevo,2023-12-18,sbs,2025-11-09
16818112,61,Otro,Piura,Nuevo,2023-09-15,sbs,2025-11-09
10475894,23,Otro,Arequipa,Recurrente,2023-02-15,sbs,2025-11-09
84045292,39,Masculino,Piura,Nuevo,2024-03-28,sbs,2025-11-09
30005727,63,Femenino,Cusco,Nuevo,2023-03-19,sbs,2025-11-09
67684996,52,Masculino,Piura,Nuevo,2023-06-01,sbs,2025-11-09
58024342,26,Masculino,Piura,Nuevo,2023-02-10,sbs,2025-11-09
85146293,31,Otro,Chiclayo,Recurrente,2023-12-29,sbs,2025-11-09
31810617,44,Otro,Chiclayo,Recurrente,2023-08-31,sbs,2025-11-09
65259205,69,Masculino,Arequipa,Nuevo,2023-12-07,sbs,2025-11-09
61343880,69,Otro,Chiclayo,Nuevo,2023-04-21,sbs,2025-11-09
56930359,20,Femenino,Chiclayo,Nuevo,2024-04-16,sbs,2025-11-09
63481198,37,Masculino,Chiclayo,Nuevo,2023-07-17,sbs,2025-11-09
57130035,39,Femenino,Lima,Recurrente,2023-10-13,sbs,2025-11-09
54446182,59,Otro,Arequipa,Recurrente,2024-07-03,sbs,2025-11-09
15134794,19,Masculino,Piura,Nuevo,2023-09-29,sbs,2025-11-09
68571795,24,Otro,Arequipa,Nuevo,2023-11-18,sbs,2025-11-09
35511941,56,Otro,Lima,Nuevo,2024-08-13,sbs,2025-11-09
36445607,34,Masculino,Arequipa,Nuevo,2024-07-05,sbs,2025-11-09
93638503,41,Femenino,Lima,Recurrente,2023-12-05,sbs,2025-11-09
78064830,38,Otro,Lima,Recurrente,2023-11-04,sbs,2025-11-09
84411983,37,Otro,Arequipa,Nuevo,2023-10-30,sbs,2025-11-09
33357554,26,Masculino,Arequipa,Recurrente,2024-01-24,sbs,2025-11-09
50785405,57,Otro,Piura,Nuevo,2023-01-01,sbs,2025-11-09
72409658,36,Masculino,Arequipa,Recurrente,2023-11-26,sbs,2025-11-09
98429450,46,Femenino,Chiclayo,Nuevo,2023-06-23,sbs,2025-11-09
22534217,23,Femenino,Cusco,Recurrente,2023-12-10,sbs,2025-11-09
29777514,70,Masculino,Piura,Nuevo,2023-07-23,sbs,2025-11-09
71124923,19,Masculino,Chiclayo,Recurrente,2023-03-16,sbs,2025-11-09
76354180,44,Otro,Cusco,Nuevo,2024-01-29,sbs,2025-11-09
24305904,43,Masculino,Chiclayo,Recurrente,2023-01-06,sbs,2025-11-09
72350830,67,Femenino,Chiclayo,Nuevo,2024-06-14,sbs,2025-11-09
71265269,21,Otro,Chiclayo,Recurrente,2023-05-05,sbs,2025-11-09
69401199,26,Femenino,Cusco,Recurrente,2023-11-21,sbs,2025-11-09
69849511,57,Otro,Cusco,Nuevo,2024-07-15,sbs,2025-11-09
95585469,28,Otro,Arequipa,Nuevo,2023-09-11,sbs,2025-11-09
69038700,35,Otro,Arequipa,Nuevo,2023-10-09,sbs,2025-11-09
52910691,22,Otro,Piura,Nuevo,2023-12-10,sbs,2025-11-09
30509175,52,Masculino,Chiclayo,Nuevo,2024-01-28,sbs,2025-11-09
82828034,63,Masculino,Lima,Nuevo,2023-12-05,sbs,2025-11-09
62274692,47,Femenino,Lima,Nuevo,2024-03-06,sbs,2025-11-09
61053877,67,Otro,Lima,Recurrente,2024-08-12,sbs,2025-11-09
66240084,48,Masculino,Piura,Nuevo,2024-02-04,sbs,2025-11-09
75529051,52,Otro,Cusco,Recurrente,2023-08-14,sbs,2025-11-09
55114543,32,Femenino,Arequipa,Nuevo,2024-02-03,sbs,2025-11-09
27129912,60,Otro,Arequipa,Recurrente,2024-04-23,sbs,2025-11-09
98986321,57,Otro,Lima,Recurrente,2024-07-31,sbs,2025-11-09
34391257,19,Masculino,Arequipa,Nuevo,2024-04-17,sbs,2025-11-09
53868501,21,Femenino,Arequipa,Nuevo,2024-04-10,sbs,2025-11-09
43859311,39,Femenino,Piura,Recurrente,2024-03-07,sbs,2025-11-09
56970882,23,Femenino,Lima,Recurrente,2023-02-23,sbs,2025-11-09
14164775,32,Otro,Lima,Recurrente,2023-02-11,sbs,2025-11-09
26941092,33,Masculino,Lima,Nuevo,2023-09-02,sbs,2025-11-09
72415804,48,Otro,Lima,Nuevo,2023-08-12,sbs,2025-11-09
31980274,62,Femenino,Piura,Nuevo,2023-04-28,sbs,2025-11-09
87282128,37,Masculino,Cusco,Nuevo,2023-11-16,sbs,2025-11-09
20200074,61,Femenino,Arequipa,Recurrente,2023-07-23,sbs,2025-11-09
90585882,55,Otro,Chiclayo,Nuevo,2023-11-05,sbs,2025-11-09
81503856,69,Masculino,Cusco,Recurrente,2023-12-22,sbs,2025-11-09
11698142,45,Otro,Piura,Nuevo,2023-12-16,sbs,2025-11-09
95306788,44,Femenino,Lima,Nuevo,2024-01-06,sbs,2025-11-09
97302916,47,Otro,Chiclayo,Nuevo,2024-06-18,sbs,2025-11-09
68461818,35,Otro,Cusco,Recurrente,2024-04-21,sbs,2025-11-09
21631697,70,Otro,Cusco,Nuevo,2023-09-09,sbs,2025-11-09
91917334,35,Femenino,Chiclayo,Recurrente,2024-08-06,sbs,2025-11-09
34406132,60,Femenino,Piura,Nuevo,2023-11-29,sbs,2025-11-09
47535126,49,Masculino,Piura,Recurrente,2023-12-15,sbs,2025-11-09
35643159,56,Otro,Piura,Nuevo,2024-06-13,sbs,2025-11-09
73900135,23,Masculino,Arequipa,Nuevo,2023-09-04,sbs,2025-11-09
22489409,59,Otro,Arequipa,Nuevo,2023-01-18,sbs,2025-11-09
99115205,36,Masculino,Arequipa,Recurrente,2023-11-10,sbs,2025-11-09
67110154,55,Femenino,Arequipa,Nuevo,2023-12-19,sbs,2025-11-09
46361787,65,Otro,Piura,Nuevo,2024-04-09,sbs,2025-11-09
52352128,37,Femenino,Chiclayo,Nuevo,2023-07-17,sbs,2025-11-09
35708194,25,Otro,Cusco,Recurrente,2023-07-09,sbs,2025-11-09
90099897,31,Otro,Arequipa,Nuevo,2024-06-21,sbs,2025-11-09
34084236,36,Masculino,Chiclayo,Nuevo,2024-01-05,sbs,2025-11-09
17318358,37,Masculino,Cusco,Nuevo,2023-02-16,sbs,2025-11-09
23769080,53,Femenino,Chiclayo,Nuevo,2024-05-17,sbs,2025-11-09
55728776,18,Otro,Piura,Nuevo,2024-03-27,sbs,2025-11-09
25312516,29,Masculino,Piura,Recurrente,2024-05-04,sbs,2025-11-09
94482772,70,Masculino,Arequipa,Nuevo,2024-08-13,sbs,2025-11-09
50780112,61,Masculino,Chiclayo,Nuevo,2024-07-30,sbs,2025-11-09
91378577,23,Masculino,Lima,Nuevo,2024-03-02,sbs,2025-11-09
70467027,56,Otro,Chiclayo,Recurrente,2024-01-25,sbs,2025-11-09
86320155,46,Femenino,Cusco,Recurrente,2023-11-09,sbs,2025-11-09
37888820,57,Masculino,Cusco,Recurrente,2023-04-12,sbs,2025-11-09
42194159,58,Masculino,Piura,Recurrente,2023-06-10,sbs,2025-11-09
70465583,29,Otro,Lima,Nuevo,2024-02-23,sbs,2025-11-09
48668783,62,Otro,Arequipa,Nuevo,2023-08-26,sbs,2025-11-09
45507920,63,Femenino,Arequipa,Nuevo,2023-08-28,sbs,2025-11-09
67061186,68,Otro,Cusco,Recurrente,2023-07-22,sbs,2025-11-09
29090631,25,Otro,Chiclayo,Nuevo,2023-09-30,sbs,2025-11-09
48736657,22,Masculino,Chiclayo,Recurrente,2024-08-05,sbs,2025-11-09
46540265,46,Masculino,Arequipa,Recurrente,2024-02-17,sbs,2025-11-09
67985905,50,Otro,Arequipa,Nuevo,2023-02-10,sbs,2025-11-09
40725714,65,Femenino,Cusco,Nuevo,2023-04-04,sbs,2025-11-09
87342561,61,Otro,Cusco,Recurrente,2023-10-03,sbs,2025-11-09
47333543,20,Masculino,Arequipa,Nuevo,2024-03-28,sbs,2025-11-09
22246348,29,Otro,Arequipa,Nuevo,2024-05-18,sbs,2025-11-09
31585546,48,Femenino,Arequipa,Nuevo,2023-04-18,sbs,2025-11-09
83832717,39,Femenino,Arequipa,Nuevo,2024-02-15,sbs,2025-11-09
25558733,20,Femenino,Lima,Nuevo,2023-11-28,sbs,2025-11-09
98269682,67,Femenino,Cusco,Recurrente,2023-01-02,sbs,2025-11-09
58557203,52,Femenino,Arequipa,Nuevo,2024-06-14,sbs,2025-11-09
45843681,57,Femenino,Arequipa,Recurrente,2023-07-28,sbs,2025-11-09
26297533,53,Masculino,Piura,Nuevo,2024-05-11,sbs,2025-11-09
51708177,19,Otro,Cusco,Recurrente,2023-06-12,sbs,2025-11-09
25228493,53,Masculino,Cusco,Nuevo,2023-08-19,sbs,2025-11-09
78299645,47,Masculino,Chiclayo,Nuevo,2023-10-26,sbs,2025-11-09
42713008,63,Femenino,Arequipa,Recurrente,2024-04-28,sbs,2025-11-09
28321839,47,Otro,Chiclayo,Nuevo,2024-06-04,sbs,2025-11-09
45859307,22,Femenino,Arequipa,Nuevo,2024-06-03,sbs,2025-11-09
98575748,70,Masculino,Piura,Recurrente,2024-08-16,sbs,2025-11-09
54619335,49,Masculino,Arequipa,Nuevo,2023-12-20,sbs,2025-11-09
35320492,53,Otro,Arequipa,Nuevo,2023-11-26,sbs,2025-11-09
15858241,62,Masculino,Cusco,Nuevo,2024-02-25,sbs,2025-11-09
61818612,38,Otro,Arequipa,Recurrente,2024-01-26,sbs,2025-11-09
26944487,60,Otro,Chiclayo,Nuevo,2023-02-07,sbs,2025-11-09
23383077,50,Otro,Piura,Recurrente,2024-03-26,sbs,2025-11-09
97883261,51,Femenino,Lima,Recurrente,2024-02-24,sbs,2025-11-09
55440919,27,Masculino,Arequipa,Recurrente,2023-09-29,sbs,2025-11-09
81621574,57,Otro,Arequipa,Nuevo,2023-12-03,sbs,2025-11-09
92874006,42,Femenino,Arequipa,Recurrente,2023-02-06,sbs,2025-11-09
68246664,22,Masculino,Piura,Recurrente,2023-04-03,sbs,2025-11-09
13885234,24,Otro,Lima,Nuevo,2023-11-03,sbs,2025-11-09
67805802,20,Femenino,Lima,Nuevo,2024-01-19,sbs,2025-11-09
32814819,27,Masculino,Cusco,Nuevo,2023-07-04,sbs,2025-11-09
76795767,29,Masculino,Cusco,Recurrente,2023-09-04,sbs,2025-11-09
71682508,55,Masculino,Chiclayo,Nuevo,2023-09-18,sbs,2025-11-09
48605268,34,Otro,Lima,Recurrente,2024-04-21,sbs,2025-11-09
88862539,61,Otro,Chiclayo,Nuevo,2023-12-20,sbs,2025-11-09
50550084,37,Otro,Arequipa,Recurrente,2024-04-12,sbs,2025-11-09
86762164,30,Femenino,Arequipa,Nuevo,2024-01-26,sbs,2025-11-09
12944682,40,Otro,Piura,Recurrente,2023-10-30,sbs,2025-11-09
91390501,60,Femenino,Piura,Nuevo,2023-02-20,sbs,2025-11-09
91478884,65,Femenino,Piura,Recurrente,2023-08-24,sbs,2025-11-09
98473848,69,Femenino,Chiclayo,Nuevo,2023-09-14,sbs,2025-11-09
51464269,61,Masculino,Lima,Recurrente,2023-02-10,sbs,2025-11-09
22097496,68,Femenino,Lima,Nuevo,2023-05-15,sbs,2025-11-09
82398083,36,Femenino,Arequipa,Nuevo,2023-05-16,sbs,2025-11-09
44489940,41,Otro,Cusco,Recurrente,2023-06-18,sbs,2025-11-09
25457816,70,Femenino,Piura,Recurrente,2023-12-13,sbs,2025-11-09
63339667,47,Masculino,Chiclayo,Recurrente,2023-08-20,sbs,2025-11-09
11868130,69,Otro,Piura,Nuevo,2024-02-09,sbs,2025-11-09
88458327,34,Otro,Lima,Nuevo,2023-09-26,sbs,2025-11-09
73280554,42,Otro,Piura,Nuevo,2023-08-28,sbs,2025-11-09
96926431,19,Otro,Cusco,Nuevo,2023-08-15,sbs,2025-11-09
97139443,22,Otro,Arequipa,Recurrente,2023-11-06,sbs,2025-11-09
50851122,44,Masculino,Chiclayo,Nuevo,2023-02-08,sbs,2025-11-09
28208520,49,Masculino,Lima,Nuevo,2024-07-04,sbs,2025-11-09
66254240,42,Femenino,Piura,Recurrente,2024-07-07,sbs,2025-11-09
75679047,55,Otro,Chiclayo,Recurrente,2023-04-12,sbs,2025-11-09
39161443,57,Femenino,Piura,Nuevo,2024-01-15,sbs,2025-11-09
59302863,46,Femenino,Chiclayo,Recurrente,2023-04-12,sbs,2025-11-09
35475673,52,Otro,Piura,Nuevo,2023-10-10,sbs,2025-11-09
16788532,25,Femenino,Lima,Recurrente,2023-01-22,sbs,2025-11-09
37542226,68,Femenino,Chiclayo,Recurrente,2024-08-01,sbs,2025-11-09
54098516,22,Otro,Chiclayo,Nuevo,2023-08-27,sbs,2025-11-09
27447248,67,Masculino,Cusco,Nuevo,2023-05-29,sbs,2025-11-09
27690330,52,Femenino,Chiclayo,Nuevo,2023-01-27,sbs,2025-11-09
33386929,18,Femenino,Chiclayo,Nuevo,2023-01-17,sbs,2025-11-09
25253751,34,Masculino,Chiclayo,Recurrente,2024-06-22,sbs,2025-11-09
78885632,65,Masculino,Arequipa,Nuevo,2024-01-06,sbs,2025-11-09
98436473,55,Masculino,Arequipa,Nuevo,2023-02-14,sbs,2025-11-09
18163847,51,Femenino,Arequipa,Nuevo,2023-02-01,sbs,2025-11-09
69533928,48,Femenino,Arequipa,Recurrente,2024-05-17,sbs,2025-11-09
26937148,22,Masculino,Piura,Nuevo,2023-03-09,sbs,2025-11-09
61124122,35,Otro,Cusco,Nuevo,2023-11-29,sbs,2025-11-09
23311507,56,Otro,Piura,Nuevo,2024-03-16,sbs,2025-11-09
38859907,68,Otro,Lima,Recurrente,2024-07-18,sbs,2025-11-09
63516659,45,Femenino,Chiclayo,Nuevo,2024-04-09,sbs,2025-11-09
99269266,44,Otro,Lima,Nuevo,2023-11-17,sbs,2025-11-09
19010480,34,Femenino,Chiclayo,Recurrente,2024-04-30,sbs,2025-11-09
27463800,23,Masculino,Lima,Nuevo,2024-01-17,sbs,2025-11-09
54244334,53,Masculino,Cusco,Recurrente,2024-07-29,sbs,2025-11-09
16904975,60,Masculino,Arequipa,Nuevo,2024-03-09,sbs,2025-11-09
78103759,36,Otro,Piura,Nuevo,2024-08-14,sbs,2025-11-09
56991504,31,Masculino,Arequipa,Nuevo,2023-04-21,sbs,2025-11-09
40354559,53,Femenino,Lima,Recurrente,2024-08-10,sbs,2025-11-09
13523729,69,Femenino,Cusco,Recurrente,2024-07-24,sbs,2025-11-09
51471222,56,Otro,Piura,Nuevo,2023-10-07,sbs,2025-11-09
86010330,39,Femenino,Lima,Nuevo,2023-05-27,sbs,2025-11-09
22315507,60,Femenino,Lima,Nuevo,2023-02-01,sbs,2025-11-09
55754284,65,Otro,Chiclayo,Nuevo,2024-04-09,sbs,2025-11-09
90023800,28,Femenino,Piura,Recurrente,2024-08-04,sbs,2025-11-09
20949687,23,Masculino,Chiclayo,Nuevo,2023-02-20,sbs,2025-11-09
65590800,35,Femenino,Arequipa,Nuevo,2024-03-28,sbs,2025-11-09
24883373,35,Masculino,Cusco,Nuevo,2024-03-16,sbs,2025-11-09
16095815,36,Otro,Cusco,Nuevo,2023-11-12,sbs,2025-11-09
50455821,32,Femenino,Cusco,Nuevo,2023-07-29,sbs,2025-11-09
11037490,31,Masculino,Piura,Nuevo,2023-05-03,sbs,2025-11-09
81481992,49,Otro,Arequipa,Nuevo,2024-01-25,sbs,2025-11-09
19673809,63,Masculino,Cusco,Nuevo,2023-12-29,sbs,2025-11-09
20450542,43,Otro,Lima,Nuevo,2024-04-15,sbs,2025-11-09
48858073,38,Otro,Arequipa,Nuevo,2024-03-03,sbs,2025-11-09
92963368,25,Femenino,Lima,Recurrente,2023-06-25,sbs,2025-11-09
42657384,47,Otro,Piura,Nuevo,2023-04-19,sbs,2025-11-09
51644346,45,Otro,Arequipa,Nuevo,2024-02-10,sbs,2025-11-09
20251466,65,Femenino,Chiclayo,Nuevo,2023-06-22,sbs,2025-11-09
56892354,50,Otro,Lima,Nuevo,2023-07-18,sbs,2025-11-09
44355473,40,Otro,Chiclayo,Nuevo,2023-05-30,sbs,2025-11-09
33776150,30,Masculino,Cusco,Nuevo,2023-03-19,sbs,2025-11-09
87774890,67,Otro,Arequipa,Nuevo,2024-07-31,sbs,2025-11-09
94183695,46,Otro,Cusco,Nuevo,2023-11-27,sbs,2025-11-09
94743076,38,Masculino,Arequipa,Nuevo,2024-03-28,sbs,2025-11-09
19957701,37,Femenino,Cusco,Nuevo,2024-06-03,sbs,2025-11-09
48530827,37,Femenino,Arequipa,Nuevo,2024-01-13,sbs,2025-11-09
61604364,22,Otro,Lima,Nuevo,2024-06-03,sbs,2025-11-09
70362235,47,Otro,Cusco,Recurrente,2023-02-12,sbs,2025-11-09
77292380,69,Otro,Chiclayo,Nuevo,2024-05-02,sbs,2025-11-09
21318464,27,Masculino,Arequipa,Nuevo,2023-12-18,sbs,2025-11-09
68978194,50,Otro,Chiclayo,Nuevo,2024-03-24,sbs,2025-11-09
47969333,51,Otro,Cusco,Nuevo,2024-01-17,sbs,2025-11-09
94676162,42,Femenino,Piura,Recurrente,2023-02-23,sbs,2025-11-09
61883769,59,Femenino,Lima,Nuevo,2024-07-25,sbs,2025-11-09
20939011,36,Femenino,Cusco,Recurrente,2023-12-08,sbs,2025-11-09
98054173,55,Otro,Chiclayo,Recurrente,2023-11-14,sbs,2025-11-09
51551377,62,Otro,Arequipa,Nuevo,2023-03-28,sbs,2025-11-09
22543044,53,Femenino,Piura,Recurrente,2024-06-23,sbs,2025-11-09
58667035,59,Otro,Arequipa,Nuevo,2023-01-19,sbs,2025-11-09
35770506,37,Masculino,Chiclayo,Nuevo,2024-05-12,sbs,2025-11-09
78140959,32,Masculino,Chiclayo,Nuevo,2023-04-14,sbs,2025-11-09
92950779,67,Otro,Cusco,Nuevo,2023-12-11,sbs,2025-11-09
93851247,26,Otro,Arequipa,Nuevo,2023-07-05,sbs,2025-11-09
41880763,69,Masculino,Arequipa,Nuevo,2024-01-09,sbs,2025-11-09
41407343,46,Otro,Piura,Recurrente,2024-04-04,sbs,2025-11-09
36040410,52,Masculino,Piura,Recurrente,2024-04-25,sbs,2025-11-09
47818761,41,Otro,Cusco,Recurrente,2024-04-17,sbs,2025-11-09
36802975,67,Femenino,Cusco,Nuevo,2023-06-15,sbs,2025-11-09
96057593,69,Otro,Chiclayo,Recurrente,2023-02-23,sbs,2025-11-09
26733967,48,Femenino,Cusco,Recurrente,2024-06-12,sbs,2025-11-09
29776801,36,Masculino,Chiclayo,Nuevo,2024-06-09,sbs,2025-11-09
13579612,45,Masculino,Chiclayo,Recurrente,2023-12-24,sbs,2025-11-09
61830338,44,Masculino,Arequipa,Nuevo,2023-08-30,sbs,2025-11-09
97236246,23,Femenino,Chiclayo,Nuevo,2023-04-12,sbs,2025-11-09
28628439,39,Masculino,Chiclayo,Nuevo,2024-04-28,sbs,2025-11-09
20633503,66,Otro,Arequipa,Nuevo,2023-01-06,sbs,2025-11-09
91722503,19,Femenino,Chiclayo,Recurrente,2024-07-15,sbs,2025-11-09
50419829,51,Femenino,Lima,Recurrente,2023-09-01,sbs,2025-11-09
18429833,25,Masculino,Chiclayo,Nuevo,2024-04-13,sbs,2025-11-09
87181563,25,Femenino,Cusco,Nuevo,2024-06-11,sbs,2025-11-09
92518345,33,Otro,Chiclayo,Nuevo,2023-01-02,sbs,2025-11-09
80260907,40,Masculino,Cusco,Nuevo,2023-03-29,sbs,2025-11-09
84377016,41,Masculino,Cusco,Nuevo,2024-06-03,sbs,2025-11-09
60103798,19,Femenino,Arequipa,Nuevo,2024-02-01,sbs,2025-11-09
56278607,34,Otro,Lima,Nuevo,2023-03-11,sbs,2025-11-09
27905932,33,Otro,Lima,Recurrente,2023-12-07,sbs,2025-11-09
72360629,20,Femenino,Cusco,Nuevo,2023-06-29,sbs,2025-11-09
71428713,62,Femenino,Chiclayo,Recurrente,2023-03-06,sbs,2025-11-09
15624520,20,Femenino,Chiclayo,Nuevo,2023-07-24,sbs,2025-11-09
73538641,38,Femenino,Cusco,Nuevo,2024-07-10,sbs,2025-11-09
98010774,34,Masculino,Chiclayo,Nuevo,2023-02-18,sbs,2025-11-09
63690013,39,Femenino,Lima,Recurrente,2024-03-23,sbs,2025-11-09
76599269,65,Femenino,Arequipa,Nuevo,2023-07-11,sbs,2025-11-09
45798645,62,Femenino,Piura,Recurrente,2024-06-15,sbs,2025-11-09
83212334,69,Masculino,Arequipa,Nuevo,2023-07-04,sbs,2025-11-09
51137177,36,Femenino,Lima,Nuevo,2023-10-30,sbs,2025-11-09
57183837,46,Otro,Arequipa,Nuevo,2024-03-30,sbs,2025-11-09
46850196,46,Masculino,Piura,Nuevo,2024-03-21,sbs,2025-11-09
58762794,58,Masculino,Lima,Recurrente,2024-02-20,sbs,2025-11-09
91547054,50,Otro,Chiclayo,Recurrente,2023-05-27,sbs,2025-11-09
96592295,61,Femenino,Lima,Nuevo,2023-08-30,sbs,2025-11-09
91214453,41,Femenino,Arequipa,Recurrente,2023-02-03,sbs,2025-11-09
69584522,27,Otro,Arequipa,Recurrente,2024-01-16,sbs,2025-11-09
63423225,66,Masculino,Cusco,Nuevo,2024-01-11,sbs,2025-11-09
13478029,38,Otro,Piura,Nuevo,2023-04-27,sbs,2025-11-09
25805613,65,Masculino,Arequipa,Nuevo,2024-07-29,sbs,2025-11-09
75927774,34,Femenino,Arequipa,Nuevo,2023-10-20,sbs,2025-11-09
33173544,30,Masculino,Chiclayo,Recurrente,2024-04-07,sbs,2025-11-09
99635939,63,Femenino,Lima,Recurrente,2023-11-24,sbs,2025-11-09
50259503,40,Otro,Lima,Nuevo,2023-10-25,sbs,2025-11-09
40097200,28,Otro,Chiclayo,Recurrente,2024-06-04,sbs,2025-11-09
13527782,25,Masculino,Chiclayo,Nuevo,2024-05-20,sbs,2025-11-09
27417599,41,Otro,Cusco,Nuevo,2024-07-18,sbs,2025-11-09
80557676,57,Masculino,Lima,Nuevo,2024-05-05,sbs,2025-11-09
96213226,44,Femenino,Cusco,Nuevo,2023-11-21,sbs,2025-11-09
27224779,22,Femenino,Arequipa,Recurrente,2023-12-19,sbs,2025-11-09
68065043,67,Otro,Cusco,Nuevo,2023-05-13,sbs,2025-11-09
32099899,50,Masculino,Lima,Nuevo,2023-11-08,sbs,2025-11-09
48124318,28,Femenino,Chiclayo,Nuevo,2024-06-15,sbs,2025-11-09
46836194,23,Femenino,Chiclayo,Nuevo,2024-07-18,sbs,2025-11-09
77454225,26,Otro,Piura,Nuevo,2023-04-06,sbs,2025-11-09
32978158,59,Masculino,Cusco,Recurrente,2023-06-07,sbs,2025-11-09
15529005,60,Otro,Cusco,Nuevo,2024-07-31,sbs,2025-11-09
45521514,70,Masculino,Lima,Nuevo,2024-08-13,sbs,2025-11-09
76845536,59,Masculino,Cusco,Nuevo,2023-02-01,sbs,2025-11-09
74819756,58,Otro,Piura,Nuevo,2023-11-06,sbs,2025-11-09
18041391,33,Otro,Arequipa,Nuevo,2023-03-16,sbs,2025-11-09
55659873,28,Femenino,Arequipa,Nuevo,2023-07-28,sbs,2025-11-09
56354851,56,Masculino,Piura,Recurrente,2023-11-23,sbs,2025-11-09
52831009,43,Masculino,Piura,Nuevo,2023-04-19,sbs,2025-11-09
28908276,33,Femenino,Lima,Nuevo,2023-09-11,sbs,2025-11-09
43322272,24,Masculino,Piura,Recurrente,2024-03-04,sbs,2025-11-09
31386576,28,Femenino,Cusco,Recurrente,2023-07-14,sbs,2025-11-09
76755908,49,Otro,Arequipa,Nuevo,2023-11-12,sbs,2025-11-09
38876195,19,Masculino,Arequipa,Nuevo,2023-09-04,sbs,2025-11-09
90197611,55,Femenino,Lima,Nuevo,2024-05-21,sbs,2025-11-09
24428014,59,Otro,Arequipa,Nuevo,2023-01-09,sbs,2025-11-09
59115280,45,Masculino,Piura,Recurrente,2024-02-17,sbs,2025-11-09
58657117,20,Femenino,Lima,Nuevo,2023-07-19,sbs,2025-11-09
83800569,53,Femenino,Lima,Nuevo,2024-04-06,sbs,2025-11-09
62868861,35,Otro,Cusco,Nuevo,2023-04-10,sbs,2025-11-09
36717096,41,Femenino,Cusco,Recurrente,2023-05-28,sbs,2025-11-09
15222944,56,Otro,Arequipa,Nuevo,2023-02-16,sbs,2025-11-09
71335966,26,Otro,Piura,Recurrente,2024-06-15,sbs,2025-11-09
31810655,27,Otro,Cusco,Nuevo,2023-11-23,sbs,2025-11-09
78412668,43,Otro,Piura,Nuevo,2024-06-03,sbs,2025-11-09
59440148,52,Femenino,Cusco,Nuevo,2023-01-18,sbs,2025-11-09
51295819,39,Otro,Lima,Recurrente,2024-08-20,sbs,2025-11-09
97991930,68,Otro,Lima,Nuevo,2023-09-29,sbs,2025-11-09
88319168,68,Otro,Cusco,Nuevo,2023-02-22,sbs,2025-11-09
29834119,48,Masculino,Cusco,Nuevo,2024-01-25,sbs,2025-11-09
35606639,70,Otro,Chiclayo,Nuevo,2023-04-23,sbs,2025-11-09
37365878,19,Femenino,Piura,Nuevo,2024-02-27,sbs,2025-11-09
28533117,44,Otro,Cusco,Recurrente,2023-03-05,sbs,2025-11-09
80528349,51,Masculino,Cusco,Nuevo,2024-05-04,sbs,2025-11-09
55946354,42,Femenino,Chiclayo,Nuevo,2024-06-29,sbs,2025-11-09
43087238,52,Femenino,Piura,Nuevo,2023-07-16,sbs,2025-11-09
48789478,35,Otro,Piura,Nuevo,2023-11-01,sbs,2025-11-09
85227370,63,Masculino,Arequipa,Nuevo,2023-12-24,sbs,2025-11-09
82905845,68,Otro,Piura,Nuevo,2024-08-10,sbs,2025-11-09
48983895,42,Femenino,Piura,Recurrente,2023-05-30,sbs,2025-11-09
98043078,20,Femenino,Lima,Nuevo,2024-03-28,sbs,2025-11-09
46390817,34,Otro,Arequipa,Nuevo,2024-07-05,sbs,2025-11-09
42115895,53,Otro,Piura,Nuevo,2024-08-23,sbs,2025-11-09
17045237,33,Masculino,Cusco,Nuevo,2023-08-27,sbs,2025-11-09
28450513,24,Femenino,Piura,Recurrente,2023-04-13,sbs,2025-11-09
74082055,18,Otro,Chiclayo,Nuevo,2024-05-02,sbs,2025-11-09
22007214,59,Masculino,Piura,Nuevo,2023-03-02,sbs,2025-11-09
33496796,59,Otro,Chiclayo,Nuevo,2023-02-08,sbs,2025-11-09
76489301,44,Masculino,Lima,Recurrente,2024-02-11,sbs,2025-11-09
50049524,29,Otro,Piura,Recurrente,2023-01-10,sbs,2025-11-09
48193218,54,Otro,Lima,Recurrente,2023-12-10,sbs,2025-11-09
77674279,47,Otro,Cusco,Nuevo,2023-05-18,sbs,2025-11-09
31809610,47,Femenino,Chiclayo,Recurrente,2023-12-05,sbs,2025-11-09
55246430,64,Femenino,Piura,Recurrente,2023-01-15,sbs,2025-11-09
33554528,68,Femenino,Cusco,Recurrente,2023-07-17,sbs,2025-11-09
54013571,57,Otro,Arequipa,Recurrente,2024-06-11,sbs,2025-11-09
74082804,23,Femenino,Lima,Nuevo,2023-05-24,sbs,2025-11-09
69959826,38,Masculino,Lima,Nuevo,2023-08-30,sbs,2025-11-09
11534878,66,Femenino,Piura,Nuevo,2024-08-09,sbs,2025-11-09
99628735,34,Otro,Piura,Recurrente,2023-03-05,sbs,2025-11-09
51738753,25,Femenino,Piura,Nuevo,2024-05-29,sbs,2025-11-09
39410942,62,Masculino,Piura,Nuevo,2023-08-15,sbs,2025-11-09
65813853,26,Femenino,Chiclayo,Nuevo,2024-01-18,sbs,2025-11-09
43214247,62,Otro,Arequipa,Recurrente,2023-08-12,sbs,2025-11-09
58557943,61,Otro,Lima,Nuevo,2024-06-24,sbs,2025-11-09
77845324,22,Otro,Lima,Nuevo,2024-07-14,sbs,2025-11-09
79839059,30,Otro,Cusco,Nuevo,2023-12-02,sbs,2025-11-09
22205980,46,Masculino,Chiclayo,Recurrente,2024-05-15,sbs,2025-11-09
65757342,50,Femenino,Lima,Nuevo,2024-06-09,sbs,2025-11-09
12921981,47,Otro,Lima,Nuevo,2023-11-12,sbs,2025-11-09
19801857,43,Femenino,Lima,Recurrente,2024-08-15,sbs,2025-11-09
18087373,20,Femenino,Piura,Recurrente,2024-07-08,sbs,2025-11-09
28176954,22,Femenino,Lima,Nuevo,2023-07-04,sbs,2025-11-09
70201634,67,Otro,Arequipa,Nuevo,2024-01-27,sbs,2025-11-09
27849589,42,Femenino,Lima,Recurrente,2024-07-06,sbs,2025-11-09
62755436,59,Femenino,Lima,Nuevo,2024-07-04,sbs,2025-11-09
50045602,51,Masculino,Chiclayo,Recurrente,2023-01-24,sbs,2025-11-09
40824989,47,Otro,Cusco,Nuevo,2024-01-24,sbs,2025-11-09
25145751,33,Femenino,Piura,Nuevo,2023-07-13,sbs,2025-11-09
42301683,20,Otro,Arequipa,Nuevo,2023-01-17,sbs,2025-11-09
90233330,31,Masculino,Lima,Nuevo,2024-04-02,sbs,2025-11-09
63991141,61,Otro,Lima,Nuevo,2023-02-15,sbs,2025-11-09
28808678,46,Masculino,Cusco,Nuevo,2023-02-27,sbs,2025-11-09
52802529,50,Femenino,Chiclayo,Recurrente,2024-08-12,sbs,2025-11-09
98612211,54,Otro,Piura,Nuevo,2023-05-27,sbs,2025-11-09
84721440,51,Masculino,Arequipa,Nuevo,2023-03-04,sbs,2025-11-09
84605013,55,Otro,Chiclayo,Nuevo,2024-03-13,sbs,2025-11-09
80392240,49,Masculino,Piura,Recurrente,2024-01-26,sbs,2025-11-09
60527631,38,Otro,Arequipa,Nuevo,2023-11-04,sbs,2025-11-09
50364158,29,Otro,Arequipa,Nuevo,2023-08-19,sbs,2025-11-09
65388634,63,Masculino,Arequipa,Recurrente,2024-07-29,sbs,2025-11-09
44224936,44,Otro,Cusco,Nuevo,2023-09-06,sbs,2025-11-09
22410307,31,Femenino,Lima,Recurrente,2024-01-15,sbs,2025-11-09
91197624,52,Otro,Chiclayo,Nuevo,2024-01-22,sbs,2025-11-09
39127464,56,Masculino,Lima,Nuevo,2024-07-26,sbs,2025-11-09
38428357,48,Masculino,Piura,Nuevo,2023-01-16,sbs,2025-11-09
42560305,30,Otro,Lima,Recurrente,2024-05-05,sbs,2025-11-09
84098828,62,Otro,Chiclayo,Nuevo,2023-09-03,sbs,2025-11-09
51395738,38,Femenino,Arequipa,Nuevo,2024-01-03,sbs,2025-11-09
23234972,34,Femenino,Cusco,Recurrente,2024-04-22,sbs,2025-11-09
37263310,69,Otro,Arequipa,Recurrente,2023-11-24,sbs,2025-11-09
29585415,41,Femenino,Arequipa,Nuevo,2023-08-15,sbs,2025-11-09
66046380,19,Femenino,Cusco,Recurrente,2024-08-16,sbs,2025-11-09
86475853,36,Masculino,Chiclayo,Nuevo,2024-01-24,sbs,2025-11-09
44537812,33,Femenino,Cusco,Recurrente,2023-12-12,sbs,2025-11-09
32718459,66,Femenino,Arequipa,Nuevo,2023-12-27,sbs,2025-11-09
96142207,26,Otro,Cusco,Nuevo,2024-07-09,sbs,2025-11-09
99686372,21,Otro,Lima,Recurrente,2023-03-18,sbs,2025-11-09
19122502,21,Masculino,Arequipa,Nuevo,2023-08-25,sbs,2025-11-09
60090149,63,Masculino,Lima,Nuevo,2024-04-11,sbs,2025-11-09
12111482,21,Otro,Cusco,Recurrente,2024-05-14,sbs,2025-11-09
81057233,18,Otro,Cusco,Nuevo,2023-01-18,sbs,2025-11-09
77406294,64,Femenino,Cusco,Recurrente,2023-01-18,sbs,2025-11-09
24363501,70,Otro,Arequipa,Recurrente,2023-07-03,sbs,2025-11-09
43878996,24,Otro,Chiclayo,Nuevo,2024-06-23,sbs,2025-11-09
60070135,70,Femenino,Piura,Recurrente,2023-03-22,sbs,2025-11-09
50261914,43,Femenino,Cusco,Nuevo,2023-08-20,sbs,2025-11-09
60622842,61,Masculino,Lima,Nuevo,2024-01-24,sbs,2025-11-09
21097943,53,Femenino,Lima,Nuevo,2023-06-25,sbs,2025-11-09
80888325,49,Femenino,Piura,Nuevo,2023-04-08,sbs,2025-11-09
73820568,20,Masculino,Chiclayo,Recurrente,2024-08-03,sbs,2025-11-09
82884346,35,Masculino,Lima,Recurrente,2023-10-15,sbs,2025-11-09
12101593,54,Otro,Lima,Nuevo,2023-11-19,sbs,2025-11-09
20326375,31,Otro,Chiclayo,Recurrente,2024-02-12,sbs,2025-11-09
82553061,37,Masculino,Cusco,Nuevo,2024-02-03,sbs,2025-11-09
77215278,39,Femenino,Chiclayo,Recurrente,2023-03-22,sbs,2025-11-09
20202996,65,Femenino,Lima,Nuevo,2023-08-26,sbs,2025-11-09
53805532,39,Otro,Cusco,Recurrente,2024-02-11,sbs,2025-11-09
75847681,19,Otro,Piura,Recurrente,2024-04-06,sbs,2025-11-09
34929311,32,Femenino,Cusco,Recurrente,2024-03-18,sbs,2025-11-09
43077929,61,Otro,Arequipa,Nuevo,2023-10-30,sbs,2025-11-09
95080736,63,Masculino,Lima,Nuevo,2024-01-25,sbs,2025-11-09
22283664,27,Otro,Arequipa,Nuevo,2023-04-20,sbs,2025-11-09
23721268,18,Femenino,Arequipa,Nuevo,2023-10-04,sbs,2025-11-09
84455942,26,Masculino,Chiclayo,Nuevo,2024-07-24,sbs,2025-11-09
84386123,50,Femenino,Lima,Nuevo,2023-12-29,sbs,2025-11-09
11656329,23,Otro,Cusco,Recurrente,2024-01-30,sbs,2025-11-09
42580349,36,Femenino,Arequipa,Recurrente,2024-07-26,sbs,2025-11-09
28634797,54,Otro,Chiclayo,Recurrente,2023-06-23,sbs,2025-11-09
32442197,35,Femenino,Piura,Nuevo,2023-03-06,sbs,2025-11-09
58469365,45,Femenino,Arequipa,Nuevo,2023-03-20,sbs,2025-11-09
71453148,34,Masculino,Arequipa,Nuevo,2023-07-20,sbs,2025-11-09
54589439,24,Masculino,Piura,Nuevo,2024-02-10,sbs,2025-11-09
97380687,57,Femenino,Piura,Nuevo,2024-03-16,sbs,2025-11-09
74291599,56,Masculino,Piura,Nuevo,2023-07-25,sbs,2025-11-09
94946730,38,Masculino,Arequipa,Recurrente,2023-10-26,sbs,2025-11-09
62738860,49,Otro,Chiclayo,Nuevo,2023-10-15,sbs,2025-11-09
34149421,41,Masculino,Cusco,Nuevo,2024-07-12,sbs,2025-11-09
38138531,61,Otro,Lima,Recurrente,2024-04-17,sbs,2025-11-09
77015343,46,Femenino,Lima,Recurrente,2024-02-23,sbs,2025-11-09
66791272,26,Otro,Piura,Nuevo,2023-06-07,sbs,2025-11-09
88147469,68,Femenino,Lima,Nuevo,2024-05-05,sbs,2025-11-09
82966824,43,Otro,Cusco,Recurrente,2024-03-04,sbs,2025-11-09
24679315,20,Femenino,Cusco,Nuevo,2023-03-29,sbs,2025-11-09
85594147,67,Masculino,Piura,Nuevo,2023-02-15,sbs,2025-11-09
67774765,59,Otro,Arequipa,Recurrente,2023-12-06,sbs,2025-11-09
79631857,24,Masculino,Lima,Nuevo,2024-06-06,sbs,2025-11-09
62497139,53,Otro,Cusco,Nuevo,2024-01-19,sbs,2025-11-09
56300738,47,Otro,Cusco,Recurrente,2023-06-04,sbs,2025-11-09
25578562,19,Femenino,Lima,Nuevo,2023-03-29,sbs,2025-11-09
37765262,64,Masculino,Piura,Nuevo,2024-04-11,sbs,2025-11-09
70726434,51,Femenino,Piura,Nuevo,2024-03-24,sbs,2025-11-09
13031322,38,Masculino,Piura,Nuevo,2023-04-28,sbs,2025-11-09
42737441,39,Otro,Lima,Recurrente,2023-06-18,sbs,2025-11-09
67226329,51,Masculino,Cusco,Nuevo,2024-07-27,sbs,2025-11-09
95963619,47,Masculino,Arequipa,Nuevo,2023-07-10,sbs,2025-11-09
70340936,60,Femenino,Arequipa,Nuevo,2023-07-22,sbs,2025-11-09
37619925,55,Femenino,Arequipa,Nuevo,2023-08-08,sbs,2025-11-09
35093324,35,Otro,Lima,Nuevo,2024-07-03,sbs,2025-11-09
75697427,41,Femenino,Chiclayo,Nuevo,2023-09-26,sbs,2025-11-09
88786439,51,Otro,Piura,Nuevo,2024-02-06,sbs,2025-11-09
49922369,25,Femenino,Piura,Recurrente,2023-06-26,sbs,2025-11-09
25819123,57,Otro,Lima,Recurrente,2023-11-17,sbs,2025-11-09
78561753,33,Femenino,Lima,Nuevo,2023-05-25,sbs,2025-11-09
66779304,42,Femenino,Cusco,Nuevo,2024-01-28,sbs,2025-11-09
84479105,29,Femenino,Cusco,Recurrente,2023-06-27,sbs,2025-11-09
70532325,28,Femenino,Piura,Nuevo,2023-11-19,sbs,2025-11-09
28325379,57,Masculino,Piura,Recurrente,2024-05-11,sbs,2025-11-09
64913082,30,Femenino,Cusco,Nuevo,2024-05-21,sbs,2025-11-09
75592138,61,Femenino,Arequipa,Recurrente,2024-03-30,sbs,2025-11-09
49203644,28,Masculino,Cusco,Nuevo,2023-08-14,sbs,2025-11-09
71380637,20,Femenino,Chiclayo,Nuevo,2023-06-22,sbs,2025-11-09
86868379,54,Otro,Arequipa,Nuevo,2023-04-26,sbs,2025-11-09
82751830,25,Femenino,Cusco,Recurrente,2024-01-11,sbs,2025-11-09
23746101,70,Masculino,Arequipa,Nuevo,2024-03-11,sbs,2025-11-09
70362053,65,Otro,Chiclayo,Nuevo,2023-02-03,sbs,2025-11-09
41802361,34,Femenino,Lima,Nuevo,2023-05-01,sbs,2025-11-09
32277675,31,Otro,Cusco,Recurrente,2024-03-14,sbs,2025-11-09
86514083,57,Masculino,Chiclayo,Recurrente,2023-03-02,sbs,2025-11-09
53440052,40,Otro,Piura,Nuevo,2023-06-22,sbs,2025-11-09
22780905,63,Femenino,Piura,Nuevo,2024-06-10,sbs,2025-11-09
27809465,26,Femenino,Lima,Recurrente,2023-05-10,sbs,2025-11-09
75694038,33,Masculino,Piura,Recurrente,2024-02-07,sbs,2025-11-09
70665302,27,Otro,Piura,Nuevo,2024-01-20,sbs,2025-11-09
59535894,22,Otro,Lima,Nuevo,2023-10-12,sbs,2025-11-09
71532017,47,Femenino,Piura,Nuevo,2023-04-06,sbs,2025-11-09
63380520,58,Otro,Piura,Recurrente,2024-07-01,sbs,2025-11-09
48063218,31,Femenino,Chiclayo,Nuevo,2023-11-27,sbs,2025-11-09
56135950,39,Otro,Cusco,Nuevo,2024-05-11,sbs,2025-11-09
12185246,61,Masculino,Lima,Nuevo,2024-04-15,sbs,2025-11-09
37154689,25,Masculino,Arequipa,Nuevo,2024-03-14,sbs,2025-11-09
22527880,62,Masculino,Piura,Nuevo,2023-10-08,sbs,2025-11-09
16950770,59,Femenino,Piura,Nuevo,2023-06-19,sbs,2025-11-09
67610401,43,Otro,Piura,Recurrente,2023-08-28,sbs,2025-11-09
20460758,59,Masculino,Lima,Nuevo,2024-05-03,sbs,2025-11-09
11246473,26,Otro,Chiclayo,Nuevo,2024-03-31,sbs,2025-11-09
27740248,18,Otro,Piura,Recurrente,2024-03-08,sbs,2025-11-09
23851475,48,Masculino,Chiclayo,Nuevo,2023-04-15,sbs,2025-11-09
96110892,38,Femenino,Piura,Nuevo,2023-05-17,sbs,2025-11-09
91915661,61,Masculino,Lima,Nuevo,2023-01-09,sbs,2025-11-09
94299475,59,Masculino,Arequipa,Nuevo,2023-08-07,sbs,2025-11-09
39158087,65,Masculino,Arequipa,Nuevo,2024-03-29,sbs,2025-11-09
57182314,23,Masculino,Chiclayo,Recurrente,2024-01-29,sbs,2025-11-09
43308414,45,Femenino,Chiclayo,Nuevo,2023-03-28,sbs,2025-11-09
13600310,53,Otro,Cusco,Recurrente,2023-10-19,sbs,2025-11-09
35319707,60,Femenino,Chiclayo,Nuevo,2024-06-05,sbs,2025-11-09
76422705,65,Femenino,Piura,Nuevo,2023-09-03,sbs,2025-11-09
80905413,42,Masculino,Chiclayo,Nuevo,2023-03-14,sbs,2025-11-09
66487347,18,Femenino,Piura,Nuevo,2024-08-05,sbs,2025-11-09
12240013,41,Otro,Chiclayo,Recurrente,2023-03-16,sbs,2025-11-09
18115992,55,Masculino,Lima,Nuevo,2023-02-10,sbs,2025-11-09
65758338,68,Femenino,Cusco,Nuevo,2024-05-28,sbs,2025-11-09
82162880,45,Otro,Arequipa,Nuevo,2024-07-03,sbs,2025-11-09
78626154,57,Masculino,Piura,Nuevo,2023-03-22,sbs,2025-11-09
95133532,31,Masculino,Cusco,Nuevo,2024-08-23,sbs,2025-11-09
42029368,66,Otro,Lima,Nuevo,2024-03-23,sbs,2025-11-09
70850538,21,Masculino,Lima,Recurrente,2023-04-29,sbs,2025-11-09
26031369,57,Otro,Lima,Nuevo,2023-06-29,sbs,2025-11-09
76627415,18,Otro,Chiclayo,Recurrente,2023-06-17,sbs,2025-11-09
32409388,40,Otro,Cusco,Recurrente,2023-09-23,sbs,2025-11-09
13940129,41,Masculino,Piura,Recurrente,2023-05-01,sbs,2025-11-09
87396877,39,Femenino,Piura,Nuevo,2023-09-27,sbs,2025-11-09
17440911,58,Masculino,Arequipa,Nuevo,2024-01-04,sbs,2025-11-09
23811663,49,Otro,Chiclayo,Nuevo,2023-09-19,sbs,2025-11-09
10344739,54,Otro,Lima,Nuevo,2024-06-05,sbs,2025-11-09
61402634,20,Masculino,Chiclayo,Nuevo,2024-01-08,sbs,2025-11-09
40133935,27,Masculino,Lima,Nuevo,2024-03-05,sbs,2025-11-09
46407626,38,Masculino,Arequipa,Recurrente,2023-11-24,sbs,2025-11-09
17069536,70,Masculino,Cusco,Nuevo,2024-05-29,sbs,2025-11-09
19251149,29,Masculino,Cusco,Recurrente,2024-02-15,sbs,2025-11-09
71303434,47,Femenino,Piura,Nuevo,2024-07-20,sbs,2025-11-09
93579731,18,Femenino,Chiclayo,Nuevo,2023-11-08,sbs,2025-11-09
36229153,33,Femenino,Piura,Nuevo,2024-05-20,sbs,2025-11-09
13209180,64,Otro,Chiclayo,Nuevo,2024-02-24,sbs,2025-11-09
54965270,32,Otro,Piura,Nuevo,2023-01-10,sbs,2025-11-09
23951801,18,Otro,Arequipa,Recurrente,2023-11-11,sbs,2025-11-09
29109045,31,Otro,Chiclayo,Nuevo,2023-03-03,sbs,2025-11-09
79760901,63,Femenino,Lima,Nuevo,2023-08-26,sbs,2025-11-09
87949714,44,Otro,Piura,Nuevo,2023-03-28,sbs,2025-11-09
20043577,24,Otro,Chiclayo,Nuevo,2024-02-08,sbs,2025-11-09
41778964,55,Otro,Lima,Nuevo,2023-05-14,sbs,2025-11-09
53788744,36,Femenino,Piura,Recurrente,2024-02-07,sbs,2025-11-09
28268622,38,Femenino,Piura,Nuevo,2023-07-27,sbs,2025-11-09
70339827,67,Otro,Lima,Nuevo,2023-06-18,sbs,2025-11-09
37868462,47,Femenino,Arequipa,Nuevo,2024-01-02,sbs,2025-11-09
22136086,46,Femenino,Arequipa,Nuevo,2023-05-03,sbs,2025-11-09
38859601,28,Otro,Piura,Recurrente,2023-02-11,sbs,2025-11-09
63183031,38,Masculino,Lima,Recurrente,2023-12-31,sbs,2025-11-09
14171767,50,Masculino,Piura,Nuevo,2023-06-28,sbs,2025-11-09
22713811,43,Femenino,Cusco,Recurrente,2023-09-13,sbs,2025-11-09
39835008,47,Masculino,Chiclayo,Nuevo,2023-03-05,sbs,2025-11-09
88158177,26,Masculino,Arequipa,Nuevo,2023-03-28,sbs,2025-11-09
36541600,55,Femenino,Lima,Nuevo,2023-03-08,sbs,2025-11-09
26445384,59,Femenino,Chiclayo,Nuevo,2023-12-06,sbs,2025-11-09
68137264,20,Femenino,Lima,Nuevo,2024-08-10,sbs,2025-11-09
67265875,70,Otro,Arequipa,Nuevo,2024-01-27,sbs,2025-11-09
47561442,29,Femenino,Chiclayo,Recurrente,2023-10-09,sbs,2025-11-09
96876236,46,Masculino,Lima,Nuevo,2023-09-09,sbs,2025-11-09
18184472,36,Femenino,Arequipa,Recurrente,2024-05-05,sbs,2025-11-09
96255361,23,Femenino,Arequipa,Nuevo,2023-07-24,sbs,2025-11-09
12621269,69,Otro,Chiclayo,Nuevo,2024-07-10,sbs,2025-11-09
56175477,42,Otro,Piura,Nuevo,2024-05-11,sbs,2025-11-09
13498112,54,Otro,Piura,Nuevo,2023-07-04,sbs,2025-11-09
17863981,38,Otro,Chiclayo,Nuevo,2023-10-15,sbs,2025-11-09
41240803,69,Femenino,Cusco,Nuevo,2024-08-21,sbs,2025-11-09
81630600,28,Masculino,Chiclayo,Recurrente,2023-09-30,sbs,2025-11-09
87268086,70,Otro,Lima,Recurrente,2023-08-13,sbs,2025-11-09
33635791,69,Femenino,Piura,Recurrente,2023-06-27,sbs,2025-11-09
89398174,33,Otro,Piura,Recurrente,2024-01-03,sbs,2025-11-09
29072646,19,Otro,Piura,Recurrente,2024-07-31,sbs,2025-11-09
75825262,54,Masculino,Arequipa,Nuevo,2023-06-29,sbs,2025-11-09
12674689,20,Masculino,Lima,Nuevo,2023-08-13,sbs,2025-11-09
27514010,51,Femenino,Lima,Nuevo,2023-07-26,sbs,2025-11-09
17993466,39,Otro,Chiclayo,Recurrente,2023-11-28,sbs,2025-11-09
24887509,19,Masculino,Cusco,Recurrente,2023-05-26,sbs,2025-11-09
88653825,51,Femenino,Lima,Nuevo,2024-02-10,sbs,2025-11-09
68635481,24,Femenino,Piura,Nuevo,2023-06-11,sbs,2025-11-09
85427317,68,Otro,Arequipa,Nuevo,2023-06-28,sbs,2025-11-09
60785855,62,Otro,Piura,Nuevo,2023-06-29,sbs,2025-11-09
86884584,37,Otro,Piura,Nuevo,2023-01-02,sbs,2025-11-09
92058189,43,Otro,Lima,Nuevo,2023-11-22,sbs,2025-11-09
28876833,32,Otro,Cusco,Nuevo,2024-05-23,sbs,2025-11-09
32533467,39,Otro,Lima,Nuevo,2023-11-24,sbs,2025-11-09
38143348,58,Masculino,Piura,Nuevo,2023-09-29,sbs,2025-11-09
10171954,33,Otro,Lima,Nuevo,2023-04-21,sbs,2025-11-09
65568711,21,Femenino,Arequipa,Recurrente,2023-06-20,sbs,2025-11-09
74355957,49,Femenino,Piura,Nuevo,2023-04-14,sbs,2025-11-09
14484588,68,Otro,Chiclayo,Nuevo,2023-03-17,sbs,2025-11-09
19959009,36,Masculino,Piura,Nuevo,2023-04-18,sbs,2025-11-09
83423305,39,Masculino,Arequipa,Nuevo,2023-03-18,sbs,2025-11-09
14159837,23,Femenino,Cusco,Recurrente,2024-05-09,sbs,2025-11-09
31086112,45,Otro,Chiclayo,Nuevo,2024-03-20,sbs,2025-11-09
64932613,21,Masculino,Piura,Nuevo,2023-07-14,sbs,2025-11-09
49916439,62,Otro,Cusco,Nuevo,2023-10-16,sbs,2025-11-09
75893962,33,Masculino,Lima,Nuevo,2024-07-16,sbs,2025-11-09
49533757,27,Masculino,Piura,Nuevo,2023-03-31,sbs,2025-11-09
13454186,70,Otro,Cusco,Nuevo,2023-04-10,sbs,2025-11-09
25503345,31,Masculino,Piura,Recurrente,2024-04-29,sbs,2025-11-09
22232184,37,Femenino,Arequipa,Nuevo,2023-09-29,sbs,2025-11-09
59580252,59,Otro,Arequipa,Nuevo,2024-01-26,sbs,2025-11-09
45353058,29,Femenino,Lima,Nuevo,2024-04-21,sbs,2025-11-09
21503440,32,Femenino,Cusco,Nuevo,2023-04-10,sbs,2025-11-09
84303190,60,Femenino,Cusco,Nuevo,2023-08-21,sbs,2025-11-09
73729850,21,Femenino,Cusco,Nuevo,2024-07-02,sbs,2025-11-09
14661179,54,Masculino,Arequipa,Nuevo,2024-02-09,sbs,2025-11-09
26143959,50,Otro,Cusco,Recurrente,2023-05-31,sbs,2025-11-09
38439415,66,Femenino,Chiclayo,Recurrente,2023-06-21,sbs,2025-11-09
68437492,69,Masculino,Chiclayo,Nuevo,2023-03-22,sbs,2025-11-09
52916049,30,Otro,Chiclayo,Recurrente,2023-09-22,sbs,2025-11-09
84095459,64,Masculino,Lima,Nuevo,2024-02-11,sbs,2025-11-09
93625419,38,Femenino,Cusco,Nuevo,2023-01-13,sbs,2025-11-09
29891032,55,Otro,Arequipa,Nuevo,2023-06-03,sbs,2025-11-09
24178065,54,Otro,Cusco,Recurrente,2023-04-13,sbs,2025-11-09
65148727,54,Masculino,Piura,Recurrente,2023-12-19,sbs,2025-11-09
15028557,34,Femenino,Arequipa,Nuevo,2024-04-29,sbs,2025-11-09
15205303,29,Femenino,Arequipa,Nuevo,2024-02-16,sbs,2025-11-09
46048781,43,Femenino,Chiclayo,Nuevo,2024-05-01,sbs,2025-11-09
51734908,41,Masculino,Piura,Recurrente,2023-11-07,sbs,2025-11-09
28036919,35,Femenino,Lima,Recurrente,2023-08-22,sbs,2025-11-09
46160937,37,Otro,Arequipa,Recurrente,2023-11-25,sbs,2025-11-09
69286198,64,Femenino,Cusco,Nuevo,2023-07-12,sbs,2025-11-09
17543817,31,Femenino,Arequipa,Recurrente,2024-01-18,sbs,2025-11-09
64141437,50,Masculino,Lima,Nuevo,2024-06-02,sbs,2025-11-09
36941091,26,Otro,Cusco,Nuevo,2023-07-17,sbs,2025-11-09
36724061,21,Masculino,Lima,Nuevo,2024-01-05,sbs,2025-11-09
14102122,35,Femenino,Arequipa,Nuevo,2023-05-07,sbs,2025-11-09
73697356,33,Femenino,Arequipa,Nuevo,2023-07-01,sbs,2025-11-09
22132198,55,Otro,Piura,Nuevo,2023-09-22,sbs,2025-11-09
38765353,36,Masculino,Arequipa,Nuevo,2024-08-08,sbs,2025-11-09
97454571,32,Otro,Chiclayo,Recurrente,2023-10-03,sbs,2025-11-09
73632249,44,Otro,Lima,Recurrente,2023-01-10,sbs,2025-11-09
40033905,26,Otro,Chiclayo,Nuevo,2023-01-09,sbs,2025-11-09
66882385,34,Otro,Piura,Recurrente,2023-10-09,sbs,2025-11-09
50553227,42,Femenino,Arequipa,Nuevo,2024-04-22,sbs,2025-11-09
10986174,61,Otro,Cusco,Nuevo,2023-04-15,sbs,2025-11-09
50060760,50,Otro,Piura,Nuevo,2023-10-17,sbs,2025-11-09
95979171,61,Masculino,Arequipa,Nuevo,2023-10-11,sbs,2025-11-09
35281262,38,Femenino,Piura,Recurrente,2023-11-02,sbs,2025-11-09
98654879,27,Otro,Chiclayo,Recurrente,2024-02-18,sbs,2025-11-09
49675382,38,Otro,Chiclayo,Recurrente,2024-05-24,sbs,2025-11-09
88252116,34,Femenino,Arequipa,Nuevo,2023-02-06,sbs,2025-11-09
81757508,63,Otro,Chiclayo,Nuevo,2023-08-16,sbs,2025-11-09
98263548,58,Femenino,Piura,Nuevo,2023-06-24,sbs,2025-11-09
44715663,53,Masculino,Piura,Nuevo,2023-05-12,sbs,2025-11-09
97836731,64,Otro,Chiclayo,Recurrente,2023-12-10,sbs,2025-11-09
66434872,23,Masculino,Piura,Nuevo,2023-11-11,sbs,2025-11-09
72244897,68,Femenino,Piura,Nuevo,2023-10-29,sbs,2025-11-09
87888306,25,Femenino,Lima,Recurrente,2024-08-20,sbs,2025-11-09
26081422,57,Masculino,Arequipa,Recurrente,2024-05-27,sbs,2025-11-09
30237141,61,Femenino,Cusco,Nuevo,2023-02-25,sbs,2025-11-09
71414198,26,Masculino,Piura,Nuevo,2024-08-06,sbs,2025-11-09
54644768,27,Femenino,Chiclayo,Recurrente,2024-05-14,sbs,2025-11-09
70673557,58,Masculino,Piura,Nuevo,2023-01-05,sbs,2025-11-09
75709924,35,Masculino,Chiclayo,Nuevo,2023-06-12,sbs,2025-11-09
64142556,68,Masculino,Chiclayo,Nuevo,2024-03-15,sbs,2025-11-09
36764927,45,Femenino,Arequipa,Nuevo,2024-06-30,sbs,2025-11-09
35578773,64,Femenino,Lima,Recurrente,2024-06-27,sbs,2025-11-09
40368869,19,Otro,Lima,Nuevo,2023-09-12,sbs,2025-11-09
77556678,62,Femenino,Piura,Nuevo,2024-01-28,sbs,2025-11-09
50024028,55,Femenino,Chiclayo,Nuevo,2023-02-16,sbs,2025-11-09
68205561,36,Femenino,Cusco,Nuevo,2023-12-12,sbs,2025-11-09
58217837,61,Masculino,Piura,Recurrente,2024-05-16,sbs,2025-11-09
12566878,66,Masculino,Chiclayo,Recurrente,2024-02-18,sbs,2025-11-09
89147232,32,Masculino,Chiclayo,Nuevo,2023-01-23,sbs,2025-11-09
60357475,50,Masculino,Lima,Nuevo,2023-02-08,sbs,2025-11-09
98848098,58,Femenino,Cusco,Nuevo,2023-02-19,sbs,2025-11-09
65938669,24,Otro,Lima,Nuevo,2023-04-29,sbs,2025-11-09
30552371,46,Femenino,Lima,Nuevo,2024-04-30,sbs,2025-11-09
98916958,31,Otro,Lima,Nuevo,2023-04-14,sbs,2025-11-09
66213840,51,Femenino,Cusco,Nuevo,2023-05-21,sbs,2025-11-09
24262473,24,Otro,Cusco,Nuevo,2023-04-27,sbs,2025-11-09
80215481,49,Masculino,Cusco,Nuevo,2023-09-27,sbs,2025-11-09
83569939,30,Femenino,Arequipa,Nuevo,2023-02-10,sbs,2025-11-09
11711195,49,Masculino,Arequipa,Nuevo,2023-01-03,sbs,2025-11-09
30017834,60,Masculino,Lima,Recurrente,2024-05-20,sbs,2025-11-09
44345256,23,Otro,Lima,Recurrente,2023-04-14,sbs,2025-11-09
45450260,59,Masculino,Arequipa,Recurrente,2023-10-31,sbs,2025-11-09
48999266,47,Masculino,Lima,Recurrente,2023-02-10,sbs,2025-11-09
22750478,41,Otro,Piura,Nuevo,2023-04-29,sbs,2025-11-09
54112109,66,Masculino,Lima,Recurrente,2023-06-24,sbs,2025-11-09
60012498,40,Femenino,Cusco,Nuevo,2023-04-06,sbs,2025-11-09
71275585,70,Femenino,Chiclayo,Nuevo,2024-02-14,sbs,2025-11-09
25174194,35,Femenino,Arequipa,Recurrente,2023-06-20,sbs,2025-11-09
23920137,26,Otro,Lima,Recurrente,2023-06-13,sbs,2025-11-09
34328380,44,Otro,Arequipa,Recurrente,2024-03-24,sbs,2025-11-09
74837853,57,Femenino,Piura,Nuevo,2023-05-14,sbs,2025-11-09
45113084,49,Masculino,Arequipa,Nuevo,2023-03-06,sbs,2025-11-09
87396519,59,Femenino,Lima,Recurrente,2024-06-21,sbs,2025-11-09
79672379,64,Otro,Chiclayo,Recurrente,2023-12-13,sbs,2025-11-09
74683506,51,Otro,Cusco,Nuevo,2023-09-12,sbs,2025-11-09
92263926,40,Otro,Arequipa,Nuevo,2024-07-25,sbs,2025-11-09
76549837,21,Masculino,Chiclayo,Nuevo,2024-04-25,sbs,2025-11-09
47333618,28,Masculino,Arequipa,Nuevo,2023-12-05,sbs,2025-11-09
64126921,21,Otro,Chiclayo,Nuevo,2024-01-23,sbs,2025-11-09
70142774,70,Masculino,Lima,Nuevo,2024-08-09,sbs,2025-11-09
97694240,23,Femenino,Arequipa,Nuevo,2024-05-24,sbs,2025-11-09
83698792,19,Masculino,Arequipa,Nuevo,2024-07-24,sbs,2025-11-09
78227936,18,Masculino,Cusco,Recurrente,2023-11-08,sbs,2025-11-09
17284695,53,Masculino,Arequipa,Recurrente,2024-01-08,sbs,2025-11-09
98203489,70,Masculino,Arequipa,Nuevo,2024-04-29,sbs,2025-11-09
10294869,41,Otro,Arequipa,Nuevo,2023-08-16,sbs,2025-11-09
24270328,39,Femenino,Piura,Nuevo,2024-01-18,sbs,2025-11-09
24356130,20,Masculino,Arequipa,Nuevo,2024-02-24,sbs,2025-11-09
38935933,34,Otro,Chiclayo,Nuevo,2024-02-07,sbs,2025-11-09
16241172,47,Masculino,Piura,Nuevo,2024-02-29,sbs,2025-11-09
71389561,58,Otro,Cusco,Nuevo,2024-04-06,sbs,2025-11-09
10582186,60,Otro,Cusco,Nuevo,2024-05-25,sbs,2025-11-09
88533572,51,Otro,Lima,Nuevo,2024-03-19,sbs,2025-11-09
27231111,48,Otro,Chiclayo,Recurrente,2023-06-27,sbs,2025-11-09
77660514,24,Femenino,Cusco,Nuevo,2023-11-26,sbs,2025-11-09
46721417,42,Femenino,Cusco,Recurrente,2023-09-12,sbs,2025-11-09
28546206,43,Femenino,Piura,Nuevo,2023-05-17,sbs,2025-11-09
52132393,44,Otro,Cusco,Nuevo,2024-07-14,sbs,2025-11-09
38147161,63,Otro,Cusco,Nuevo,2023-07-25,sbs,2025-11-09
97253117,57,Otro,Piura,Recurrente,2023-05-16,sbs,2025-11-09
25489430,29,Otro,Cusco,Recurrente,2023-11-27,sbs,2025-11-09
99544328,66,Femenino,Cusco,Nuevo,2024-08-07,sbs,2025-11-09
11714029,63,Femenino,Cusco,Nuevo,2024-03-08,sbs,2025-11-09
99959993,51,Masculino,Lima,Nuevo,2023-02-24,sbs,2025-11-09
48468887,21,Masculino,Piura,Recurrente,2023-06-14,sbs,2025-11-09
37380537,61,Femenino,Chiclayo,Recurrente,2023-10-30,sbs,2025-11-09
23754633,66,Otro,Lima,Nuevo,2024-04-08,sbs,2025-11-09
62195484,57,Otro,Cusco,Recurrente,2024-07-28,sbs,2025-11-09
61215153,33,Otro,Piura,Recurrente,2023-02-18,sbs,2025-11-09
11740164,42,Femenino,Piura,Recurrente,2023-02-25,sbs,2025-11-09
40272606,65,Femenino,Chiclayo,Nuevo,2024-03-29,sbs,2025-11-09
90985229,58,Otro,Piura,Recurrente,2024-07-13,sbs,2025-11-09
19995059,30,Otro,Chiclayo,Nuevo,2023-07-01,sbs,2025-11-09
67513345,29,Masculino,Cusco,Nuevo,2023-02-11,sbs,2025-11-09
44227688,35,Otro,Piura,Nuevo,2024-08-21,sbs,2025-11-09
15360735,18,Femenino,Arequipa,Recurrente,2023-06-08,sbs,2025-11-09
75840632,27,Femenino,Cusco,Nuevo,2023-11-05,sbs,2025-11-09
80517332,68,Otro,Cusco,Nuevo,2023-11-22,sbs,2025-11-09
31390345,32,Masculino,Cusco,Nuevo,2024-06-01,sbs,2025-11-09
39688703,44,Otro,Cusco,Nuevo,2023-12-24,sbs,2025-11-09
39319229,31,Otro,Piura,Nuevo,2023-10-28,sbs,2025-11-09
97147586,66,Otro,Cusco,Nuevo,2024-07-28,sbs,2025-11-09
15352233,18,Masculino,Piura,Nuevo,2023-09-07,sbs,2025-11-09
61791391,61,Femenino,Arequipa,Recurrente,2023-04-27,sbs,2025-11-09
60326016,34,Otro,Piura,Nuevo,2024-06-13,sbs,2025-11-09
97446634,50,Otro,Arequipa,Nuevo,2023-10-31,sbs,2025-11-09
32467350,30,Femenino,Cusco,Nuevo,2023-04-09,sbs,2025-11-09
38290610,67,Otro,Cusco,Nuevo,2023-03-09,sbs,2025-11-09
23948820,60,Otro,Chiclayo,Recurrente,2024-03-10,sbs,2025-11-09
30636590,31,Otro,Arequipa,Nuevo,2023-03-15,sbs,2025-11-09
17283737,19,Femenino,Piura,Nuevo,2023-03-17,sbs,2025-11-09
44715141,29,Femenino,Cusco,Nuevo,2023-08-22,sbs,2025-11-09
52467059,44,Femenino,Arequipa,Nuevo,2024-03-19,sbs,2025-11-09
88598977,19,Femenino,Lima,Nuevo,2023-03-06,sbs,2025-11-09
24245271,20,Otro,Lima,Nuevo,2024-05-29,sbs,2025-11-09
68743898,36,Otro,Piura,Nuevo,2023-10-16,sbs,2025-11-09
39509878,42,Femenino,Lima,Nuevo,2024-06-30,sbs,2025-11-09
49591339,26,Otro,Arequipa,Recurrente,2024-07-12,sbs,2025-11-09
11496555,58,Masculino,Piura,Recurrente,2024-01-18,sbs,2025-11-09
86868988,53,Otro,Chiclayo,Nuevo,2023-01-06,sbs,2025-11-09
50894954,56,Femenino,Cusco,Nuevo,2023-03-29,sbs,2025-11-09
29120002,31,Otro,Piura,Nuevo,2024-06-08,sbs,2025-11-09
36082023,28,Masculino,Chiclayo,Nuevo,2023-09-16,sbs,2025-11-09
71909967,25,Masculino,Cusco,Recurrente,2024-07-16,sbs,2025-11-09
43646722,59,Otro,Lima,Nuevo,2023-03-10,sbs,2025-11-09
57934299,24,Masculino,Cusco,Nuevo,2023-12-05,sbs,2025-11-09
35970938,26,Otro,Chiclayo,Nuevo,2023-03-13,sbs,2025-11-09
88405961,38,Femenino,Arequipa,Nuevo,2023-11-10,sbs,2025-11-09
67486445,27,Otro,Cusco,Nuevo,2023-11-20,sbs,2025-11-09
96011893,28,Masculino,Piura,Nuevo,2023-08-15,sbs,2025-11-09
74418331,45,Femenino,Piura,Nuevo,2023-12-06,sbs,2025-11-09
84044139,47,Femenino,Piura,Recurrente,2024-05-13,sbs,2025-11-09
28790705,24,Masculino,Cusco,Nuevo,2023-10-15,sbs,2025-11-09
20120010,52,Masculino,Piura,Recurrente,2023-03-20,sbs,2025-11-09
64376227,19,Otro,Lima,Recurrente,2024-08-15,sbs,2025-11-09
44979330,67,Otro,Chiclayo,Recurrente,2024-07-18,sbs,2025-11-09
59099345,52,Otro,Arequipa,Recurrente,2023-06-02,sbs,2025-11-09
27969238,43,Masculino,Cusco,Recurrente,2023-10-25,sbs,2025-11-09
77399750,47,Otro,Cusco,Nuevo,2024-01-08,sbs,2025-11-09
79006257,18,Otro,Chiclayo,Recurrente,2023-06-19,sbs,2025-11-09
98504955,26,Femenino,Chiclayo,Nuevo,2024-08-02,sbs,2025-11-09
39369404,27,Otro,Arequipa,Recurrente,2023-02-11,sbs,2025-11-09
41409454,66,Femenino,Chiclayo,Nuevo,2024-01-14,sbs,2025-11-09
62088975,20,Otro,Chiclayo,Nuevo,2024-01-05,sbs,2025-11-09
23854626,48,Femenino,Lima,Nuevo,2023-11-28,sbs,2025-11-09
87662596,63,Otro,Piura,Recurrente,2023-09-27,sbs,2025-11-09
59029303,52,Otro,Chiclayo,Nuevo,2024-01-23,sbs,2025-11-09
39917031,55,Otro,Lima,Nuevo,2024-01-21,sbs,2025-11-09
75345452,51,Femenino,Piura,Recurrente,2023-12-20,sbs,2025-11-09
69042204,68,Femenino,Cusco,Nuevo,2023-05-23,sbs,2025-11-09
38389345,28,Masculino,Lima,Nuevo,2023-10-15,sbs,2025-11-09
98732634,27,Masculino,Chiclayo,Nuevo,2023-05-02,sbs,2025-11-09
74265413,32,Femenino,Piura,Recurrente,2024-05-08,sbs,2025-11-09
13012656,48,Masculino,Cusco,Nuevo,2024-02-25,sbs,2025-11-09
28082355,33,Masculino,Chiclayo,Nuevo,2023-06-14,sbs,2025-11-09
17504382,58,Otro,Lima,Recurrente,2023-05-31,sbs,2025-11-09
90444404,28,Femenino,Chiclayo,Nuevo,2024-02-20,sbs,2025-11-09
21508969,54,Otro,Lima,Recurrente,2023-10-18,sbs,2025-11-09
32893086,31,Femenino,Cusco,Recurrente,2024-05-08,sbs,2025-11-09
34412077,32,Femenino,Cusco,Nuevo,2024-08-19,sbs,2025-11-09
70863732,57,Otro,Cusco,Nuevo,2023-12-17,sbs,2025-11-09
27745355,56,Otro,Lima,Nuevo,2024-01-30,sbs,2025-11-09
66343932,24,Masculino,Chiclayo,Nuevo,2024-05-31,sbs,2025-11-09
92510102,70,Masculino,Cusco,Nuevo,2024-05-02,sbs,2025-11-09
22507745,56,Masculino,Cusco,Nuevo,2023-05-01,sbs,2025-11-09
10161088,48,Otro,Chiclayo,Recurrente,2024-07-06,sbs,2025-11-09
15830187,67,Otro,Arequipa,Nuevo,2024-01-15,sbs,2025-11-09
61168696,62,Otro,Arequipa,Nuevo,2024-05-08,sbs,2025-11-09
44160831,40,Otro,Cusco,Nuevo,2023-05-18,sbs,2025-11-09
64847632,48,Masculino,Lima,Nuevo,2024-07-10,sbs,2025-11-09
87576121,34,Masculino,Lima,Recurrente,2023-01-08,sbs,2025-11-09
52399610,51,Masculino,Cusco,Nuevo,2023-07-30,sbs,2025-11-09
44042008,44,Femenino,Lima,Nuevo,2024-08-22,sbs,2025-11-09
63345392,34,Otro,Arequipa,Nuevo,2023-10-10,sbs,2025-11-09
74755726,66,Masculino,Arequipa,Nuevo,2024-07-24,sbs,2025-11-09
51158280,29,Femenino,Cusco,Nuevo,2023-09-17,sbs,2025-11-09
40839382,54,Femenino,Arequipa,Recurrente,2023-05-02,sbs,2025-11-09
63762374,46,Otro,Chiclayo,Nuevo,2024-06-04,sbs,2025-11-09
31573890,68,Femenino,Cusco,Nuevo,2023-02-23,sbs,2025-11-09
73306295,42,Otro,Lima,Recurrente,2023-05-29,sbs,2025-11-09
59772648,56,Femenino,Lima,Nuevo,2023-08-16,sbs,2025-11-09
92405066,23,Otro,Lima,Recurrente,2024-02-15,sbs,2025-11-09
33524492,59,Otro,Piura,Recurrente,2023-02-28,sbs,2025-11-09
48387144,58,Femenino,Arequipa,Nuevo,2024-06-14,sbs,2025-11-09
92569402,30,Masculino,Cusco,Nuevo,2023-08-26,sbs,2025-11-09
31131878,28,Otro,Lima,Nuevo,2023-01-01,sbs,2025-11-09
64418707,23,Femenino,Arequipa,Nuevo,2024-02-09,sbs,2025-11-09
22101856,55,Masculino,Cusco,Nuevo,2023-03-12,sbs,2025-11-09
56637316,53,Femenino,Cusco,Recurrente,2023-12-23,sbs,2025-11-09
71036720,70,Femenino,Chiclayo,Nuevo,2023-07-19,sbs,2025-11-09
77946127,43,Otro,Lima,Nuevo,2024-02-21,sbs,2025-11-09
25704681,24,Otro,Lima,Nuevo,2023-12-15,sbs,2025-11-09
43573422,69,Otro,Piura,Recurrente,2024-08-11,sbs,2025-11-09
55588495,62,Femenino,Arequipa,Nuevo,2023-09-07,sbs,2025-11-09
74688940,67,Femenino,Arequipa,Recurrente,2023-01-29,sbs,2025-11-09
40860700,25,Femenino,Lima,Nuevo,2023-08-14,sbs,2025-11-09
81893982,69,Femenino,Arequipa,Recurrente,2024-06-12,sbs,2025-11-09
63543563,18,Otro,Piura,Nuevo,2023-04-06,sbs,2025-11-09
73962190,61,Otro,Piura,Nuevo,2023-07-02,sbs,2025-11-09
34532913,38,Femenino,Chiclayo,Recurrente,2023-10-03,sbs,2025-11-09
41522559,65,Otro,Chiclayo,Nuevo,2023-07-24,sbs,2025-11-09
43513553,65,Masculino,Piura,Nuevo,2023-07-27,sbs,2025-11-09
20534423,57,Femenino,Chiclayo,Recurrente,2023-05-03,sbs,2025-11-09
15672460,61,Otro,Arequipa,Nuevo,2024-07-08,sbs,2025-11-09
46874043,48,Femenino,Cusco,Nuevo,2024-08-11,sbs,2025-11-09
87398691,49,Masculino,Cusco,Nuevo,2023-08-16,sbs,2025-11-09
82580645,26,Masculino,Cusco,Recurrente,2024-05-04,sbs,2025-11-09
71363812,20,Otro,Piura,Nuevo,2023-06-28,sbs,2025-11-09
11586450,25,Otro,Cusco,Nuevo,2023-01-09,sbs,2025-11-09
58533442,61,Masculino,Arequipa,Nuevo,2023-11-30,sbs,2025-11-09
46159360,57,Femenino,Chiclayo,Nuevo,2023-08-31,sbs,2025-11-09
66900650,48,Otro,Piura,Nuevo,2024-05-25,sbs,2025-11-09
47531240,31,Femenino,Piura,Nuevo,2024-02-15,sbs,2025-11-09
40677709,46,Masculino,Cusco,Nuevo,2024-08-12,sbs,2025-11-09
68011418,70,Masculino,Piura,Recurrente,2024-07-22,sbs,2025-11-09
73483243,42,Masculino,Chiclayo,Recurrente,2023-06-03,sbs,2025-11-09
94644676,69,Masculino,Chiclayo,Nuevo,2023-05-18,sbs,2025-11-09
43685164,51,Otro,Piura,Recurrente,2023-11-04,sbs,2025-11-09
18057946,53,Otro,Lima,Nuevo,2023-06-17,sbs,2025-11-09
70378491,31,Femenino,Arequipa,Recurrente,2023-04-09,sbs,2025-11-09
84825240,65,Femenino,Piura,Nuevo,2024-07-27,sbs,2025-11-09
57122567,69,Femenino,Piura,Nuevo,2023-05-05,sbs,2025-11-09
33426205,61,Otro,Chiclayo,Nuevo,2024-07-05,sbs,2025-11-09
75430302,67,Femenino,Piura,Nuevo,2024-06-06,sbs,2025-11-09
92364557,67,Otro,Arequipa,Recurrente,2024-01-26,sbs,2025-11-09
66615250,36,Femenino,Chiclayo,Recurrente,2023-12-12,sbs,2025-11-09
20618223,58,Otro,Cusco,Nuevo,2023-03-15,sbs,2025-11-09
45899536,28,Femenino,Chiclayo,Nuevo,2023-10-26,sbs,2025-11-09
58743159,56,Otro,Arequipa,Nuevo,2024-03-31,sbs,2025-11-09
32457056,65,Otro,Cusco,Recurrente,2024-02-28,sbs,2025-11-09
20746107,29,Masculino,Chiclayo,Recurrente,2023-09-15,sbs,2025-11-09
73509922,31,Masculino,Arequipa,Nuevo,2023-03-07,sbs,2025-11-09
21173787,53,Masculino,Lima,Recurrente,2024-06-20,sbs,2025-11-09
51523026,24,Femenino,Cusco,Nuevo,2024-02-04,sbs,2025-11-09
27619715,32,Masculino,Piura,Nuevo,2023-05-10,sbs,2025-11-09
53647781,51,Masculino,Lima,Nuevo,2024-01-01,sbs,2025-11-09
69706076,48,Femenino,Cusco,Recurrente,2024-07-15,sbs,2025-11-09
94697764,26,Otro,Cusco,Nuevo,2024-04-12,sbs,2025-11-09
51562039,65,Otro,Cusco,Nuevo,2024-06-30,sbs,2025-11-09
69305486,40,Femenino,Cusco,Nuevo,2023-04-02,sbs,2025-11-09
11416778,37,Femenino,Arequipa,Nuevo,2023-11-07,sbs,2025-11-09
81819757,18,Otro,Chiclayo,Nuevo,2024-04-25,sbs,2025-11-09
50213043,18,Otro,Arequipa,Recurrente,2024-05-03,sbs,2025-11-09
83579795,18,Femenino,Piura,Nuevo,2023-01-08,sbs,2025-11-09
62982727,41,Masculino,Arequipa,Recurrente,2024-03-23,sbs,2025-11-09
45296615,33,Masculino,Arequipa,Recurrente,2023-08-14,sbs,2025-11-09
48208680,23,Femenino,Chiclayo,Nuevo,2023-10-06,sbs,2025-11-09
35233016,59,Otro,Cusco,Recurrente,2024-02-27,sbs,2025-11-09
92910238,22,Masculino,Chiclayo,Nuevo,2024-04-11,sbs,2025-11-09
12603206,46,Femenino,Cusco,Nuevo,2023-11-25,sbs,2025-11-09
47864772,27,Masculino,Cusco,Nuevo,2023-04-15,sbs,2025-11-09
22106034,35,Masculino,Arequipa,Recurrente,2023-08-27,sbs,2025-11-09
51819114,27,Masculino,Arequipa,Nuevo,2024-03-06,sbs,2025-11-09
54325223,68,Femenino,Piura,Nuevo,2023-02-02,sbs,2025-11-09
19581091,23,Masculino,Lima,Nuevo,2024-02-06,sbs,2025-11-09
61214452,52,Femenino,Chiclayo,Nuevo,2023-09-14,sbs,2025-11-09
43173547,18,Masculino,Chiclayo,Nuevo,2024-03-29,sbs,2025-11-09
79946108,65,Masculino,Chiclayo,Nuevo,2023-04-07,sbs,2025-11-09
53360807,60,Masculino,Arequipa,Nuevo,2023-11-16,sbs,2025-11-09
79917538,28,Otro,Lima,Recurrente,2024-07-16,sbs,2025-11-09
58375646,25,Femenino,Arequipa,Nuevo,2023-07-23,sbs,2025-11-09
94947603,21,Otro,Chiclayo,Recurrente,2023-08-30,sbs,2025-11-09
88476684,45,Femenino,Lima,Nuevo,2023-10-10,sbs,2025-11-09
87990837,25,Femenino,Chiclayo,Nuevo,2023-02-13,sbs,2025-11-09
59848284,68,Otro,Arequipa,Recurrente,2023-06-08,sbs,2025-11-09
93033107,67,Masculino,Chiclayo,Nuevo,2023-04-04,sbs,2025-11-09
81988124,39,Otro,Lima,Nuevo,2023-06-07,sbs,2025-11-09
84940527,68,Masculino,Chiclayo,Nuevo,2023-11-21,sbs,2025-11-09
35899364,68,Otro,Piura,Recurrente,2024-03-25,sbs,2025-11-09
43647879,19,Otro,Arequipa,Nuevo,2023-05-18,sbs,2025-11-09
75779034,20,Femenino,Arequipa,Nuevo,2024-07-09,sbs,2025-11-09
72866875,30,Otro,Chiclayo,Nuevo,2023-11-28,sbs,2025-11-09
30807167,35,Otro,Cusco,Nuevo,2024-06-27,sbs,2025-11-09
10096613,46,Femenino,Piura,Nuevo,2024-04-09,sbs,2025-11-09
12512536,67,Otro,Cusco,Nuevo,2023-07-09,sbs,2025-11-09
98354109,57,Femenino,Cusco,Nuevo,2023-03-06,sbs,2025-11-09
84016756,52,Femenino,Chiclayo,Nuevo,2024-05-24,sbs,2025-11-09
24826245,27,Otro,Piura,Nuevo,2023-11-26,sbs,2025-11-09
33976493,24,Otro,Lima,Nuevo,2023-05-13,sbs,2025-11-09
14270425,20,Masculino,Lima,Nuevo,2023-04-12,sbs,2025-11-09
93747900,54,Otro,Arequipa,Recurrente,2024-06-22,sbs,2025-11-09
91329718,62,Otro,Piura,Nuevo,2023-08-15,sbs,2025-11-09
98013189,63,Masculino,Lima,Recurrente,2023-08-02,sbs,2025-11-09
58442674,49,Masculino,Arequipa,Recurrente,2023-03-04,sbs,2025-11-09
92803389,53,Otro,Arequipa,Recurrente,2023-03-01,sbs,2025-11-09
20460308,35,Otro,Lima,Recurrente,2023-11-08,sbs,2025-11-09
81358338,31,Otro,Lima,Nuevo,2023-08-25,sbs,2025-11-09
86507818,42,Masculino,Chiclayo,Nuevo,2023-09-12,sbs,2025-11-09
24161873,58,Masculino,Cusco,Recurrente,2024-03-01,sbs,2025-11-09
99287317,67,Otro,Cusco,Nuevo,2024-04-14,sbs,2025-11-09
63896091,45,Masculino,Chiclayo,Recurrente,2024-07-17,sbs,2025-11-09
57288136,50,Femenino,Chiclayo,Nuevo,2024-03-29,sbs,2025-11-09
94992144,38,Otro,Piura,Recurrente,2024-02-27,sbs,2025-11-09
83232714,45,Otro,Piura,Nuevo,2024-07-30,sbs,2025-11-09
58319528,31,Femenino,Cusco,Recurrente,2023-09-18,sbs,2025-11-09
48182550,46,Femenino,Arequipa,Nuevo,2023-02-05,sbs,2025-11-09
10881653,56,Masculino,Cusco,Nuevo,2023-11-06,sbs,2025-11-09
47038339,37,Masculino,Chiclayo,Recurrente,2023-01-23,sbs,2025-11-09
30765467,53,Otro,Cusco,Nuevo,2024-08-08,sbs,2025-11-09
45566111,24,Masculino,Arequipa,Nuevo,2023-05-22,sbs,2025-11-09
22335296,41,Otro,Chiclayo,Nuevo,2023-11-04,sbs,2025-11-09
53579429,54,Femenino,Cusco,Recurrente,2023-03-21,sbs,2025-11-09
22799546,68,Femenino,Chiclayo,Nuevo,2024-08-13,sbs,2025-11-09
61210252,56,Otro,Piura,Nuevo,2024-08-13,sbs,2025-11-09
65904597,23,Masculino,Piura,Nuevo,2024-03-20,sbs,2025-11-09
17264930,25,Masculino,Cusco,Recurrente,2024-01-27,sbs,2025-11-09
30076290,37,Otro,Lima,Nuevo,2024-08-01,sbs,2025-11-09
69809598,38,Otro,Chiclayo,Nuevo,2024-02-07,sbs,2025-11-09
67973424,66,Otro,Cusco,Nuevo,2023-08-16,sbs,2025-11-09
73868130,36,Femenino,Chiclayo,Nuevo,2023-03-26,sbs,2025-11-09
21419108,54,Otro,Lima,Nuevo,2023-09-26,sbs,2025-11-09
28102047,43,Otro,Arequipa,Recurrente,2023-05-14,sbs,2025-11-09
36320002,48,Otro,Chiclayo,Nuevo,2024-08-08,sbs,2025-11-09
45736421,53,Otro,Cusco,Nuevo,2023-03-15,sbs,2025-11-09
22025190,67,Femenino,Piura,Recurrente,2024-08-12,sbs,2025-11-09
35567100,25,Otro,Arequipa,Nuevo,2023-12-23,sbs,2025-11-09
32717056,38,Femenino,Cusco,Recurrente,2023-11-09,sbs,2025-11-09
16023362,40,Otro,Arequipa,Nuevo,2024-03-27,sbs,2025-11-09
21517819,70,Masculino,Chiclayo,Recurrente,2023-06-09,sbs,2025-11-09
48612439,25,Otro,Lima,Nuevo,2023-06-01,sbs,2025-11-09
13053200,18,Femenino,Lima,Nuevo,2024-04-27,sbs,2025-11-09
80231557,39,Masculino,Cusco,Nuevo,2024-07-13,sbs,2025-11-09
99692417,66,Femenino,Cusco,Nuevo,2023-05-25,sbs,2025-11-09
15836056,19,Femenino,Cusco,Recurrente,2024-06-23,sbs,2025-11-09
17124981,34,Masculino,Lima,Nuevo,2023-10-05,sbs,2025-11-09
98983888,47,Otro,Lima,Nuevo,2023-10-05,sbs,2025-11-09
41026926,60,Femenino,Lima,Nuevo,2024-01-31,sbs,2025-11-09
90142265,42,Otro,Lima,Recurrente,2024-05-11,sbs,2025-11-09
85254207,52,Masculino,Chiclayo,Nuevo,2024-04-13,sbs,2025-11-09
50926679,63,Masculino,Lima,Nuevo,2024-06-26,sbs,2025-11-09
56544010,39,Femenino,Arequipa,Recurrente,2023-01-19,sbs,2025-11-09
77276832,61,Femenino,Piura,Nuevo,2023-08-30,sbs,2025-11-09
84482698,35,Masculino,Piura,Recurrente,2023-01-31,sbs,2025-11-09
98171888,35,Masculino,Chiclayo,Nuevo,2024-02-07,sbs,2025-11-09
66013532,26,Masculino,Arequipa,Nuevo,2023-08-21,sbs,2025-11-09
91251236,33,Otro,Chiclayo,Nuevo,2023-11-16,sbs,2025-11-09
87984620,39,Femenino,Cusco,Nuevo,2023-05-22,sbs,2025-11-09
80303981,52,Otro,Chiclayo,Recurrente,2023-11-13,sbs,2025-11-09
31212832,26,Femenino,Chiclayo,Recurrente,2024-08-01,sbs,2025-11-09
34714210,38,Masculino,Cusco,Nuevo,2023-05-02,sbs,2025-11-09
65197277,38,Masculino,Lima,Recurrente,2024-02-28,sbs,2025-11-09
24330619,37,Femenino,Piura,Nuevo,2023-07-12,sbs,2025-11-09
91282861,26,Masculino,Lima,Recurrente,2023-10-01,sbs,2025-11-09
13501001,54,Otro,Chiclayo,Nuevo,2023-08-25,sbs,2025-11-09
97183615,40,Masculino,Arequipa,Nuevo,2024-04-25,sbs,2025-11-09
31983035,41,Masculino,Arequipa,Nuevo,2023-05-21,sbs,2025-11-09
46219821,30,Masculino,Lima,Nuevo,2023-01-16,sbs,2025-11-09
33767033,44,Masculino,Chiclayo,Recurrente,2023-03-09,sbs,2025-11-09
43122766,46,Otro,Arequipa,Recurrente,2024-04-13,sbs,2025-11-09
51996390,45,Femenino,Lima,Nuevo,2024-01-25,sbs,2025-11-09
96086421,43,Otro,Cusco,Nuevo,2024-06-21,sbs,2025-11-09
15692967,63,Masculino,Cusco,Nuevo,2024-04-12,sbs,2025-11-09
84853354,33,Otro,Cusco,Nuevo,2023-02-10,sbs,2025-11-09
63424009,42,Otro,Lima,Nuevo,2024-03-26,sbs,2025-11-09
92293489,37,Femenino,Arequipa,Nuevo,2023-10-29,sbs,2025-11-09
96718276,21,Otro,Cusco,Recurrente,2024-04-19,sbs,2025-11-09
83337520,46,Masculino,Cusco,Nuevo,2024-08-22,sbs,2025-11-09
34008676,26,Femenino,Arequipa,Nuevo,2023-01-26,sbs,2025-11-09
43565477,47,Otro,Chiclayo,Recurrente,2023-04-03,sbs,2025-11-09
22239481,38,Otro,Chiclayo,Recurrente,2023-05-07,sbs,2025-11-09
80305568,25,Otro,Arequipa,Nuevo,2023-03-29,sbs,2025-11-09
60825385,63,Femenino,Cusco,Nuevo,2023-06-13,sbs,2025-11-09
85898994,53,Femenino,Lima,Recurrente,2023-12-10,sbs,2025-11-09
16886777,60,Masculino,Chiclayo,Recurrente,2023-07-03,sbs,2025-11-09
48759467,44,Femenino,Piura,Recurrente,2024-04-01,sbs,2025-11-09
10474177,58,Masculino,Lima,Recurrente,2023-07-27,sbs,2025-11-09
82947490,57,Femenino,Lima,Nuevo,2024-05-25,sbs,2025-11-09
39108314,69,Masculino,Cusco,Recurrente,2023-09-01,sbs,2025-11-09
20657547,55,Otro,Arequipa,Nuevo,2024-03-28,sbs,2025-11-09
47327686,56,Otro,Lima,Nuevo,2024-07-14,sbs,2025-11-09
16565770,57,Otro,Cusco,Recurrente,2023-08-01,sbs,2025-11-09
29511823,29,Masculino,Lima,Recurrente,2023-02-07,sbs,2025-11-09
54440977,20,Otro,Cusco,Recurrente,2023-11-02,sbs,2025-11-09
31654047,23,Masculino,Lima,Nuevo,2023-07-02,sbs,2025-11-09
85454146,61,Femenino,Cusco,Recurrente,2024-08-09,sbs,2025-11-09
22499198,29,Femenino,Cusco,Nuevo,2023-02-06,sbs,2025-11-09
19082067,67,Femenino,Piura,Nuevo,2024-01-24,sbs,2025-11-09
28058430,66,Femenino,Cusco,Nuevo,2024-04-27,sbs,2025-11-09
80416822,25,Otro,Piura,Nuevo,2024-02-28,sbs,2025-11-09
86687590,31,Otro,Chiclayo,Nuevo,2023-04-22,sbs,2025-11-09
91171931,64,Otro,Cusco,Recurrente,2024-05-10,sbs,2025-11-09
44850980,68,Otro,Piura,Nuevo,2023-11-21,sbs,2025-11-09
92448605,51,Otro,Cusco,Nuevo,2023-05-13,sbs,2025-11-09
76102828,54,Femenino,Cusco,Recurrente,2024-05-24,sbs,2025-11-09
35978571,69,Masculino,Cusco,Nuevo,2023-10-25,sbs,2025-11-09
37827473,18,Masculino,Lima,Nuevo,2023-05-01,sbs,2025-11-09
56929234,69,Otro,Arequipa,Nuevo,2023-12-08,sbs,2025-11-09
47799296,53,Otro,Chiclayo,Nuevo,2023-07-26,sbs,2025-11-09
53476321,34,Masculino,Piura,Nuevo,2024-07-17,sbs,2025-11-09
63156840,67,Masculino,Lima,Recurrente,2023-12-16,sbs,2025-11-09
36040330,64,Otro,Cusco,Recurrente,2023-06-29,sbs,2025-11-09
96657974,39,Femenino,Arequipa,Recurrente,2023-02-06,sbs,2025-11-09
54977656,26,Femenino,Chiclayo,Nuevo,2024-07-03,sbs,2025-11-09
85825317,47,Femenino,Lima,Recurrente,2023-11-03,sbs,2025-11-09
37952515,64,Otro,Piura,Nuevo,2023-01-20,sbs,2025-11-09
18886963,54,Otro,Piura,Recurrente,2023-12-29,sbs,2025-11-09
94088862,27,Femenino,Lima,Nuevo,2024-01-20,sbs,2025-11-09
89885300,52,Masculino,Cusco,Nuevo,2023-07-11,sbs,2025-11-09
65548633,25,Femenino,Piura,Recurrente,2023-10-06,sbs,2025-11-09
39009803,23,Femenino,Chiclayo,Nuevo,2023-11-06,sbs,2025-11-09
37125189,51,Femenino,Chiclayo,Nuevo,2023-02-08,sbs,2025-11-09
77116153,23,Femenino,Cusco,Nuevo,2024-05-09,sbs,2025-11-09
51655640,27,Masculino,Piura,Recurrente,2024-06-20,sbs,2025-11-09
79276026,67,Femenino,Chiclayo,Recurrente,2023-04-11,sbs,2025-11-09
62021209,61,Masculino,Chiclayo,Recurrente,2024-04-15,sbs,2025-11-09
89763928,63,Otro,Lima,Nuevo,2023-02-15,sbs,2025-11-09
79870757,23,Femenino,Arequipa,Recurrente,2023-04-16,sbs,2025-11-09
95745109,67,Otro,Piura,Nuevo,2023-11-16,sbs,2025-11-09
81440849,31,Femenino,Chiclayo,Nuevo,2023-10-11,sbs,2025-11-09
46726921,38,Femenino,Lima,Nuevo,2023-06-11,sbs,2025-11-09
37726346,25,Masculino,Cusco,Nuevo,2023-04-15,sbs,2025-11-09
48019546,52,Femenino,Cusco,Nuevo,2023-05-25,sbs,2025-11-09
82555030,54,Masculino,Chiclayo,Nuevo,2023-12-13,sbs,2025-11-09
24217270,46,Masculino,Chiclayo,Nuevo,2023-02-21,sbs,2025-11-09
90010054,42,Masculino,Lima,Nuevo,2023-07-03,sbs,2025-11-09
54604858,55,Otro,Arequipa,Nuevo,2023-11-16,sbs,2025-11-09
86207390,70,Masculino,Cusco,Nuevo,2024-04-21,sbs,2025-11-09
96492401,26,Masculino,Arequipa,Nuevo,2023-11-14,sbs,2025-11-09
29289997,63,Femenino,Arequipa,Nuevo,2023-08-18,sbs,2025-11-09
53588695,57,Femenino,Piura,Nuevo,2023-12-05,sbs,2025-11-09
57169588,47,Femenino,Lima,Nuevo,2023-04-26,sbs,2025-11-09
91126594,48,Femenino,Chiclayo,Nuevo,2023-12-23,sbs,2025-11-09
53737494,54,Masculino,Cusco,Nuevo,2023-04-20,sbs,2025-11-09
71870997,53,Otro,Lima,Recurrente,2024-06-29,sbs,2025-11-09
83544472,43,Otro,Arequipa,Nuevo,2023-09-07,sbs,2025-11-09
89318677,28,Femenino,Arequipa,Nuevo,2023-08-02,sbs,2025-11-09
41696096,45,Femenino,Cusco,Recurrente,2024-07-11,sbs,2025-11-09
75314414,29,Otro,Lima,Recurrente,2024-08-10,sbs,2025-11-09
23106885,25,Otro,Cusco,Nuevo,2024-07-22,sbs,2025-11-09
19342578,70,Femenino,Chiclayo,Nuevo,2024-02-20,sbs,2025-11-09
53943990,56,Masculino,Cusco,Recurrente,2024-01-24,sbs,2025-11-09
87949346,49,Otro,Lima,Nuevo,2023-05-23,sbs,2025-11-09
70797197,66,Otro,Lima,Recurrente,2023-06-02,sbs,2025-11-09
36261929,52,Femenino,Arequipa,Nuevo,2024-04-02,sbs,2025-11-09
68348074,31,Otro,Piura,Nuevo,2023-11-08,sbs,2025-11-09
64250458,63,Femenino,Lima,Nuevo,2024-06-06,sbs,2025-11-09
17130627,26,Femenino,Lima,Nuevo,2024-07-16,sbs,2025-11-09
24723458,18,Otro,Cusco,Recurrente,2024-01-03,sbs,2025-11-09
93914843,36,Masculino,Chiclayo,Nuevo,2024-02-08,sbs,2025-11-09
83164605,38,Otro,Arequipa,Nuevo,2024-03-21,sbs,2025-11-09
84547422,31,Otro,Chiclayo,Nuevo,2023-07-12,sbs,2025-11-09
28022414,42,Femenino,Arequipa,Nuevo,2023-05-09,sbs,2025-11-09
98305426,18,Masculino,Lima,Nuevo,2024-05-13,sbs,2025-11-09
71207129,45,Masculino,Lima,Nuevo,2024-03-01,sbs,2025-11-09
70987778,68,Otro,Cusco,Recurrente,2023-07-04,sbs,2025-11-09
57688529,50,Femenino,Cusco,Recurrente,2024-01-29,sbs,2025-11-09
76861495,32,Masculino,Arequipa,Nuevo,2024-08-14,sbs,2025-11-09
87356703,64,Masculino,Cusco,Nuevo,2024-07-13,sbs,2025-11-09
25188664,41,Masculino,Lima,Nuevo,2024-01-13,sbs,2025-11-09
47503167,55,Femenino,Lima,Nuevo,2024-06-23,sbs,2025-11-09
42914388,47,Otro,Lima,Nuevo,2023-04-01,sbs,2025-11-09
87796412,48,Otro,Lima,Recurrente,2024-07-06,sbs,2025-11-09
11447323,37,Otro,Lima,Recurrente,2024-07-01,sbs,2025-11-09
54495054,48,Femenino,Cusco,Recurrente,2024-08-10,sbs,2025-11-09
90213415,44,Femenino,Piura,Nuevo,2023-02-06,sbs,2025-11-09
87596783,65,Femenino,Cusco,Nuevo,2024-04-29,sbs,2025-11-09
93794410,28,Otro,Lima,Recurrente,2023-10-26,sbs,2025-11-09
20316277,19,Femenino,Arequipa,Nuevo,2024-06-01,sbs,2025-11-09
46939015,68,Femenino,Piura,Nuevo,2023-10-15,sbs,2025-11-09
98470372,34,Masculino,Lima,Nuevo,2023-06-04,sbs,2025-11-09
75084661,46,Femenino,Chiclayo,Nuevo,2023-08-30,sbs,2025-11-09
29470999,29,Otro,Lima,Nuevo,2023-03-28,sbs,2025-11-09
61427803,56,Masculino,Arequipa,Recurrente,2024-02-27,sbs,2025-11-09
38300713,33,Otro,Arequipa,Recurrente,2023-06-21,sbs,2025-11-09
25568500,54,Otro,Piura,Nuevo,2023-09-28,sbs,2025-11-09
73923372,21,Masculino,Arequipa,Nuevo,2023-11-05,sbs,2025-11-09
73698335,65,Otro,Chiclayo,Nuevo,2024-02-04,sbs,2025-11-09
48761035,34,Masculino,Cusco,Recurrente,2023-01-13,sbs,2025-11-09
15505291,69,Femenino,Arequipa,Recurrente,2024-06-26,sbs,2025-11-09
91937985,24,Otro,Piura,Recurrente,2024-03-18,sbs,2025-11-09
44271680,59,Femenino,Piura,Nuevo,2023-04-11,sbs,2025-11-09
89017236,59,Otro,Arequipa,Nuevo,2023-09-05,sbs,2025-11-09
52046364,67,Masculino,Cusco,Nuevo,2023-07-04,sbs,2025-11-09
65196875,53,Masculino,Lima,Recurrente,2023-01-13,sbs,2025-11-09
39449560,24,Otro,Lima,Recurrente,2023-12-26,sbs,2025-11-09
93134088,64,Femenino,Piura,Nuevo,2023-01-25,sbs,2025-11-09
90448089,23,Masculino,Cusco,Recurrente,2023-08-11,sbs,2025-11-09
60460287,58,Masculino,Lima,Nuevo,2023-05-14,sbs,2025-11-09
24877375,60,Otro,Cusco,Recurrente,2023-07-09,sbs,2025-11-09
95735668,62,Masculino,Piura,Nuevo,2023-03-19,sbs,2025-11-09
44539133,47,Femenino,Arequipa,Recurrente,2023-11-28,sbs,2025-11-09
62155724,28,Masculino,Piura,Recurrente,2024-01-27,sbs,2025-11-09
33881291,39,Masculino,Piura,Recurrente,2023-09-29,sbs,2025-11-09
91913332,46,Masculino,Arequipa,Recurrente,2023-07-25,sbs,2025-11-09
67881875,43,Masculino,Arequipa,Nuevo,2024-07-07,sbs,2025-11-09
23862962,31,Otro,Lima,Recurrente,2023-09-23,sbs,2025-11-09
69845276,20,Masculino,Lima,Nuevo,2023-09-14,sbs,2025-11-09
15078212,19,Femenino,Chiclayo,Recurrente,2023-01-01,sbs,2025-11-09
62523472,60,Femenino,Piura,Nuevo,2023-12-04,sbs,2025-11-09
74174787,54,Masculino,Cusco,Recurrente,2024-05-17,sbs,2025-11-09
61596498,45,Femenino,Lima,Nuevo,2023-01-04,sbs,2025-11-09
54753520,62,Femenino,Lima,Nuevo,2024-01-03,sbs,2025-11-09
59037166,61,Femenino,Arequipa,Nuevo,2023-04-03,sbs,2025-11-09
96945247,52,Femenino,Lima,Recurrente,2023-10-24,sbs,2025-11-09
98682228,30,Masculino,Cusco,Nuevo,2024-01-29,sbs,2025-11-09
75297400,30,Femenino,Arequipa,Recurrente,2024-01-03,sbs,2025-11-09
14791343,23,Otro,Arequipa,Recurrente,2023-05-24,sbs,2025-11-09
18454727,30,Masculino,Cusco,Nuevo,2024-02-03,sbs,2025-11-09
12203625,68,Otro,Piura,Nuevo,2024-04-05,sbs,2025-11-09
64426343,20,Femenino,Lima,Nuevo,2023-02-13,sbs,2025-11-09
29992217,25,Masculino,Cusco,Nuevo,2024-07-03,sbs,2025-11-09
29003951,65,Otro,Chiclayo,Recurrente,2023-02-07,sbs,2025-11-09
42572300,49,Otro,Lima,Nuevo,2023-02-16,sbs,2025-11-09
51250118,62,Otro,Chiclayo,Nuevo,2023-02-21,sbs,2025-11-09
24271532,70,Masculino,Arequipa,Nuevo,2023-03-07,sbs,2025-11-09
18470495,25,Femenino,Cusco,Recurrente,2023-08-14,sbs,2025-11-09
53518077,69,Masculino,Arequipa,Nuevo,2024-02-16,sbs,2025-11-09
38619492,25,Otro,Cusco,Nuevo,2023-11-26,sbs,2025-11-09
26206185,66,Masculino,Cusco,Nuevo,2023-03-06,sbs,2025-11-09
84277128,35,Masculino,Arequipa,Nuevo,2024-01-14,sbs,2025-11-09
27900736,28,Femenino,Chiclayo,Recurrente,2023-02-11,sbs,2025-11-09
12097866,24,Otro,Cusco,Nuevo,2023-06-11,sbs,2025-11-09
97477181,49,Masculino,Lima,Nuevo,2023-04-02,sbs,2025-11-09
27031212,55,Femenino,Arequipa,Recurrente,2024-05-02,sbs,2025-11-09
42112095,31,Masculino,Piura,Nuevo,2024-02-26,sbs,2025-11-09
92147935,29,Otro,Lima,Nuevo,2024-05-26,sbs,2025-11-09
84854623,23,Otro,Piura,Nuevo,2023-01-05,sbs,2025-11-09
93070162,33,Masculino,Lima,Recurrente,2023-04-08,sbs,2025-11-09
47101348,41,Otro,Cusco,Nuevo,2023-08-02,sbs,2025-11-09
76775311,21,Masculino,Lima,Recurrente,2024-04-30,sbs,2025-11-09
48260712,29,Masculino,Lima,Nuevo,2024-01-08,sbs,2025-11-09
15813974,31,Femenino,Piura,Nuevo,2024-04-09,sbs,2025-11-09
31212522,24,Otro,Lima,Recurrente,2023-06-30,sbs,2025-11-09
41581408,68,Masculino,Arequipa,Nuevo,2023-03-14,sbs,2025-11-09
36675960,64,Femenino,Cusco,Nuevo,2024-03-05,sbs,2025-11-09
53772726,65,Otro,Piura,Nuevo,2023-04-23,sbs,2025-11-09
60403103,32,Masculino,Chiclayo,Recurrente,2023-07-24,sbs,2025-11-09
68500818,32,Masculino,Arequipa,Nuevo,2023-02-25,sbs,2025-11-09
60128319,27,Masculino,Cusco,Nuevo,2024-02-01,sbs,2025-11-09
37140286,26,Femenino,Chiclayo,Nuevo,2023-10-04,sbs,2025-11-09
47662052,39,Masculino,Lima,Recurrente,2023-03-03,sbs,2025-11-09
56113991,26,Masculino,Arequipa,Nuevo,2023-06-25,sbs,2025-11-09
87594146,32,Femenino,Cusco,Nuevo,2023-06-24,sbs,2025-11-09
75661110,53,Masculino,Lima,Nuevo,2024-06-18,sbs,2025-11-09
11946674,31,Otro,Arequipa,Recurrente,2023-10-13,sbs,2025-11-09
87774748,64,Femenino,Chiclayo,Nuevo,2024-03-20,sbs,2025-11-09
66072388,32,Otro,Chiclayo,Recurrente,2023-01-06,sbs,2025-11-09
14512474,20,Masculino,Arequipa,Recurrente,2024-05-31,sbs,2025-11-09
70725652,45,Otro,Arequipa,Nuevo,2023-04-11,sbs,2025-11-09
64575354,49,Masculino,Lima,Nuevo,2023-01-13,sbs,2025-11-09
12138110,31,Masculino,Piura,Nuevo,2023-04-03,sbs,2025-11-09
86555214,48,Otro,Piura,Nuevo,2024-04-15,sbs,2025-11-09
28605786,65,Otro,Lima,Recurrente,2024-04-19,sbs,2025-11-09
94129142,63,Femenino,Chiclayo,Recurrente,2024-01-15,sbs,2025-11-09
61657620,47,Otro,Lima,Recurrente,2023-03-14,sbs,2025-11-09
46210517,62,Femenino,Cusco,Nuevo,2024-03-12,sbs,2025-11-09
20866138,62,Otro,Cusco,Nuevo,2023-08-01,sbs,2025-11-09
16920612,57,Femenino,Lima,Nuevo,2024-01-08,sbs,2025-11-09
59066128,25,Femenino,Piura,Nuevo,2023-02-11,sbs,2025-11-09
37476059,41,Masculino,Cusco,Recurrente,2024-07-28,sbs,2025-11-09
87862305,26,Femenino,Chiclayo,Nuevo,2024-05-04,sbs,2025-11-09
77587480,62,Masculino,Chiclayo,Nuevo,2023-10-01,sbs,2025-11-09
56335527,61,Femenino,Piura,Nuevo,2024-01-17,sbs,2025-11-09
73104323,46,Femenino,Cusco,Nuevo,2023-05-06,sbs,2025-11-09
93342668,63,Otro,Cusco,Recurrente,2024-04-07,sbs,2025-11-09
21718382,41,Otro,Lima,Nuevo,2024-04-13,sbs,2025-11-09
24678711,23,Femenino,Chiclayo,Nuevo,2023-03-20,sbs,2025-11-09
30199508,28,Femenino,Lima,Recurrente,2024-05-23,sbs,2025-11-09
27720413,31,Otro,Lima,Nuevo,2024-07-08,sbs,2025-11-09
49126722,48,Femenino,Arequipa,Nuevo,2023-01-22,sbs,2025-11-09
79742280,30,Masculino,Lima,Recurrente,2023-08-26,sbs,2025-11-09
75249732,59,Femenino,Arequipa,Nuevo,2023-12-01,sbs,2025-11-09
71472671,55,Otro,Cusco,Recurrente,2024-03-31,sbs,2025-11-09
33050166,37,Otro,Chiclayo,Recurrente,2023-11-10,sbs,2025-11-09
16351040,68,Femenino,Chiclayo,Nuevo,2023-10-23,sbs,2025-11-09
93031143,27,Femenino,Piura,Nuevo,2023-06-20,sbs,2025-11-09
99436783,28,Otro,Cusco,Nuevo,2023-06-29,sbs,2025-11-09
52496800,68,Masculino,Chiclayo,Nuevo,2023-02-12,sbs,2025-11-09
37535486,54,Masculino,Arequipa,Nuevo,2023-07-08,sbs,2025-11-09
29856736,53,Otro,Lima,Recurrente,2023-12-19,sbs,2025-11-09
50474667,41,Femenino,Cusco,Recurrente,2024-06-30,sbs,2025-11-09
71477186,25,Masculino,Arequipa,Recurrente,2023-05-29,sbs,2025-11-09
78103287,38,Masculino,Lima,Recurrente,2024-07-13,sbs,2025-11-09
87004412,39,Otro,Piura,Nuevo,2023-10-24,sbs,2025-11-09
55457454,60,Masculino,Cusco,Recurrente,2024-03-28,sbs,2025-11-09
83948598,62,Masculino,Arequipa,Recurrente,2023-05-23,sbs,2025-11-09
69857441,25,Femenino,Lima,Nuevo,2023-08-14,sbs,2025-11-09
88306842,40,Masculino,Piura,Nuevo,2023-07-19,sbs,2025-11-09
82264474,51,Masculino,Piura,Nuevo,2023-03-27,sbs,2025-11-09
36098642,46,Otro,Lima,Recurrente,2024-02-08,sbs,2025-11-09
99491869,49,Femenino,Cusco,Nuevo,2023-02-27,sbs,2025-11-09
59610894,41,Femenino,Chiclayo,Recurrente,2024-03-13,sbs,2025-11-09
51350514,42,Femenino,Lima,Nuevo,2023-12-26,sbs,2025-11-09
65782199,46,Otro,Lima,Nuevo,2024-03-30,sbs,2025-11-09
65592149,69,Femenino,Piura,Nuevo,2024-03-10,sbs,2025-11-09
50698994,26,Otro,Cusco,Nuevo,2023-08-01,sbs,2025-11-09
21871327,48,Otro,Piura,Nuevo,2024-01-20,sbs,2025-11-09
72024691,18,Femenino,Piura,Nuevo,2024-07-23,sbs,2025-11-09
48851088,63,Otro,Chiclayo,Nuevo,2024-01-26,sbs,2025-11-09
88545322,53,Femenino,Lima,Recurrente,2023-11-06,sbs,2025-11-09
13602405,37,Femenino,Cusco,Recurrente,2023-08-18,sbs,2025-11-09
26666744,68,Masculino,Chiclayo,Nuevo,2024-04-28,sbs,2025-11-09
96541691,59,Otro,Piura,Nuevo,2024-05-18,sbs,2025-11-09
18955654,33,Masculino,Lima,Recurrente,2024-05-19,sbs,2025-11-09
68528124,56,Otro,Piura,Nuevo,2024-08-02,sbs,2025-11-09
60090353,34,Otro,Arequipa,Recurrente,2023-05-03,sbs,2025-11-09
31856985,50,Otro,Cusco,Nuevo,2023-09-23,sbs,2025-11-09
57967465,55,Masculino,Chiclayo,Nuevo,2023-05-19,sbs,2025-11-09
16538403,28,Masculino,Piura,Nuevo,2023-12-31,sbs,2025-11-09
78969993,36,Femenino,Cusco,Nuevo,2023-03-20,sbs,2025-11-09
82975834,30,Otro,Chiclayo,Recurrente,2023-06-21,sbs,2025-11-09
22862542,38,Femenino,Piura,Nuevo,2024-01-07,sbs,2025-11-09
28381043,52,Otro,Piura,Recurrente,2023-01-14,sbs,2025-11-09
55676049,51,Femenino,Piura,Recurrente,2024-02-26,sbs,2025-11-09
35288872,28,Masculino,Chiclayo,Nuevo,2023-08-15,sbs,2025-11-09
81416669,68,Otro,Cusco,Recurrente,2024-06-22,sbs,2025-11-09
25645176,63,Otro,Lima,Nuevo,2023-03-20,sbs,2025-11-09
58663129,70,Masculino,Lima,Nuevo,2023-11-16,sbs,2025-11-09
33113253,26,Femenino,Cusco,Nuevo,2023-12-17,sbs,2025-11-09
39844365,63,Femenino,Lima,Recurrente,2023-05-02,sbs,2025-11-09
26823411,26,Otro,Chiclayo,Recurrente,2023-11-11,sbs,2025-11-09
20433455,31,Masculino,Lima,Nuevo,2023-04-25,sbs,2025-11-09
14401363,19,Femenino,Arequipa,Nuevo,2023-04-21,sbs,2025-11-09
25961469,68,Otro,Cusco,Nuevo,2024-04-25,sbs,2025-11-09
22952493,34,Masculino,Lima,Nuevo,2023-01-11,sbs,2025-11-09
34800996,68,Masculino,Cusco,Nuevo,2023-07-24,sbs,2025-11-09
87812909,60,Femenino,Lima,Nuevo,2023-10-12,sbs,2025-11-09
77767769,40,Femenino,Chiclayo,Recurrente,2023-09-05,sbs,2025-11-09
80979534,54,Masculino,Lima,Recurrente,2023-01-15,sbs,2025-11-09
82091897,31,Otro,Chiclayo,Recurrente,2023-06-25,sbs,2025-11-09
73715236,18,Otro,Lima,Recurrente,2024-05-31,sbs,2025-11-09
34273079,41,Otro,Cusco,Nuevo,2023-04-20,sbs,2025-11-09
64704189,40,Femenino,Arequipa,Nuevo,2023-08-22,sbs,2025-11-09
28241849,25,Femenino,Lima,Nuevo,2024-06-16,sbs,2025-11-09
21039132,49,Femenino,Piura,Nuevo,2023-02-11,sbs,2025-11-09
90582915,38,Femenino,Lima,Nuevo,2024-04-12,sbs,2025-11-09
49002238,65,Femenino,Arequipa,Nuevo,2024-02-22,sbs,2025-11-09
59317149,45,Masculino,Lima,Recurrente,2024-05-02,sbs,2025-11-09
68795196,29,Masculino,Arequipa,Recurrente,2024-02-10,sbs,2025-11-09
63770881,51,Otro,Lima,Nuevo,2024-02-09,sbs,2025-11-09
18685284,62,Otro,Lima,Recurrente,2023-06-22,sbs,2025-11-09
26476859,41,Masculino,Piura,Nuevo,2024-02-18,sbs,2025-11-09
89678350,32,Femenino,Arequipa,Nuevo,2024-08-18,sbs,2025-11-09
75032899,35,Otro,Arequipa,Nuevo,2024-02-19,sbs,2025-11-09
26400072,50,Femenino,Chiclayo,Recurrente,2023-04-21,sbs,2025-11-09
13989423,34,Femenino,Arequipa,Nuevo,2023-05-18,sbs,2025-11-09
13590174,24,Otro,Lima,Recurrente,2024-05-25,sbs,2025-11-09
50634767,29,Femenino,Cusco,Recurrente,2023-06-06,sbs,2025-11-09
76060289,57,Otro,Lima,Recurrente,2024-06-16,sbs,2025-11-09
75800289,68,Femenino,Chiclayo,Nuevo,2024-05-24,sbs,2025-11-09
83366099,50,Femenino,Cusco,Nuevo,2024-07-07,sbs,2025-11-09
61489930,19,Masculino,Arequipa,Recurrente,2023-05-02,sbs,2025-11-09
14410367,46,Femenino,Arequipa,Nuevo,2023-02-06,sbs,2025-11-09
75965276,29,Otro,Piura,Recurrente,2023-06-18,sbs,2025-11-09
24681002,45,Masculino,Piura,Recurrente,2024-05-14,sbs,2025-11-09
86800757,54,Otro,Arequipa,Recurrente,2024-07-06,sbs,2025-11-09
17480910,48,Femenino,Cusco,Recurrente,2024-06-02,sbs,2025-11-09
92804241,43,Femenino,Arequipa,Nuevo,2024-01-22,sbs,2025-11-09
89250658,61,Femenino,Piura,Nuevo,2023-01-29,sbs,2025-11-09
13610435,20,Masculino,Piura,Nuevo,2024-08-20,sbs,2025-11-09
56324312,66,Otro,Piura,Nuevo,2024-03-14,sbs,2025-11-09
43234179,40,Femenino,Piura,Nuevo,2023-09-08,sbs,2025-11-09
50924657,33,Otro,Piura,Nuevo,2023-03-09,sbs,2025-11-09
15016739,25,Femenino,Chiclayo,Nuevo,2023-11-30,sbs,2025-11-09
45784981,47,Otro,Arequipa,Nuevo,2024-03-07,sbs,2025-11-09
60699081,19,Otro,Arequipa,Nuevo,2023-11-21,sbs,2025-11-09
23429380,54,Femenino,Piura,Nuevo,2024-05-15,sbs,2025-11-09
99575241,62,Otro,Chiclayo,Nuevo,2024-05-29,sbs,2025-11-09
37079584,39,Masculino,Cusco,Nuevo,2024-03-22,sbs,2025-11-09
38733345,49,Otro,Lima,Recurrente,2024-07-02,sbs,2025-11-09
63959197,36,Femenino,Lima,Nuevo,2024-08-10,sbs,2025-11-09
87603784,69,Masculino,Cusco,Recurrente,2023-04-05,sbs,2025-11-09
81278157,24,Otro,Piura,Nuevo,2024-08-03,sbs,2025-11-09
97447790,48,Femenino,Chiclayo,Nuevo,2023-03-20,sbs,2025-11-09
99047650,70,Femenino,Cusco,Recurrente,2024-03-19,sbs,2025-11-09
93881231,52,Femenino,Chiclayo,Nuevo,2023-09-15,sbs,2025-11-09
94267786,50,Femenino,Cusco,Nuevo,2023-01-20,sbs,2025-11-09
98691908,63,Otro,Chiclayo,Nuevo,2023-08-07,sbs,2025-11-09
92466364,70,Otro,Arequipa,Nuevo,2024-06-29,sbs,2025-11-09
80097837,67,Femenino,Cusco,Recurrente,2023-03-03,sbs,2025-11-09
50302318,30,Femenino,Arequipa,Nuevo,2023-06-04,sbs,2025-11-09
95084307,45,Femenino,Piura,Recurrente,2023-03-07,sbs,2025-11-09
44419684,31,Femenino,Piura,Recurrente,2023-06-14,sbs,2025-11-09
30127592,61,Otro,Chiclayo,Nuevo,2023-04-27,sbs,2025-11-09
72298460,30,Masculino,Chiclayo,Recurrente,2023-11-14,sbs,2025-11-09
37110707,49,Otro,Arequipa,Nuevo,2023-02-07,sbs,2025-11-09
98405286,28,Femenino,Chiclayo,Nuevo,2023-10-12,sbs,2025-11-09
12672106,53,Masculino,Lima,Recurrente,2024-05-12,sbs,2025-11-09
64627534,21,Masculino,Piura,Nuevo,2023-03-07,sbs,2025-11-09
41680907,41,Otro,Lima,Nuevo,2023-05-24,sbs,2025-11-09
99149714,25,Otro,Cusco,Recurrente,2024-06-18,sbs,2025-11-09
41954134,55,Otro,Piura,Nuevo,2023-04-03,sbs,2025-11-09
62338292,56,Masculino,Piura,Nuevo,2024-08-21,sbs,2025-11-09
29364653,69,Otro,Chiclayo,Recurrente,2023-08-12,sbs,2025-11-09
64811239,24,Masculino,Chiclayo,Recurrente,2024-03-26,sbs,2025-11-09
25161415,34,Otro,Lima,Nuevo,2024-01-19,sbs,2025-11-09
47276794,38,Otro,Arequipa,Nuevo,2023-09-10,sbs,2025-11-09
51362065,68,Masculino,Piura,Nuevo,2024-01-12,sbs,2025-11-09
42168745,19,Otro,Cusco,Nuevo,2023-02-25,sbs,2025-11-09
26381779,34,Otro,Arequipa,Nuevo,2024-01-07,sbs,2025-11-09
44297151,52,Masculino,Arequipa,Nuevo,2024-02-07,sbs,2025-11-09
68900892,37,Masculino,Chiclayo,Nuevo,2023-06-14,sbs,2025-11-09
20750109,58,Femenino,Arequipa,Recurrente,2023-10-08,sbs,2025-11-09
66689004,70,Femenino,Arequipa,Recurrente,2023-12-07,sbs,2025-11-09
18907659,70,Masculino,Chiclayo,Recurrente,2024-06-02,sbs,2025-11-09
53858104,40,Femenino,Cusco,Recurrente,2024-07-14,sbs,2025-11-09
94578152,47,Otro,Lima,Recurrente,2023-07-08,sbs,2025-11-09
94328498,46,Otro,Chiclayo,Nuevo,2023-07-24,sbs,2025-11-09
43501223,37,Femenino,Cusco,Nuevo,2023-06-11,sbs,2025-11-09
52869025,51,Otro,Chiclayo,Recurrente,2024-02-25,sbs,2025-11-09
47822197,46,Femenino,Chiclayo,Nuevo,2023-12-02,sbs,2025-11-09
60643036,30,Masculino,Arequipa,Nuevo,2024-02-07,sbs,2025-11-09
96853189,54,Masculino,Lima,Recurrente,2024-07-25,sbs,2025-11-09
36610839,57,Otro,Chiclayo,Recurrente,2024-04-18,sbs,2025-11-09
90583348,34,Otro,Chiclayo,Nuevo,2024-03-15,sbs,2025-11-09
86134053,34,Masculino,Lima,Recurrente,2023-06-24,sbs,2025-11-09
76323560,25,Masculino,Cusco,Nuevo,2024-04-09,sbs,2025-11-09
48649601,25,Masculino,Chiclayo,Nuevo,2023-09-30,sbs,2025-11-09
90541748,65,Femenino,Arequipa,Nuevo,2023-07-31,sbs,2025-11-09
29588118,31,Femenino,Chiclayo,Nuevo,2024-02-23,sbs,2025-11-09
43328672,19,Femenino,Piura,Nuevo,2024-04-06,sbs,2025-11-09
27878463,41,Otro,Arequipa,Nuevo,2024-04-25,sbs,2025-11-09
66813149,38,Otro,Arequipa,Recurrente,2024-01-28,sbs,2025-11-09
17885602,65,Otro,Piura,Nuevo,2024-07-24,sbs,2025-11-09
91386202,21,Femenino,Chiclayo,Nuevo,2023-12-29,sbs,2025-11-09
93169072,60,Otro,Lima,Nuevo,2024-05-31,sbs,2025-11-09
85102924,42,Femenino,Arequipa,Recurrente,2023-05-16,sbs,2025-11-09
76147841,20,Otro,Chiclayo,Nuevo,2024-05-30,sbs,2025-11-09
68106835,39,Femenino,Chiclayo,Nuevo,2024-06-27,sbs,2025-11-09
77002914,27,Femenino,Lima,Nuevo,2023-05-11,sbs,2025-11-09
45328305,35,Otro,Piura,Recurrente,2023-10-17,sbs,2025-11-09
52351453,57,Femenino,Cusco,Nuevo,2023-06-18,sbs,2025-11-09
17143361,65,Femenino,Chiclayo,Nuevo,2024-03-26,sbs,2025-11-09
73115555,30,Masculino,Lima,Nuevo,2023-02-06,sbs,2025-11-09
15474970,34,Masculino,Arequipa,Nuevo,2024-05-21,sbs,2025-11-09
25098270,46,Femenino,Cusco,Nuevo,2024-05-19,sbs,2025-11-09
48133464,64,Masculino,Lima,Nuevo,2023-07-28,sbs,2025-11-09
99004832,29,Masculino,Cusco,Recurrente,2024-07-30,sbs,2025-11-09
80600592,55,Masculino,Cusco,Recurrente,2023-01-05,sbs,2025-11-09
43038691,67,Otro,Chiclayo,Nuevo,2023-03-20,sbs,2025-11-09
48155583,67,Femenino,Lima,Recurrente,2023-01-27,sbs,2025-11-09
53424580,61,Otro,Lima,Nuevo,2023-04-19,sbs,2025-11-09
70942299,27,Masculino,Lima,Nuevo,2024-05-06,sbs,2025-11-09
15885044,58,Femenino,Cusco,Recurrente,2023-12-04,sbs,2025-11-09
27357063,59,Otro,Arequipa,Nuevo,2024-08-05,sbs,2025-11-09
19492426,31,Masculino,Piura,Nuevo,2023-02-26,sbs,2025-11-09
33892205,53,Otro,Arequipa,Nuevo,2023-09-19,sbs,2025-11-09
31869528,33,Femenino,Lima,Nuevo,2023-08-02,sbs,2025-11-09
26186924,42,Femenino,Piura,Nuevo,2023-06-07,sbs,2025-11-09
91002225,37,Femenino,Arequipa,Recurrente,2023-11-14,sbs,2025-11-09
36826266,26,Femenino,Lima,Recurrente,2024-06-08,sbs,2025-11-09
90576371,49,Femenino,Arequipa,Nuevo,2024-07-30,sbs,2025-11-09
68264710,45,Masculino,Arequipa,Recurrente,2023-07-10,sbs,2025-11-09
72213255,58,Femenino,Lima,Nuevo,2023-12-16,sbs,2025-11-09
94498056,61,Masculino,Chiclayo,Recurrente,2024-06-23,sbs,2025-11-09
20627779,59,Otro,Lima,Nuevo,2024-03-23,sbs,2025-11-09
50320166,69,Femenino,Piura,Nuevo,2023-05-11,sbs,2025-11-09
83953207,33,Otro,Arequipa,Nuevo,2023-02-18,sbs,2025-11-09
65434526,22,Masculino,Cusco,Nuevo,2024-03-11,sbs,2025-11-09
44206757,24,Femenino,Cusco,Recurrente,2023-12-30,sbs,2025-11-09
34099087,55,Masculino,Cusco,Nuevo,2024-04-18,sbs,2025-11-09
49949573,68,Masculino,Arequipa,Nuevo,2024-03-02,sbs,2025-11-09
93726413,38,Otro,Arequipa,Recurrente,2024-04-05,sbs,2025-11-09
38329117,69,Femenino,Piura,Recurrente,2023-07-11,sbs,2025-11-09
68223505,29,Masculino,Cusco,Nuevo,2023-04-19,sbs,2025-11-09
33049928,52,Masculino,Lima,Nuevo,2023-01-14,sbs,2025-11-09
50641125,59,Femenino,Arequipa,Recurrente,2024-05-13,sbs,2025-11-09
50621889,57,Otro,Piura,Recurrente,2024-02-09,sbs,2025-11-09
12132081,23,Masculino,Chiclayo,Nuevo,2023-04-25,sbs,2025-11-09
97206603,62,Masculino,Lima,Nuevo,2023-05-29,sbs,2025-11-09
72199925,33,Femenino,Cusco,Nuevo,2023-11-05,sbs,2025-11-09
30457766,27,Femenino,Arequipa,Nuevo,2023-06-20,sbs,2025-11-09
12634395,65,Otro,Arequipa,Recurrente,2024-04-27,sbs,2025-11-09
62577566,46,Otro,Chiclayo,Nuevo,2024-08-06,sbs,2025-11-09
65792417,21,Femenino,Lima,Nuevo,2024-03-18,sbs,2025-11-09
49027097,49,Otro,Cusco,Nuevo,2024-07-21,sbs,2025-11-09
41125867,20,Femenino,Arequipa,Nuevo,2024-05-14,sbs,2025-11-09
52392689,63,Masculino,Cusco,Nuevo,2024-08-13,sbs,2025-11-09
73530347,53,Masculino,Piura,Recurrente,2024-03-03,sbs,2025-11-09
70173215,25,Femenino,Cusco,Recurrente,2023-12-22,sbs,2025-11-09
72980385,62,Femenino,Lima,Nuevo,2023-07-16,sbs,2025-11-09
90812511,40,Femenino,Chiclayo,Nuevo,2023-12-14,sbs,2025-11-09
62394739,63,Otro,Arequipa,Nuevo,2023-10-28,sbs,2025-11-09
93462271,44,Otro,Piura,Recurrente,2023-06-15,sbs,2025-11-09
33258738,31,Femenino,Lima,Recurrente,2023-05-13,sbs,2025-11-09
76266658,30,Masculino,Cusco,Nuevo,2024-03-01,sbs,2025-11-09
58155542,37,Masculino,Chiclayo,Nuevo,2023-01-19,sbs,2025-11-09
14290941,34,Femenino,Chiclayo,Nuevo,2024-05-30,sbs,2025-11-09
26198473,69,Masculino,Piura,Nuevo,2023-08-21,sbs,2025-11-09
57679636,53,Masculino,Arequipa,Nuevo,2023-12-15,sbs,2025-11-09
79174131,67,Masculino,Cusco,Nuevo,2023-06-04,sbs,2025-11-09
71355706,56,Otro,Lima,Recurrente,2024-03-24,sbs,2025-11-09
85493830,66,Masculino,Lima,Recurrente,2023-04-15,sbs,2025-11-09
37566472,20,Otro,Lima,Nuevo,2023-05-01,sbs,2025-11-09
76892907,41,Masculino,Piura,Recurrente,2024-06-02,sbs,2025-11-09
28491507,64,Masculino,Chiclayo,Nuevo,2023-12-09,sbs,2025-11-09
42925764,25,Masculino,Arequipa,Recurrente,2023-01-07,sbs,2025-11-09
21439895,69,Femenino,Piura,Nuevo,2023-06-25,sbs,2025-11-09
30348912,35,Femenino,Arequipa,Nuevo,2023-09-09,sbs,2025-11-09
67555628,66,Otro,Arequipa,Recurrente,2023-05-22,sbs,2025-11-09
58556533,44,Femenino,Arequipa,Recurrente,2024-06-12,sbs,2025-11-09
19339029,19,Femenino,Chiclayo,Recurrente,2024-06-13,sbs,2025-11-09
68260195,23,Femenino,Piura,Nuevo,2023-06-18,sbs,2025-11-09
87115770,21,Femenino,Lima,Recurrente,2023-06-04,sbs,2025-11-09
63955904,21,Otro,Cusco,Recurrente,2024-03-05,sbs,2025-11-09
56192019,61,Otro,Cusco,Recurrente,2023-11-18,sbs,2025-11-09
64215650,18,Femenino,Cusco,Nuevo,2023-05-31,sbs,2025-11-09
56338752,46,Otro,Chiclayo,Recurrente,2024-03-28,sbs,2025-11-09
21311994,69,Otro,Arequipa,Recurrente,2023-11-05,sbs,2025-11-09
79856260,20,Otro,Piura,Nuevo,2023-05-10,sbs,2025-11-09
51909809,52,Femenino,Chiclayo,Nuevo,2024-07-19,sbs,2025-11-09
89524487,51,Femenino,Chiclayo,Nuevo,2024-07-06,sbs,2025-11-09
24823261,34,Masculino,Piura,Recurrente,2024-06-01,sbs,2025-11-09
57576607,64,Masculino,Piura,Nuevo,2024-06-03,sbs,2025-11-09
10699730,25,Masculino,Lima,Nuevo,2024-08-09,sbs,2025-11-09
85913174,47,Femenino,Chiclayo,Recurrente,2024-08-18,sbs,2025-11-09
57021454,63,Otro,Cusco,Recurrente,2023-08-28,sbs,2025-11-09
79748476,37,Femenino,Cusco,Recurrente,2024-01-22,sbs,2025-11-09
35844329,65,Masculino,Lima,Nuevo,2024-08-19,sbs,2025-11-09
65304811,70,Femenino,Arequipa,Nuevo,2024-03-11,sbs,2025-11-09
73921605,23,Masculino,Lima,Nuevo,2023-05-14,sbs,2025-11-09
64056687,31,Femenino,Lima,Nuevo,2024-06-22,sbs,2025-11-09
88423925,55,Otro,Cusco,Recurrente,2023-09-28,sbs,2025-11-09
65958370,49,Otro,Arequipa,Recurrente,2024-05-16,sbs,2025-11-09
71433172,70,Masculino,Chiclayo,Nuevo,2024-05-11,sbs,2025-11-09
38540398,26,Otro,Cusco,Recurrente,2023-05-01,sbs,2025-11-09
59570909,47,Femenino,Lima,Recurrente,2024-07-26,sbs,2025-11-09
86740966,25,Otro,Arequipa,Nuevo,2024-01-14,sbs,2025-11-09
50926285,36,Masculino,Cusco,Nuevo,2024-01-16,sbs,2025-11-09
29077681,41,Femenino,Piura,Nuevo,2023-05-27,sbs,2025-11-09
48048350,68,Otro,Arequipa,Nuevo,2023-11-09,sbs,2025-11-09
56794869,31,Masculino,Arequipa,Nuevo,2024-07-14,sbs,2025-11-09
85935555,22,Masculino,Arequipa,Nuevo,2023-11-14,sbs,2025-11-09
28592146,46,Femenino,Arequipa,Nuevo,2023-05-16,sbs,2025-11-09
29996104,50,Otro,Arequipa,Recurrente,2024-04-04,sbs,2025-11-09
61973818,64,Femenino,Lima,Recurrente,2024-02-24,sbs,2025-11-09
47228655,32,Femenino,Piura,Nuevo,2024-03-29,sbs,2025-11-09
94571826,59,Masculino,Chiclayo,Recurrente,2024-08-08,sbs,2025-11-09
96424699,68,Otro,Piura,Nuevo,2023-05-07,sbs,2025-11-09
87424245,53,Masculino,Chiclayo,Recurrente,2024-07-08,sbs,2025-11-09
77463037,66,Masculino,Cusco,Nuevo,2024-05-02,sbs,2025-11-09
46904845,19,Masculino,Cusco,Nuevo,2023-01-20,sbs,2025-11-09
69623470,68,Masculino,Chiclayo,Recurrente,2024-08-16,sbs,2025-11-09
75964394,23,Otro,Cusco,Nuevo,2023-02-16,sbs,2025-11-09
80853774,19,Femenino,Arequipa,Nuevo,2023-01-25,sbs,2025-11-09
82716383,38,Femenino,Piura,Nuevo,2023-04-12,sbs,2025-11-09
30700047,28,Femenino,Chiclayo,Nuevo,2023-04-02,sbs,2025-11-09
34354859,37,Femenino,Chiclayo,Nuevo,2023-11-30,sbs,2025-11-09
52955238,19,Otro,Lima,Nuevo,2023-04-12,sbs,2025-11-09
16962963,27,Femenino,Piura,Nuevo,2023-05-04,sbs,2025-11-09
78265991,30,Masculino,Cusco,Nuevo,2024-05-19,sbs,2025-11-09
18137886,66,Otro,Arequipa,Recurrente,2023-10-03,sbs,2025-11-09
13879756,38,Femenino,Cusco,Nuevo,2024-05-10,sbs,2025-11-09
46126008,44,Otro,Chiclayo,Recurrente,2023-01-20,sbs,2025-11-09
97449682,53,Otro,Lima,Nuevo,2024-07-22,sbs,2025-11-09
21261988,68,Masculino,Piura,Nuevo,2024-04-01,sbs,2025-11-09
60104178,58,Otro,Chiclayo,Recurrente,2023-05-26,sbs,2025-11-09
84511273,52,Masculino,Chiclayo,Nuevo,2024-03-09,sbs,2025-11-09
97652074,46,Masculino,Lima,Recurrente,2023-10-24,sbs,2025-11-09
46682099,28,Masculino,Lima,Recurrente,2024-05-08,sbs,2025-11-09
88538733,56,Femenino,Arequipa,Recurrente,2023-08-06,sbs,2025-11-09
85575530,50,Femenino,Lima,Nuevo,2024-06-30,sbs,2025-11-09
28743541,22,Femenino,Lima,Nuevo,2023-05-06,sbs,2025-11-09
91932582,64,Otro,Piura,Recurrente,2023-08-04,sbs,2025-11-09
46643203,50,Femenino,Piura,Nuevo,2024-04-08,sbs,2025-11-09
90465362,33,Otro,Piura,Nuevo,2024-04-15,sbs,2025-11-09
91709974,39,Masculino,Chiclayo,Nuevo,2023-01-03,sbs,2025-11-09
84596958,48,Masculino,Lima,Recurrente,2024-02-28,sbs,2025-11-09
20891605,62,Otro,Arequipa,Recurrente,2024-07-05,sbs,2025-11-09
26564560,68,Otro,Lima,Nuevo,2024-03-31,sbs,2025-11-09
11131640,40,Femenino,Cusco,Nuevo,2023-07-01,sbs,2025-11-09
11256721,25,Femenino,Piura,Recurrente,2024-03-31,sbs,2025-11-09
35704262,32,Otro,Lima,Recurrente,2024-01-02,sbs,2025-11-09
41441568,23,Otro,Piura,Recurrente,2023-08-15,sbs,2025-11-09
10957697,49,Femenino,Lima,Nuevo,2023-08-03,sbs,2025-11-09
86383608,30,Otro,Arequipa,Nuevo,2023-10-12,sbs,2025-11-09
90929605,50,Femenino,Chiclayo,Nuevo,2024-08-02,sbs,2025-11-09
27103487,54,Masculino,Lima,Nuevo,2023-03-08,sbs,2025-11-09
35749878,34,Otro,Chiclayo,Recurrente,2023-10-08,sbs,2025-11-09
70924933,61,Masculino,Cusco,Nuevo,2024-07-27,sbs,2025-11-09
68055632,18,Femenino,Lima,Recurrente,2023-11-27,sbs,2025-11-09
76514912,44,Femenino,Lima,Recurrente,2024-04-22,sbs,2025-11-09
16303488,41,Otro,Lima,Recurrente,2023-08-18,sbs,2025-11-09
62594409,35,Femenino,Cusco,Nuevo,2023-01-06,sbs,2025-11-09
40283277,30,Femenino,Lima,Recurrente,2023-01-26,sbs,2025-11-09
32076343,62,Femenino,Lima,Recurrente,2023-07-21,sbs,2025-11-09
13741017,39,Femenino,Lima,Nuevo,2023-04-10,sbs,2025-11-09
43609390,48,Femenino,Lima,Nuevo,2023-12-09,sbs,2025-11-09
17305854,33,Masculino,Arequipa,Nuevo,2023-12-15,sbs,2025-11-09
90525899,70,Femenino,Cusco,Recurrente,2023-03-16,sbs,2025-11-09
26753912,57,Femenino,Lima,Nuevo,2024-08-15,sbs,2025-11-09
27117564,23,Masculino,Lima,Nuevo,2023-03-08,sbs,2025-11-09
18830219,21,Femenino,Lima,Nuevo,2024-03-18,sbs,2025-11-09
61198088,24,Otro,Lima,Nuevo,2023-10-29,sbs,2025-11-09
90473708,43,Masculino,Cusco,Recurrente,2023-08-27,sbs,2025-11-09
72305089,68,Otro,Cusco,Nuevo,2024-01-29,sbs,2025-11-09
97365194,68,Femenino,Cusco,Nuevo,2023-12-14,sbs,2025-11-09
24496399,61,Masculino,Arequipa,Nuevo,2023-07-17,sbs,2025-11-09
86935230,24,Masculino,Cusco,Recurrente,2023-07-18,sbs,2025-11-09
74612320,26,Otro,Cusco,Nuevo,2024-03-07,sbs,2025-11-09
15915081,64,Otro,Arequipa,Nuevo,2023-05-21,sbs,2025-11-09
97470361,21,Masculino,Piura,Nuevo,2024-06-09,sbs,2025-11-09
29545414,66,Femenino,Piura,Nuevo,2024-07-08,sbs,2025-11-09
59503523,27,Femenino,Piura,Nuevo,2023-10-26,sbs,2025-11-09
17693044,18,Otro,Cusco,Recurrente,2023-05-29,sbs,2025-11-09
56146216,33,Otro,Cusco,Recurrente,2024-03-08,sbs,2025-11-09
35414874,30,Masculino,Chiclayo,Recurrente,2023-12-16,sbs,2025-11-09
87632976,60,Femenino,Arequipa,Nuevo,2023-12-06,sbs,2025-11-09
31780851,54,Femenino,Cusco,Nuevo,2023-12-03,sbs,2025-11-09
95733862,24,Femenino,Lima,Nuevo,2023-01-04,sbs,2025-11-09
42080592,32,Otro,Chiclayo,Nuevo,2023-08-07,sbs,2025-11-09
37557095,48,Otro,Piura,Recurrente,2024-01-20,sbs,2025-11-09
58034735,43,Masculino,Lima,Nuevo,2023-03-17,sbs,2025-11-09
36092388,19,Otro,Lima,Nuevo,2024-03-26,sbs,2025-11-09
36725819,58,Otro,Piura,Nuevo,2023-01-31,sbs,2025-11-09
33392072,30,Femenino,Chiclayo,Nuevo,2023-09-26,sbs,2025-11-09
33632711,39,Otro,Chiclayo,Nuevo,2023-01-23,sbs,2025-11-09
60858151,34,Masculino,Lima,Recurrente,2023-05-21,sbs,2025-11-09
71230621,59,Masculino,Piura,Recurrente,2023-11-09,sbs,2025-11-09
93644995,33,Femenino,Piura,Recurrente,2024-06-23,sbs,2025-11-09
35453201,45,Otro,Lima,Nuevo,2023-05-14,sbs,2025-11-09
90470126,30,Otro,Arequipa,Recurrente,2023-11-22,sbs,2025-11-09
81869344,45,Otro,Chiclayo,Recurrente,2023-07-13,sbs,2025-11-09
26972976,36,Masculino,Piura,Nuevo,2023-10-14,sbs,2025-11-09
73171894,50,Otro,Arequipa,Nuevo,2023-03-25,sbs,2025-11-09
62092026,68,Otro,Cusco,Nuevo,2024-06-04,sbs,2025-11-09
72312899,66,Otro,Cusco,Nuevo,2024-06-15,sbs,2025-11-09
76409861,29,Femenino,Piura,Nuevo,2024-05-09,sbs,2025-11-09
97206259,48,Femenino,Cusco,Nuevo,2024-08-20,sbs,2025-11-09
41458567,20,Masculino,Chiclayo,Recurrente,2024-04-07,sbs,2025-11-09
86688035,43,Masculino,Piura,Nuevo,2024-01-22,sbs,2025-11-09
21278067,28,Femenino,Piura,Nuevo,2023-05-18,sbs,2025-11-09
15522109,36,Femenino,Cusco,Nuevo,2024-08-20,sbs,2025-11-09
72753631,47,Otro,Cusco,Nuevo,2024-04-06,sbs,2025-11-09
46644052,45,Femenino,Piura,Recurrente,2023-11-21,sbs,2025-11-09
96618062,42,Masculino,Chiclayo,Nuevo,2023-09-29,sbs,2025-11-09
78825641,22,Femenino,Lima,Nuevo,2024-05-28,sbs,2025-11-09
23208247,52,Otro,Lima,Recurrente,2023-08-22,sbs,2025-11-09
54796219,25,Masculino,Piura,Nuevo,2023-07-25,sbs,2025-11-09
35587594,30,Otro,Piura,Nuevo,2023-10-09,sbs,2025-11-09
45049006,63,Otro,Chiclayo,Recurrente,2024-07-10,sbs,2025-11-09
64459981,18,Femenino,Piura,Recurrente,2024-02-18,sbs,2025-11-09
30036175,70,Otro,Lima,Nuevo,2024-06-08,sbs,2025-11-09
73678024,43,Masculino,Chiclayo,Recurrente,2023-08-03,sbs,2025-11-09
71928212,32,Otro,Cusco,Recurrente,2024-04-24,sbs,2025-11-09
66061116,39,Masculino,Piura,Recurrente,2024-03-15,sbs,2025-11-09
60291405,31,Femenino,Arequipa,Recurrente,2023-01-31,sbs,2025-11-09
77082048,26,Otro,Chiclayo,Nuevo,2023-01-10,sbs,2025-11-09
67139083,69,Otro,Piura,Nuevo,2024-03-05,sbs,2025-11-09
86178952,61,Femenino,Cusco,Nuevo,2023-01-24,sbs,2025-11-09
86261289,68,Masculino,Chiclayo,Nuevo,2023-12-05,sbs,2025-11-09
61179711,58,Otro,Cusco,Nuevo,2024-02-05,sbs,2025-11-09
73723578,31,Femenino,Lima,Nuevo,2023-07-12,sbs,2025-11-09
22514663,24,Femenino,Cusco,Recurrente,2023-11-08,sbs,2025-11-09
13602203,28,Masculino,Cusco,Nuevo,2024-05-15,sbs,2025-11-09
48093356,29,Masculino,Lima,Recurrente,2024-01-31,sbs,2025-11-09
71023927,31,Masculino,Piura,Recurrente,2023-03-13,sbs,2025-11-09
65144861,21,Femenino,Cusco,Nuevo,2023-12-01,sbs,2025-11-09
74189781,43,Masculino,Lima,Nuevo,2024-03-04,sbs,2025-11-09
27439215,65,Masculino,Arequipa,Recurrente,2023-07-31,sbs,2025-11-09
31311258,31,Femenino,Arequipa,Recurrente,2024-05-01,sbs,2025-11-09
71600090,56,Otro,Piura,Nuevo,2024-05-29,sbs,2025-11-09
18585913,35,Masculino,Lima,Recurrente,2024-04-01,sbs,2025-11-09
54143064,70,Femenino,Cusco,Recurrente,2024-06-22,sbs,2025-11-09
22227594,54,Femenino,Arequipa,Nuevo,2023-02-10,sbs,2025-11-09
62491260,36,Otro,Arequipa,Nuevo,2023-11-01,sbs,2025-11-09
71448654,57,Masculino,Arequipa,Nuevo,2024-03-18,sbs,2025-11-09
62821563,42,Otro,Chiclayo,Recurrente,2023-04-08,sbs,2025-11-09
46745629,62,Masculino,Chiclayo,Recurrente,2023-06-11,sbs,2025-11-09
39159454,58,Otro,Piura,Recurrente,2023-03-10,sbs,2025-11-09
20272170,49,Femenino,Cusco,Nuevo,2024-01-13,sbs,2025-11-09
65042162,66,Masculino,Cusco,Recurrente,2023-11-30,sbs,2025-11-09
72031070,46,Masculino,Piura,Nuevo,2023-02-15,sbs,2025-11-09
36092407,19,Masculino,Arequipa,Nuevo,2024-02-13,sbs,2025-11-09
53904009,43,Masculino,Lima,Nuevo,2023-05-20,sbs,2025-11-09
21079489,60,Otro,Arequipa,Nuevo,2023-03-11,sbs,2025-11-09
28824809,53,Otro,Chiclayo,Recurrente,2024-03-24,sbs,2025-11-09
91468625,48,Femenino,Chiclayo,Nuevo,2023-01-19,sbs,2025-11-09
32609429,24,Masculino,Piura,Nuevo,2024-02-05,sbs,2025-11-09
69144114,22,Otro,Lima,Recurrente,2023-06-07,sbs,2025-11-09
39013376,40,Masculino,Chiclayo,Recurrente,2024-06-29,sbs,2025-11-09
96035199,46,Otro,Lima,Recurrente,2024-06-19,sbs,2025-11-09
69590884,60,Otro,Lima,Nuevo,2023-11-12,sbs,2025-11-09
37076822,21,Otro,Lima,Nuevo,2024-01-22,sbs,2025-11-09
66597298,33,Femenino,Chiclayo,Nuevo,2023-01-17,sbs,2025-11-09
39604115,19,Masculino,Piura,Recurrente,2023-03-06,sbs,2025-11-09
65791626,24,Otro,Chiclayo,Recurrente,2023-02-15,sbs,2025-11-09
93842238,50,Masculino,Piura,Nuevo,2023-07-14,sbs,2025-11-09
41193292,31,Otro,Arequipa,Recurrente,2023-05-04,sbs,2025-11-09
63974248,31,Masculino,Piura,Nuevo,2023-01-16,sbs,2025-11-09
39540811,59,Femenino,Lima,Nuevo,2024-04-14,sbs,2025-11-09
15897385,22,Otro,Piura,Nuevo,2024-01-13,sbs,2025-11-09
23665188,22,Masculino,Arequipa,Nuevo,2024-05-26,sbs,2025-11-09
90512805,63,Otro,Cusco,Nuevo,2023-04-08,sbs,2025-11-09
54566533,38,Otro,Arequipa,Recurrente,2023-05-17,sbs,2025-11-09
19061506,29,Otro,Piura,Recurrente,2024-05-08,sbs,2025-11-09
61321020,39,Masculino,Cusco,Recurrente,2024-04-04,sbs,2025-11-09
41219836,50,Otro,Chiclayo,Nuevo,2023-01-14,sbs,2025-11-09
42688154,19,Otro,Lima,Nuevo,2024-03-14,sbs,2025-11-09
49810955,57,Masculino,Lima,Nuevo,2024-05-25,sbs,2025-11-09
41952404,30,Masculino,Arequipa,Nuevo,2023-02-08,sbs,2025-11-09
28021013,64,Otro,Arequipa,Recurrente,2023-12-03,sbs,2025-11-09
96979318,35,Femenino,Lima,Nuevo,2024-02-29,sbs,2025-11-09
56000229,70,Femenino,Lima,Nuevo,2023-12-06,sbs,2025-11-09
39855935,33,Masculino,Cusco,Nuevo,2023-09-12,sbs,2025-11-09
94527978,56,Femenino,Cusco,Nuevo,2024-03-28,sbs,2025-11-09
16993664,18,Masculino,Arequipa,Nuevo,2023-07-17,sbs,2025-11-09
89541539,58,Masculino,Chiclayo,Nuevo,2023-06-27,sbs,2025-11-09
72689644,53,Masculino,Chiclayo,Nuevo,2024-03-12,sbs,2025-11-09
91315976,37,Masculino,Chiclayo,Nuevo,2023-06-30,sbs,2025-11-09
46488536,33,Femenino,Piura,Nuevo,2023-07-26,sbs,2025-11-09
63451468,68,Femenino,Lima,Recurrente,2024-01-04,sbs,2025-11-09
91791507,42,Masculino,Arequipa,Nuevo,2024-06-01,sbs,2025-11-09
12658997,65,Femenino,Chiclayo,Recurrente,2024-05-08,sbs,2025-11-09
89884158,66,Femenino,Arequipa,Recurrente,2023-11-04,sbs,2025-11-09
61063166,52,Masculino,Cusco,Recurrente,2023-09-21,sbs,2025-11-09
91339346,47,Femenino,Arequipa,Nuevo,2024-07-29,sbs,2025-11-09
36268523,48,Masculino,Piura,Nuevo,2024-04-25,sbs,2025-11-09
60232033,27,Masculino,Lima,Nuevo,2024-05-27,sbs,2025-11-09
61544630,49,Femenino,Arequipa,Recurrente,2024-01-18,sbs,2025-11-09
26707088,49,Femenino,Cusco,Nuevo,2023-02-09,sbs,2025-11-09
44260204,42,Otro,Chiclayo,Nuevo,2024-03-22,sbs,2025-11-09
95225538,67,Otro,Piura,Nuevo,2024-05-15,sbs,2025-11-09
43123836,62,Femenino,Lima,Recurrente,2024-03-10,sbs,2025-11-09
94685039,33,Femenino,Lima,Recurrente,2024-01-06,sbs,2025-11-09
45075212,63,Otro,Lima,Recurrente,2023-06-01,sbs,2025-11-09
98933292,56,Femenino,Chiclayo,Nuevo,2024-08-15,sbs,2025-11-09
63373950,28,Masculino,Lima,Recurrente,2024-01-29,sbs,2025-11-09
66766698,63,Otro,Lima,Nuevo,2023-07-13,sbs,2025-11-09
81565068,28,Femenino,Piura,Recurrente,2024-05-27,sbs,2025-11-09
21928391,60,Femenino,Cusco,Nuevo,2024-02-26,sbs,2025-11-09
29154679,24,Otro,Cusco,Recurrente,2023-12-19,sbs,2025-11-09
51352528,35,Otro,Chiclayo,Recurrente,2024-02-12,sbs,2025-11-09
66081482,18,Masculino,Arequipa,Nuevo,2023-03-13,sbs,2025-11-09
33676181,51,Femenino,Piura,Recurrente,2023-06-24,sbs,2025-11-09
77459675,41,Masculino,Chiclayo,Nuevo,2023-07-06,sbs,2025-11-09
36969824,25,Femenino,Cusco,Recurrente,2023-07-10,sbs,2025-11-09
44809624,21,Otro,Chiclayo,Recurrente,2023-07-16,sbs,2025-11-09
20711890,44,Femenino,Cusco,Nuevo,2023-06-20,sbs,2025-11-09
55922853,36,Masculino,Arequipa,Nuevo,2023-03-07,sbs,2025-11-09
11275951,19,Otro,Chiclayo,Nuevo,2023-04-14,sbs,2025-11-09
22997893,21,Femenino,Lima,Recurrente,2023-02-12,sbs,2025-11-09
45679876,31,Otro,Lima,Nuevo,2024-06-16,sbs,2025-11-09
59765936,49,Femenino,Piura,Nuevo,2023-12-11,sbs,2025-11-09
99265296,61,Femenino,Piura,Recurrente,2024-01-05,sbs,2025-11-09
54326109,43,Femenino,Cusco,Nuevo,2023-12-31,sbs,2025-11-09
28637880,69,Masculino,Lima,Nuevo,2024-02-16,sbs,2025-11-09
43358157,19,Otro,Lima,Recurrente,2023-10-14,sbs,2025-11-09
79110587,41,Femenino,Cusco,Recurrente,2024-05-01,sbs,2025-11-09
12232081,44,Otro,Chiclayo,Nuevo,2023-11-26,sbs,2025-11-09
69633763,58,Femenino,Lima,Recurrente,2023-11-30,sbs,2025-11-09
56752592,32,Otro,Arequipa,Nuevo,2023-03-25,sbs,2025-11-09
91493489,45,Femenino,Lima,Recurrente,2023-10-28,sbs,2025-11-09
77731180,30,Otro,Chiclayo,Recurrente,2024-08-08,sbs,2025-11-09
83651529,20,Masculino,Arequipa,Recurrente,2023-11-05,sbs,2025-11-09
98938318,47,Masculino,Arequipa,Recurrente,2024-05-08,sbs,2025-11-09
24155900,52,Masculino,Chiclayo,Nuevo,2023-04-02,sbs,2025-11-09
61471131,45,Otro,Lima,Nuevo,2023-12-01,sbs,2025-11-09
26521948,67,Femenino,Chiclayo,Recurrente,2024-05-02,sbs,2025-11-09
22138886,60,Masculino,Cusco,Nuevo,2024-05-18,sbs,2025-11-09
90621827,68,Otro,Piura,Recurrente,2024-08-12,sbs,2025-11-09
97767609,22,Otro,Piura,Nuevo,2024-01-26,sbs,2025-11-09
44775001,59,Otro,Arequipa,Recurrente,2023-08-17,sbs,2025-11-09
89483803,25,Femenino,Lima,Nuevo,2023-12-15,sbs,2025-11-09
52060116,30,Otro,Lima,Nuevo,2023-05-11,sbs,2025-11-09
35482265,42,Otro,Lima,Nuevo,2024-07-02,sbs,2025-11-09
79759849,42,Femenino,Piura,Recurrente,2023-05-10,sbs,2025-11-09
11233262,60,Otro,Cusco,Nuevo,2024-02-09,sbs,2025-11-09
39380829,52,Femenino,Piura,Nuevo,2023-10-31,sbs,2025-11-09
29578433,49,Otro,Arequipa,Nuevo,2023-10-18,sbs,2025-11-09
77428032,65,Otro,Lima,Nuevo,2023-11-13,sbs,2025-11-09
74194023,62,Masculino,Piura,Recurrente,2024-08-10,sbs,2025-11-09
17893691,58,Masculino,Arequipa,Nuevo,2024-01-21,sbs,2025-11-09
40208616,69,Femenino,Chiclayo,Recurrente,2023-08-04,sbs,2025-11-09
75431766,62,Otro,Lima,Recurrente,2023-07-03,sbs,2025-11-09
12894515,64,Femenino,Piura,Recurrente,2023-06-13,sbs,2025-11-09
56748995,53,Femenino,Piura,Nuevo,2024-04-29,sbs,2025-11-09
47898265,66,Femenino,Arequipa,Nuevo,2023-10-17,sbs,2025-11-09
53408507,62,Masculino,Cusco,Nuevo,2023-05-15,sbs,2025-11-09
71408972,66,Otro,Lima,Recurrente,2023-11-08,sbs,2025-11-09
49068306,59,Masculino,Cusco,Nuevo,2024-05-09,sbs,2025-11-09
97407684,27,Masculino,Chiclayo,Recurrente,2023-07-20,sbs,2025-11-09
60540462,18,Femenino,Cusco,Nuevo,2023-06-01,sbs,2025-11-09
57725656,45,Otro,Chiclayo,Recurrente,2023-04-09,sbs,2025-11-09
97254650,48,Masculino,Lima,Nuevo,2024-06-11,sbs,2025-11-09
42883478,39,Otro,Arequipa,Recurrente,2024-02-18,sbs,2025-11-09
90014633,20,Masculino,Chiclayo,Nuevo,2023-11-06,sbs,2025-11-09
72233240,29,Otro,Arequipa,Recurrente,2023-04-02,sbs,2025-11-09
59301266,70,Otro,Arequipa,Nuevo,2024-03-31,sbs,2025-11-09
96088502,18,Masculino,Lima,Nuevo,2024-05-15,sbs,2025-11-09
86857173,60,Otro,Chiclayo,Nuevo,2024-08-09,sbs,2025-11-09
61534222,48,Femenino,Lima,Recurrente,2023-07-05,sbs,2025-11-09
23346779,48,Otro,Arequipa,Nuevo,2023-05-09,sbs,2025-11-09
62854477,38,Masculino,Cusco,Nuevo,2023-01-21,sbs,2025-11-09
88479996,53,Otro,Cusco,Nuevo,2024-06-15,sbs,2025-11-09
98393430,52,Otro,Lima,Recurrente,2023-08-01,sbs,2025-11-09
84453495,25,Masculino,Cusco,Recurrente,2023-01-06,sbs,2025-11-09
37679708,46,Femenino,Lima,Nuevo,2024-08-11,sbs,2025-11-09
21356205,59,Masculino,Lima,Nuevo,2023-02-05,sbs,2025-11-09
33032191,25,Otro,Piura,Nuevo,2024-07-11,sbs,2025-11-09
79718468,45,Otro,Lima,Nuevo,2023-02-17,sbs,2025-11-09
75826121,68,Femenino,Cusco,Nuevo,2024-08-13,sbs,2025-11-09
91359046,62,Femenino,Cusco,Recurrente,2023-12-27,sbs,2025-11-09
41823071,52,Otro,Chiclayo,Recurrente,2023-02-15,sbs,2025-11-09
28013093,20,Masculino,Chiclayo,Nuevo,2023-08-09,sbs,2025-11-09
27245919,56,Otro,Chiclayo,Nuevo,2023-10-12,sbs,2025-11-09
44987131,64,Otro,Arequipa,Nuevo,2023-09-19,sbs,2025-11-09
44115380,42,Otro,Chiclayo,Nuevo,2023-03-27,sbs,2025-11-09
94499213,61,Femenino,Chiclayo,Nuevo,2023-03-14,sbs,2025-11-09
98223735,64,Femenino,Chiclayo,Recurrente,2024-07-31,sbs,2025-11-09
52461165,59,Otro,Cusco,Nuevo,2023-06-07,sbs,2025-11-09
20405175,68,Femenino,Arequipa,Nuevo,2023-09-11,sbs,2025-11-09
64597257,35,Masculino,Cusco,Nuevo,2024-07-15,sbs,2025-11-09
46675397,22,Femenino,Lima,Nuevo,2023-12-08,sbs,2025-11-09
39826611,27,Masculino,Piura,Nuevo,2024-01-22,sbs,2025-11-09
89031028,42,Masculino,Lima,Nuevo,2023-11-10,sbs,2025-11-09
47848959,70,Femenino,Lima,Nuevo,2024-08-08,sbs,2025-11-09
32917330,53,Femenino,Cusco,Nuevo,2023-02-19,sbs,2025-11-09
84044121,38,Femenino,Chiclayo,Nuevo,2024-06-28,sbs,2025-11-09
11274728,56,Femenino,Arequipa,Nuevo,2023-09-23,sbs,2025-11-09
60841764,61,Otro,Chiclayo,Recurrente,2023-05-27,sbs,2025-11-09
43435196,54,Otro,Piura,Nuevo,2024-01-15,sbs,2025-11-09
68916214,61,Otro,Arequipa,Recurrente,2023-07-07,sbs,2025-11-09
79873032,40,Femenino,Cusco,Nuevo,2024-03-14,sbs,2025-11-09
51025192,63,Masculino,Piura,Nuevo,2023-03-31,sbs,2025-11-09
42217185,44,Femenino,Lima,Nuevo,2023-03-20,sbs,2025-11-09
84378065,23,Masculino,Cusco,Nuevo,2023-10-20,sbs,2025-11-09
74378331,49,Masculino,Arequipa,Recurrente,2023-05-20,sbs,2025-11-09
11865661,49,Otro,Cusco,Recurrente,2024-02-20,sbs,2025-11-09
56313253,57,Masculino,Lima,Recurrente,2024-07-01,sbs,2025-11-09
91520297,33,Otro,Cusco,Recurrente,2023-02-13,sbs,2025-11-09
20082754,46,Masculino,Cusco,Recurrente,2023-06-29,sbs,2025-11-09
66736822,41,Masculino,Cusco,Nuevo,2023-02-22,sbs,2025-11-09
55360034,49,Femenino,Chiclayo,Nuevo,2023-04-26,sbs,2025-11-09
48931830,61,Masculino,Cusco,Recurrente,2023-05-01,sbs,2025-11-09
94715069,37,Femenino,Piura,Nuevo,2023-01-03,sbs,2025-11-09
14755216,54,Femenino,Chiclayo,Recurrente,2024-06-11,sbs,2025-11-09
92615071,47,Otro,Arequipa,Nuevo,2023-01-07,sbs,2025-11-09
56938851,47,Femenino,Piura,Nuevo,2023-01-06,sbs,2025-11-09
67821509,64,Masculino,Arequipa,Nuevo,2023-04-14,sbs,2025-11-09
65125778,49,Masculino,Lima,Nuevo,2023-06-07,sbs,2025-11-09
40345988,25,Femenino,Lima,Nuevo,2023-09-14,sbs,2025-11-09
34452059,48,Femenino,Piura,Nuevo,2024-03-14,sbs,2025-11-09
31721032,52,Femenino,Lima,Recurrente,2024-03-25,sbs,2025-11-09
24853291,26,Femenino,Arequipa,Nuevo,2023-07-23,sbs,2025-11-09
54454724,30,Femenino,Lima,Nuevo,2024-03-07,sbs,2025-11-09
25944033,20,Masculino,Chiclayo,Recurrente,2023-09-30,sbs,2025-11-09
53605688,44,Femenino,Cusco,Nuevo,2023-05-11,sbs,2025-11-09
27638581,66,Femenino,Cusco,Recurrente,2024-02-03,sbs,2025-11-09
77108989,25,Masculino,Lima,Nuevo,2023-12-19,sbs,2025-11-09
67668666,18,Otro,Chiclayo,Nuevo,2023-12-17,sbs,2025-11-09
47879379,56,Otro,Lima,Nuevo,2023-10-24,sbs,2025-11-09
78617449,49,Masculino,Arequipa,Nuevo,2023-06-06,sbs,2025-11-09
43199341,29,Masculino,Piura,Recurrente,2023-09-27,sbs,2025-11-09
77422120,60,Femenino,Chiclayo,Nuevo,2023-04-16,sbs,2025-11-09
40787425,57,Masculino,Chiclayo,Recurrente,2023-06-02,sbs,2025-11-09
29623857,25,Masculino,Arequipa,Nuevo,2023-07-16,sbs,2025-11-09
61050068,45,Masculino,Cusco,Nuevo,2023-02-22,sbs,2025-11-09
39766168,44,Otro,Piura,Recurrente,2023-08-25,sbs,2025-11-09
96419192,39,Femenino,Arequipa,Nuevo,2024-03-13,sbs,2025-11-09
57113712,21,Femenino,Lima,Nuevo,2023-10-15,sbs,2025-11-09
34394290,63,Femenino,Chiclayo,Nuevo,2023-02-18,sbs,2025-11-09
38451145,20,Masculino,Lima,Recurrente,2023-11-26,sbs,2025-11-09
67835429,36,Femenino,Piura,Recurrente,2023-04-14,sbs,2025-11-09
24969117,29,Femenino,Arequipa,Nuevo,2023-11-08,sbs,2025-11-09
54454486,24,Otro,Lima,Recurrente,2023-05-14,sbs,2025-11-09
91163313,41,Otro,Piura,Recurrente,2024-06-25,sbs,2025-11-09
21707969,41,Masculino,Piura,Nuevo,2024-01-29,sbs,2025-11-09
97826062,24,Masculino,Cusco,Nuevo,2024-08-23,sbs,2025-11-09
20050169,70,Masculino,Chiclayo,Recurrente,2023-04-12,sbs,2025-11-09
37111862,52,Otro,Piura,Nuevo,2024-04-30,sbs,2025-11-09
66131539,52,Otro,Chiclayo,Nuevo,2023-07-16,sbs,2025-11-09
56619122,53,Otro,Piura,Recurrente,2024-07-27,sbs,2025-11-09
74803086,41,Femenino,Lima,Recurrente,2023-03-11,sbs,2025-11-09
90417043,44,Otro,Cusco,Recurrente,2023-06-20,sbs,2025-11-09
18159550,35,Otro,Chiclayo,Nuevo,2024-08-02,sbs,2025-11-09
76441251,68,Otro,Chiclayo,Recurrente,2024-02-12,sbs,2025-11-09
68753131,61,Otro,Cusco,Recurrente,2023-06-19,sbs,2025-11-09
63801036,66,Otro,Arequipa,Nuevo,2024-02-04,sbs,2025-11-09
86758847,56,Femenino,Chiclayo,Nuevo,2023-06-13,sbs,2025-11-09
71128254,31,Otro,Lima,Recurrente,2024-06-09,sbs,2025-11-09
49777260,50,Otro,Cusco,Nuevo,2023-08-14,sbs,2025-11-09
16122001,63,Femenino,Cusco,Nuevo,2023-08-18,sbs,2025-11-09
47279846,52,Masculino,Piura,Nuevo,2023-06-01,sbs,2025-11-09
38182016,26,Femenino,Lima,Nuevo,2023-09-12,sbs,2025-11-09
53561957,52,Masculino,Lima,Nuevo,2024-01-13,sbs,2025-11-09
64806853,23,Otro,Cusco,Nuevo,2023-05-17,sbs,2025-11-09
57712141,57,Femenino,Piura,Recurrente,2023-01-11,sbs,2025-11-09
82127089,32,Otro,Piura,Nuevo,2023-01-17,sbs,2025-11-09
97754868,60,Otro,Lima,Recurrente,2024-01-27,sbs,2025-11-09
39613670,34,Otro,Cusco,Nuevo,2024-03-28,sbs,2025-11-09
30889845,38,Femenino,Chiclayo,Nuevo,2024-02-09,sbs,2025-11-09
22575001,46,Masculino,Arequipa,Nuevo,2024-05-05,sbs,2025-11-09
35348349,49,Masculino,Arequipa,Nuevo,2023-06-30,sbs,2025-11-09
51629000,54,Femenino,Chiclayo,Nuevo,2023-01-22,sbs,2025-11-09
19321974,28,Masculino,Arequipa,Recurrente,2023-07-12,sbs,2025-11-09
23453152,27,Masculino,Arequipa,Nuevo,2024-02-17,sbs,2025-11-09
90972685,64,Otro,Chiclayo,Recurrente,2023-01-13,sbs,2025-11-09
96500924,24,Femenino,Arequipa,Nuevo,2023-01-14,sbs,2025-11-09
29144226,20,Masculino,Chiclayo,Recurrente,2023-10-02,sbs,2025-11-09
24272571,58,Otro,Lima,Recurrente,2023-01-10,sbs,2025-11-09
37155151,52,Otro,Piura,Recurrente,2023-03-29,sbs,2025-11-09
51256515,26,Femenino,Cusco,Recurrente,2023-06-17,sbs,2025-11-09
45897422,39,Femenino,Chiclayo,Nuevo,2024-07-10,sbs,2025-11-09
23799637,58,Otro,Lima,Nuevo,2023-02-15,sbs,2025-11-09
29036775,52,Femenino,Lima,Nuevo,2024-03-01,sbs,2025-11-09
29780540,18,Masculino,Lima,Nuevo,2024-01-30,sbs,2025-11-09
25087236,40,Otro,Piura,Nuevo,2024-01-29,sbs,2025-11-09
57957055,49,Masculino,Lima,Nuevo,2023-10-16,sbs,2025-11-09
15817913,22,Otro,Piura,Nuevo,2023-03-28,sbs,2025-11-09
90478491,56,Masculino,Chiclayo,Nuevo,2023-12-09,sbs,2025-11-09
93853635,29,Otro,Arequipa,Nuevo,2023-11-05,sbs,2025-11-09
77008305,70,Femenino,Piura,Recurrente,2023-10-05,sbs,2025-11-09
10292428,60,Femenino,Piura,Recurrente,2023-03-20,sbs,2025-11-09
69954440,27,Otro,Chiclayo,Nuevo,2024-02-04,sbs,2025-11-09
47376435,64,Femenino,Lima,Nuevo,2024-03-13,sbs,2025-11-09
61676160,27,Masculino,Piura,Recurrente,2023-07-06,sbs,2025-11-09
90764593,40,Femenino,Arequipa,Nuevo,2024-02-28,sbs,2025-11-09
61430248,68,Otro,Piura,Nuevo,2023-09-09,sbs,2025-11-09
81467508,44,Otro,Arequipa,Nuevo,2024-05-19,sbs,2025-11-09
80725487,52,Masculino,Arequipa,Nuevo,2024-03-07,sbs,2025-11-09
58547818,54,Otro,Chiclayo,Recurrente,2023-08-29,sbs,2025-11-09
27930505,18,Masculino,Lima,Nuevo,2024-04-30,sbs,2025-11-09
49553600,25,Masculino,Piura,Nuevo,2023-05-23,sbs,2025-11-09
42547451,47,Masculino,Cusco,Recurrente,2024-03-07,sbs,2025-11-09
29203413,31,Masculino,Lima,Recurrente,2023-05-01,sbs,2025-11-09
59886613,42,Otro,Lima,Recurrente,2024-03-10,sbs,2025-11-09
73998578,21,Otro,Lima,Recurrente,2023-03-17,sbs,2025-11-09
20602300,56,Masculino,Lima,Nuevo,2023-05-25,sbs,2025-11-09
30094705,33,Masculino,Lima,Nuevo,2024-03-02,sbs,2025-11-09
50199242,66,Masculino,Arequipa,Recurrente,2024-06-24,sbs,2025-11-09
48489493,48,Femenino,Piura,Nuevo,2023-01-14,sbs,2025-11-09
91090807,25,Masculino,Lima,Recurrente,2023-02-02,sbs,2025-11-09
66857416,66,Masculino,Cusco,Nuevo,2024-02-10,sbs,2025-11-09
86781282,61,Femenino,Cusco,Recurrente,2023-09-22,sbs,2025-11-09
46484083,50,Femenino,Chiclayo,Nuevo,2023-06-10,sbs,2025-11-09
38435937,23,Otro,Arequipa,Recurrente,2023-05-09,sbs,2025-11-09
85067208,43,Otro,Lima,Nuevo,2023-07-08,sbs,2025-11-09
61065827,56,Masculino,Arequipa,Nuevo,2024-02-19,sbs,2025-11-09
46227990,28,Masculino,Piura,Nuevo,2023-07-19,sbs,2025-11-09
13764654,24,Masculino,Lima,Nuevo,2023-12-10,sbs,2025-11-09
38442071,33,Femenino,Chiclayo,Nuevo,2023-03-08,sbs,2025-11-09
95683115,56,Masculino,Piura,Nuevo,2023-07-26,sbs,2025-11-09
85805745,20,Masculino,Piura,Nuevo,2024-08-06,sbs,2025-11-09
22510559,20,Otro,Arequipa,Nuevo,2023-11-19,sbs,2025-11-09
77137866,37,Masculino,Piura,Recurrente,2024-02-12,sbs,2025-11-09
23070100,30,Femenino,Arequipa,Recurrente,2023-05-13,sbs,2025-11-09
13178988,39,Femenino,Cusco,Nuevo,2023-06-03,sbs,2025-11-09
48939164,55,Femenino,Arequipa,Nuevo,2023-02-08,sbs,2025-11-09
41080809,28,Masculino,Arequipa,Nuevo,2023-04-06,sbs,2025-11-09
77326285,31,Otro,Chiclayo,Recurrente,2023-06-14,sbs,2025-11-09
70059776,51,Otro,Cusco,Recurrente,2023-12-16,sbs,2025-11-09
15370440,68,Masculino,Piura,Nuevo,2024-03-17,sbs,2025-11-09
30454970,63,Otro,Arequipa,Nuevo,2023-03-18,sbs,2025-11-09
29142470,54,Otro,Arequipa,Nuevo,2023-01-16,sbs,2025-11-09
76962870,67,Femenino,Cusco,Recurrente,2023-03-31,sbs,2025-11-09
31672470,24,Femenino,Piura,Nuevo,2023-10-30,sbs,2025-11-09
19547433,22,Femenino,Cusco,Nuevo,2023-04-02,sbs,2025-11-09
44363268,29,Otro,Arequipa,Nuevo,2024-04-29,sbs,2025-11-09
75533013,66,Femenino,Chiclayo,Recurrente,2024-08-05,sbs,2025-11-09
69166889,20,Femenino,Piura,Nuevo,2023-05-13,sbs,2025-11-09
21205911,41,Otro,Cusco,Recurrente,2024-01-18,sbs,2025-11-09
93297363,61,Femenino,Cusco,Nuevo,2023-02-13,sbs,2025-11-09
11066084,59,Masculino,Chiclayo,Recurrente,2024-07-28,sbs,2025-11-09
63590510,27,Masculino,Piura,Nuevo,2024-08-06,sbs,2025-11-09
56833660,22,Masculino,Arequipa,Recurrente,2023-04-06,sbs,2025-11-09
24645711,47,Femenino,Cusco,Recurrente,2024-04-21,sbs,2025-11-09
68131630,23,Masculino,Lima,Recurrente,2024-02-11,sbs,2025-11-09
91117090,30,Femenino,Piura,Nuevo,2023-12-17,sbs,2025-11-09
15138168,49,Masculino,Arequipa,Nuevo,2024-04-10,sbs,2025-11-09
52974720,52,Masculino,Arequipa,Nuevo,2023-08-07,sbs,2025-11-09
58518736,54,Masculino,Cusco,Recurrente,2023-03-05,sbs,2025-11-09
13079321,68,Femenino,Arequipa,Nuevo,2023-08-05,sbs,2025-11-09
21219432,66,Otro,Arequipa,Nuevo,2023-06-30,sbs,2025-11-09
70588691,27,Masculino,Piura,Nuevo,2023-11-02,sbs,2025-11-09
34706569,44,Otro,Chiclayo,Recurrente,2023-09-23,sbs,2025-11-09
32083283,21,Masculino,Arequipa,Nuevo,2023-11-01,sbs,2025-11-09
31567333,30,Femenino,Arequipa,Nuevo,2024-07-02,sbs,2025-11-09
62229213,62,Femenino,Piura,Recurrente,2024-08-07,sbs,2025-11-09
20443308,70,Masculino,Cusco,Recurrente,2023-07-23,sbs,2025-11-09
99129018,64,Otro,Cusco,Nuevo,2023-11-28,sbs,2025-11-09
29795314,70,Otro,Piura,Nuevo,2024-04-14,sbs,2025-11-09
45272780,49,Femenino,Lima,Recurrente,2024-02-21,sbs,2025-11-09
95133372,51,Otro,Lima,Recurrente,2023-05-09,sbs,2025-11-09
35186888,46,Otro,Cusco,Nuevo,2023-08-12,sbs,2025-11-09
39009455,44,Otro,Cusco,Recurrente,2024-01-22,sbs,2025-11-09
11928845,40,Masculino,Chiclayo,Recurrente,2024-08-13,sbs,2025-11-09
77388734,41,Femenino,Lima,Nuevo,2023-11-11,sbs,2025-11-09
65573350,70,Masculino,Arequipa,Nuevo,2024-04-11,sbs,2025-11-09
80218664,44,Femenino,Piura,Recurrente,2024-03-12,sbs,2025-11-09
67496675,66,Femenino,Lima,Recurrente,2024-04-14,sbs,2025-11-09
68502308,41,Masculino,Cusco,Nuevo,2024-07-09,sbs,2025-11-09
21760181,42,Femenino,Arequipa,Nuevo,2023-04-12,sbs,2025-11-09
23915063,69,Masculino,Lima,Nuevo,2024-02-26,sbs,2025-11-09
95030306,49,Otro,Cusco,Recurrente,2023-04-13,sbs,2025-11-09
66457460,46,Otro,Cusco,Recurrente,2023-10-24,sbs,2025-11-09
36247650,31,Masculino,Arequipa,Nuevo,2023-04-28,sbs,2025-11-09
65423162,48,Masculino,Piura,Recurrente,2024-04-20,sbs,2025-11-09
40056261,70,Otro,Arequipa,Nuevo,2024-01-19,sbs,2025-11-09
51258084,50,Femenino,Piura,Recurrente,2023-09-28,sbs,2025-11-09
14385512,68,Femenino,Chiclayo,Nuevo,2024-02-29,sbs,2025-11-09
90523345,18,Masculino,Chiclayo,Recurrente,2024-06-15,sbs,2025-11-09
42458022,38,Femenino,Chiclayo,Recurrente,2024-03-16,sbs,2025-11-09
16923083,53,Femenino,Chiclayo,Nuevo,2024-02-07,sbs,2025-11-09
33315937,69,Otro,Arequipa,Nuevo,2024-02-04,sbs,2025-11-09
23365122,43,Femenino,Cusco,Nuevo,2023-08-25,sbs,2025-11-09
62614983,63,Masculino,Cusco,Nuevo,2024-08-13,sbs,2025-11-09
53272417,66,Otro,Piura,Recurrente,2023-06-12,sbs,2025-11-09
94408740,31,Masculino,Lima,Nuevo,2023-01-12,sbs,2025-11-09
20572666,67,Otro,Chiclayo,Nuevo,2024-07-10,sbs,2025-11-09
70895423,54,Femenino,Lima,Recurrente,2023-05-14,sbs,2025-11-09
49852264,58,Otro,Piura,Nuevo,2023-08-16,sbs,2025-11-09
44960996,30,Otro,Chiclayo,Recurrente,2024-01-23,sbs,2025-11-09
94213304,60,Masculino,Piura,Nuevo,2023-05-28,sbs,2025-11-09
71623079,19,Otro,Cusco,Recurrente,2023-04-24,sbs,2025-11-09
34243439,56,Masculino,Lima,Nuevo,2023-09-26,sbs,2025-11-09
62452316,23,Masculino,Arequipa,Recurrente,2023-08-01,sbs,2025-11-09
93977718,24,Femenino,Lima,Nuevo,2024-05-13,sbs,2025-11-09
95033882,22,Masculino,Arequipa,Nuevo,2023-11-18,sbs,2025-11-09
98538924,46,Masculino,Chiclayo,Nuevo,2023-07-02,sbs,2025-11-09
56011239,54,Otro,Cusco,Recurrente,2023-05-01,sbs,2025-11-09
31258513,40,Femenino,Cusco,Nuevo,2023-01-06,sbs,2025-11-09
91350811,51,Otro,Piura,Recurrente,2023-07-17,sbs,2025-11-09
39032170,19,Otro,Lima,Nuevo,2023-06-06,sbs,2025-11-09
39495837,41,Masculino,Chiclayo,Nuevo,2023-05-22,sbs,2025-11-09
36741208,23,Otro,Chiclayo,Nuevo,2024-05-08,sbs,2025-11-09
76545378,23,Femenino,Cusco,Recurrente,2024-04-23,sbs,2025-11-09
33214233,45,Otro,Arequipa,Recurrente,2023-09-14,sbs,2025-11-09
88335942,30,Otro,Piura,Recurrente,2023-04-16,sbs,2025-11-09
75475674,68,Otro,Piura,Nuevo,2023-07-30,sbs,2025-11-09
52781724,45,Femenino,Arequipa,Nuevo,2023-10-06,sbs,2025-11-09
86120515,57,Masculino,Cusco,Nuevo,2023-07-24,sbs,2025-11-09
78633149,40,Femenino,Lima,Nuevo,2023-02-04,sbs,2025-11-09
57278642,34,Otro,Arequipa,Nuevo,2024-06-27,sbs,2025-11-09
67631320,43,Masculino,Lima,Nuevo,2023-11-27,sbs,2025-11-09
98174955,68,Masculino,Piura,Nuevo,2023-08-09,sbs,2025-11-09
11292919,41,Femenino,Chiclayo,Recurrente,2023-05-06,sbs,2025-11-09
72461793,38,Otro,Lima,Recurrente,2023-08-07,sbs,2025-11-09
48066060,54,Femenino,Chiclayo,Nuevo,2024-01-30,sbs,2025-11-09
47319033,56,Masculino,Cusco,Nuevo,2024-07-28,sbs,2025-11-09
68412302,63,Otro,Lima,Nuevo,2024-03-07,sbs,2025-11-09
76927800,38,Femenino,Chiclayo,Nuevo,2024-05-20,sbs,2025-11-09
32969985,20,Femenino,Arequipa,Nuevo,2024-04-08,sbs,2025-11-09
12854636,56,Femenino,Cusco,Nuevo,2024-08-13,sbs,2025-11-09
48166934,36,Masculino,Cusco,Recurrente,2024-04-17,sbs,2025-11-09
15250630,26,Femenino,Lima,Recurrente,2024-06-24,sbs,2025-11-09
65710942,39,Otro,Lima,Nuevo,2023-04-08,sbs,2025-11-09
63733308,64,Femenino,Piura,Nuevo,2023-12-21,sbs,2025-11-09
62791522,23,Otro,Piura,Nuevo,2023-02-18,sbs,2025-11-09
60184824,37,Otro,Arequipa,Nuevo,2023-05-05,sbs,2025-11-09
28620619,57,Masculino,Lima,Nuevo,2023-01-11,sbs,2025-11-09
35657019,24,Femenino,Arequipa,Nuevo,2023-04-01,sbs,2025-11-09
44854691,64,Femenino,Cusco,Recurrente,2023-02-23,sbs,2025-11-09
20071990,68,Masculino,Lima,Nuevo,2023-11-08,sbs,2025-11-09
46226982,34,Femenino,Cusco,Recurrente,2024-01-24,sbs,2025-11-09
26950183,62,Masculino,Chiclayo,Nuevo,2023-05-03,sbs,2025-11-09
95483760,38,Masculino,Cusco,Recurrente,2024-02-28,sbs,2025-11-09
87562374,46,Otro,Lima,Nuevo,2023-09-04,sbs,2025-11-09
74787744,48,Otro,Arequipa,Recurrente,2023-11-26,sbs,2025-11-09
57380159,32,Masculino,Piura,Recurrente,2023-03-26,sbs,2025-11-09
76384860,53,Masculino,Chiclayo,Recurrente,2023-03-18,sbs,2025-11-09
61681908,21,Masculino,Lima,Recurrente,2024-04-24,sbs,2025-11-09
78978156,30,Femenino,Lima,Nuevo,2024-06-24,sbs,2025-11-09
24181508,38,Femenino,Arequipa,Recurrente,2024-05-31,sbs,2025-11-09
93279154,26,Masculino,Piura,Nuevo,2024-04-08,sbs,2025-11-09
66786713,50,Masculino,Arequipa,Nuevo,2023-10-12,sbs,2025-11-09
97024488,28,Otro,Piura,Recurrente,2024-08-14,sbs,2025-11-09
42287747,24,Masculino,Arequipa,Recurrente,2023-04-23,sbs,2025-11-09
98836768,19,Femenino,Chiclayo,Nuevo,2024-05-02,sbs,2025-11-09
21283250,51,Femenino,Piura,Nuevo,2024-07-17,sbs,2025-11-09
67827496,40,Femenino,Chiclayo,Nuevo,2024-05-29,sbs,2025-11-09
23128198,50,Femenino,Lima,Nuevo,2024-01-14,sbs,2025-11-09
36029062,21,Otro,Arequipa,Recurrente,2024-03-08,sbs,2025-11-09
81076709,36,Masculino,Arequipa,Nuevo,2023-10-10,sbs,2025-11-09
96750938,56,Femenino,Cusco,Nuevo,2023-02-21,sbs,2025-11-09
87206131,33,Masculino,Chiclayo,Nuevo,2023-02-06,sbs,2025-11-09
40395619,35,Masculino,Lima,Nuevo,2023-10-10,sbs,2025-11-09
39512907,57,Otro,Arequipa,Nuevo,2023-04-14,sbs,2025-11-09
37323438,64,Otro,Piura,Nuevo,2023-06-25,sbs,2025-11-09
10416997,40,Otro,Piura,Recurrente,2023-10-22,sbs,2025-11-09
50979918,24,Masculino,Cusco,Recurrente,2024-05-03,sbs,2025-11-09
32366774,62,Masculino,Chiclayo,Nuevo,2023-03-13,sbs,2025-11-09
99393218,29,Femenino,Arequipa,Nuevo,2023-01-14,sbs,2025-11-09
20331687,48,Femenino,Piura,Nuevo,2023-09-28,sbs,2025-11-09
88270257,28,Otro,Lima,Nuevo,2024-04-30,sbs,2025-11-09
12334156,18,Femenino,Chiclayo,Nuevo,2023-02-16,sbs,2025-11-09
77531176,54,Otro,Piura,Recurrente,2024-06-21,sbs,2025-11-09
70749138,28,Masculino,Lima,Nuevo,2023-12-10,sbs,2025-11-09
99041184,49,Otro,Piura,Recurrente,2023-09-21,sbs,2025-11-09
50417525,49,Femenino,Piura,Nuevo,2023-12-28,sbs,2025-11-09
25134534,63,Femenino,Cusco,Recurrente,2024-05-10,sbs,2025-11-09
29850853,35,Otro,Cusco,Recurrente,2023-01-22,sbs,2025-11-09
42798491,44,Masculino,Chiclayo,Nuevo,2023-02-01,sbs,2025-11-09
36017047,54,Otro,Arequipa,Nuevo,2023-04-02,sbs,2025-11-09
70299910,42,Otro,Lima,Recurrente,2024-07-11,sbs,2025-11-09
54452330,51,Masculino,Piura,Recurrente,2023-12-24,sbs,2025-11-09
51516670,43,Otro,Arequipa,Recurrente,2023-10-10,sbs,2025-11-09
92190565,30,Masculino,Cusco,Nuevo,2023-12-18,sbs,2025-11-09
48709538,25,Femenino,Arequipa,Nuevo,2023-12-22,sbs,2025-11-09
72588071,25,Masculino,Arequipa,Recurrente,2023-05-31,sbs,2025-11-09
99163564,61,Masculino,Cusco,Recurrente,2024-07-25,sbs,2025-11-09
12092776,28,Femenino,Arequipa,Nuevo,2023-10-29,sbs,2025-11-09
17139481,47,Masculino,Chiclayo,Nuevo,2023-05-07,sbs,2025-11-09
16697739,49,Femenino,Lima,Nuevo,2023-01-01,sbs,2025-11-09
99298543,34,Masculino,Piura,Recurrente,2024-05-29,sbs,2025-11-09
29145387,67,Otro,Chiclayo,Recurrente,2023-10-05,sbs,2025-11-09
49030787,64,Masculino,Arequipa,Nuevo,2023-03-24,sbs,2025-11-09
95502685,32,Masculino,Arequipa,Recurrente,2023-09-12,sbs,2025-11-09
45065845,42,Femenino,Arequipa,Recurrente,2023-04-11,sbs,2025-11-09
53282519,37,Otro,Piura,Nuevo,2024-03-22,sbs,2025-11-09
43557176,69,Otro,Chiclayo,Recurrente,2023-07-24,sbs,2025-11-09
21488759,26,Femenino,Cusco,Nuevo,2023-11-09,sbs,2025-11-09
68638761,37,Otro,Arequipa,Nuevo,2024-01-20,sbs,2025-11-09
77620927,24,Masculino,Cusco,Nuevo,2023-11-17,sbs,2025-11-09
72619624,61,Otro,Piura,Nuevo,2024-03-13,sbs,2025-11-09
13546316,44,Femenino,Arequipa,Nuevo,2024-07-26,sbs,2025-11-09
42567348,67,Femenino,Lima,Recurrente,2023-11-06,sbs,2025-11-09
85910137,55,Otro,Piura,Nuevo,2024-07-10,sbs,2025-11-09
72117013,36,Masculino,Arequipa,Nuevo,2023-01-07,sbs,2025-11-09
17340737,69,Otro,Arequipa,Recurrente,2023-03-28,sbs,2025-11-09
49000574,35,Otro,Lima,Nuevo,2023-04-10,sbs,2025-11-09
88466030,54,Femenino,Piura,Recurrente,2023-05-05,sbs,2025-11-09
29347740,61,Otro,Lima,Recurrente,2024-06-12,sbs,2025-11-09
50385068,53,Otro,Arequipa,Nuevo,2023-06-08,sbs,2025-11-09
25395963,58,Femenino,Lima,Recurrente,2023-07-25,sbs,2025-11-09
79769403,22,Masculino,Chiclayo,Nuevo,2023-05-04,sbs,2025-11-09
77887931,24,Masculino,Chiclayo,Nuevo,2023-01-26,sbs,2025-11-09
64298766,46,Femenino,Lima,Recurrente,2023-11-04,sbs,2025-11-09
44933052,48,Masculino,Chiclayo,Recurrente,2024-07-13,sbs,2025-11-09
68029531,70,Otro,Arequipa,Recurrente,2023-05-07,sbs,2025-11-09
32921098,27,Otro,Lima,Nuevo,2023-09-04,sbs,2025-11-09
48927998,50,Otro,Cusco,Nuevo,2024-05-06,sbs,2025-11-09
59303460,36,Otro,Lima,Recurrente,2024-05-19,sbs,2025-11-09
72272153,60,Femenino,Arequipa,Nuevo,2023-04-20,sbs,2025-11-09
26123105,44,Femenino,Chiclayo,Nuevo,2024-04-13,sbs,2025-11-09
96585062,54,Femenino,Lima,Nuevo,2023-02-04,sbs,2025-11-09
28697002,59,Otro,Cusco,Nuevo,2023-12-30,sbs,2025-11-09
58016078,47,Otro,Arequipa,Nuevo,2023-06-12,sbs,2025-11-09
62428709,50,Otro,Chiclayo,Nuevo,2024-06-21,sbs,2025-11-09
98037888,50,Masculino,Chiclayo,Recurrente,2023-12-27,sbs,2025-11-09
47358181,64,Otro,Piura,Nuevo,2023-05-24,sbs,2025-11-09
96588420,68,Otro,Piura,Recurrente,2023-03-11,sbs,2025-11-09
87314639,48,Femenino,Arequipa,Nuevo,2023-07-04,sbs,2025-11-09
89034390,63,Otro,Cusco,Nuevo,2023-11-28,sbs,2025-11-09
19069088,55,Femenino,Cusco,Nuevo,2024-02-18,sbs,2025-11-09
77032883,20,Masculino,Chiclayo,Nuevo,2023-04-19,sbs,2025-11-09
24150817,61,Femenino,Piura,Recurrente,2023-08-31,sbs,2025-11-09
18639582,29,Otro,Arequipa,Recurrente,2024-03-06,sbs,2025-11-09
69260945,21,Otro,Piura,Nuevo,2023-03-16,sbs,2025-11-09
33362909,66,Femenino,Cusco,Nuevo,2023-01-31,sbs,2025-11-09
84687900,38,Masculino,Arequipa,Nuevo,2024-08-10,sbs,2025-11-09
40265633,30,Masculino,Piura,Nuevo,2023-10-20,sbs,2025-11-09
35809507,30,Otro,Chiclayo,Nuevo,2024-06-25,sbs,2025-11-09
37318624,23,Otro,Lima,Nuevo,2023-04-09,sbs,2025-11-09
86275267,20,Masculino,Lima,Nuevo,2024-02-22,sbs,2025-11-09
76595544,52,Masculino,Piura,Nuevo,2024-06-24,sbs,2025-11-09
57258874,30,Masculino,Cusco,Recurrente,2024-05-27,sbs,2025-11-09
68905216,40,Otro,Cusco,Recurrente,2023-03-10,sbs,2025-11-09
20488284,45,Otro,Arequipa,Recurrente,2024-08-05,sbs,2025-11-09
40947052,26,Otro,Piura,Nuevo,2024-05-25,sbs,2025-11-09
48909246,21,Otro,Cusco,Nuevo,2023-08-18,sbs,2025-11-09
48663966,34,Femenino,Piura,Nuevo,2023-06-11,sbs,2025-11-09
92040231,22,Otro,Cusco,Nuevo,2024-06-14,sbs,2025-11-09
24881319,50,Femenino,Arequipa,Nuevo,2024-07-13,sbs,2025-11-09
55371664,55,Femenino,Piura,Recurrente,2023-02-03,sbs,2025-11-09
28695003,44,Femenino,Chiclayo,Nuevo,2023-03-02,sbs,2025-11-09
41624005,31,Otro,Piura,Recurrente,2023-03-05,sbs,2025-11-09
56418606,49,Masculino,Cusco,Recurrente,2023-02-06,sbs,2025-11-09
84011044,22,Femenino,Cusco,Recurrente,2023-03-24,sbs,2025-11-09
14778162,48,Masculino,Piura,Recurrente,2023-04-17,sbs,2025-11-09
74101392,49,Otro,Chiclayo,Recurrente,2024-03-17,sbs,2025-11-09
36330066,37,Masculino,Lima,Recurrente,2023-01-27,sbs,2025-11-09
84154752,52,Otro,Arequipa,Recurrente,2023-01-19,sbs,2025-11-09
67675860,48,Masculino,Arequipa,Recurrente,2023-05-09,sbs,2025-11-09
25836692,62,Femenino,Cusco,Nuevo,2024-03-24,sbs,2025-11-09
17774227,57,Femenino,Piura,Nuevo,2024-03-23,sbs,2025-11-09
65440710,33,Masculino,Lima,Nuevo,2023-08-21,sbs,2025-11-09
43544016,65,Otro,Cusco,Nuevo,2023-01-16,sbs,2025-11-09
34238846,70,Masculino,Lima,Nuevo,2024-03-25,sbs,2025-11-09
49246971,36,Masculino,Piura,Nuevo,2023-09-08,sbs,2025-11-09
98126056,26,Otro,Arequipa,Nuevo,2023-05-06,sbs,2025-11-09
76428279,22,Masculino,Piura,Recurrente,2023-07-30,sbs,2025-11-09
69531177,63,Otro,Piura,Recurrente,2023-08-14,sbs,2025-11-09
97730595,63,Femenino,Piura,Recurrente,2023-10-27,sbs,2025-11-09
77571298,33,Otro,Piura,Nuevo,2024-07-08,sbs,2025-11-09
47551952,24,Masculino,Piura,Recurrente,2024-05-12,sbs,2025-11-09
40942008,23,Masculino,Chiclayo,Recurrente,2024-06-17,sbs,2025-11-09
29053714,37,Otro,Cusco,Nuevo,2024-01-17,sbs,2025-11-09
25332850,20,Masculino,Arequipa,Nuevo,2024-04-09,sbs,2025-11-09
50320729,19,Femenino,Lima,Nuevo,2024-01-29,sbs,2025-11-09
76485758,70,Masculino,Lima,Nuevo,2024-01-29,sbs,2025-11-09
37612629,19,Femenino,Arequipa,Nuevo,2023-08-18,sbs,2025-11-09
14201833,42,Masculino,Arequipa,Nuevo,2023-11-09,sbs,2025-11-09
45236547,52,Femenino,Lima,Recurrente,2023-12-11,sbs,2025-11-09
93420414,69,Otro,Chiclayo,Recurrente,2023-12-16,sbs,2025-11-09
62091317,45,Femenino,Lima,Recurrente,2024-07-20,sbs,2025-11-09
72210257,64,Otro,Piura,Recurrente,2024-07-01,sbs,2025-11-09
31816939,45,Otro,Cusco,Recurrente,2023-09-24,sbs,2025-11-09
47674933,42,Femenino,Chiclayo,Nuevo,2023-01-16,sbs,2025-11-09
82853994,69,Otro,Piura,Nuevo,2023-09-13,sbs,2025-11-09
58545863,36,Femenino,Cusco,Nuevo,2023-10-08,sbs,2025-11-09
26684124,35,Otro,Piura,Recurrente,2023-01-13,sbs,2025-11-09
69566993,37,Otro,Piura,Recurrente,2023-07-03,sbs,2025-11-09
58147073,47,Masculino,Arequipa,Nuevo,2023-02-07,sbs,2025-11-09
87788611,48,Otro,Cusco,Nuevo,2023-03-01,sbs,2025-11-09
69114791,23,Femenino,Cusco,Nuevo,2023-03-07,sbs,2025-11-09
27075512,29,Femenino,Piura,Nuevo,2024-05-21,sbs,2025-11-09
41228768,32,Otro,Chiclayo,Nuevo,2023-02-20,sbs,2025-11-09
69097257,25,Otro,Lima,Nuevo,2024-06-02,sbs,2025-11-09
18162164,55,Femenino,Lima,Nuevo,2023-08-22,sbs,2025-11-09
82536810,63,Femenino,Piura,Nuevo,2023-12-28,sbs,2025-11-09
20399074,63,Masculino,Cusco,Nuevo,2023-04-22,sbs,2025-11-09
37386042,50,Femenino,Lima,Nuevo,2023-08-31,sbs,2025-11-09
19582229,38,Otro,Piura,Recurrente,2024-03-01,sbs,2025-11-09
91465696,59,Femenino,Piura,Nuevo,2023-12-01,sbs,2025-11-09
73174275,68,Femenino,Piura,Recurrente,2024-01-19,sbs,2025-11-09
49040263,36,Otro,Lima,Nuevo,2023-02-15,sbs,2025-11-09
52024344,27,Otro,Lima,Nuevo,2023-08-05,sbs,2025-11-09
38839191,50,Otro,Cusco,Recurrente,2023-12-19,sbs,2025-11-09
61148988,42,Otro,Lima,Recurrente,2023-06-03,sbs,2025-11-09
85887023,66,Otro,Lima,Recurrente,2023-08-18,sbs,2025-11-09
26272875,50,Otro,Cusco,Recurrente,2024-07-05,sbs,2025-11-09
79838315,51,Masculino,Cusco,Nuevo,2024-06-21,sbs,2025-11-09
49334559,46,Femenino,Piura,Nuevo,2024-08-12,sbs,2025-11-09
40989625,33,Femenino,Chiclayo,Recurrente,2024-01-06,sbs,2025-11-09
65019311,47,Femenino,Lima,Recurrente,2024-03-31,sbs,2025-11-09
58626679,41,Masculino,Piura,Nuevo,2023-03-20,sbs,2025-11-09
40838308,59,Femenino,Cusco,Nuevo,2024-03-04,sbs,2025-11-09
88484532,54,Masculino,Cusco,Nuevo,2024-02-22,sbs,2025-11-09
55844991,60,Masculino,Cusco,Nuevo,2023-10-21,sbs,2025-11-09
29917719,38,Masculino,Lima,Nuevo,2024-06-01,sbs,2025-11-09
12082019,54,Femenino,Chiclayo,Recurrente,2024-04-09,sbs,2025-11-09
73063577,28,Masculino,Arequipa,Nuevo,2024-07-21,sbs,2025-11-09
13212026,65,Masculino,Chiclayo,Recurrente,2024-03-17,sbs,2025-11-09
62091796,62,Masculino,Lima,Nuevo,2024-06-26,sbs,2025-11-09
42404844,45,Femenino,Chiclayo,Nuevo,2024-07-24,sbs,2025-11-09
89386833,63,Femenino,Lima,Nuevo,2023-12-11,sbs,2025-11-09
19898898,56,Otro,Lima,Recurrente,2023-02-16,sbs,2025-11-09
68477341,65,Femenino,Arequipa,Recurrente,2024-04-05,sbs,2025-11-09
21246035,36,Femenino,Chiclayo,Recurrente,2024-06-05,sbs,2025-11-09
60918794,27,Masculino,Cusco,Nuevo,2024-04-09,sbs,2025-11-09
23005510,38,Femenino,Chiclayo,Nuevo,2023-10-14,sbs,2025-11-09
79481516,32,Femenino,Arequipa,Nuevo,2024-07-31,sbs,2025-11-09
48286573,51,Otro,Cusco,Recurrente,2024-03-12,sbs,2025-11-09
15628343,38,Femenino,Piura,Recurrente,2023-05-27,sbs,2025-11-09
87193691,70,Otro,Chiclayo,Nuevo,2023-10-12,sbs,2025-11-09
25911656,57,Femenino,Lima,Nuevo,2023-06-19,sbs,2025-11-09
48718971,36,Femenino,Arequipa,Nuevo,2023-06-23,sbs,2025-11-09
28925119,34,Otro,Lima,Recurrente,2023-10-13,sbs,2025-11-09
13670871,24,Masculino,Cusco,Recurrente,2023-06-22,sbs,2025-11-09
10894575,56,Masculino,Cusco,Nuevo,2023-07-19,sbs,2025-11-09
67244204,49,Masculino,Piura,Nuevo,2024-08-07,sbs,2025-11-09
49586388,64,Femenino,Cusco,Nuevo,2024-04-09,sbs,2025-11-09
76203639,25,Otro,Lima,Nuevo,2024-03-18,sbs,2025-11-09
57475650,34,Masculino,Chiclayo,Recurrente,2023-04-30,sbs,2025-11-09
31035567,69,Masculino,Chiclayo,Recurrente,2023-12-01,sbs,2025-11-09
19943990,50,Femenino,Piura,Nuevo,2024-06-09,sbs,2025-11-09
68166960,63,Otro,Piura,Recurrente,2023-02-09,sbs,2025-11-09
98735423,24,Otro,Cusco,Nuevo,2024-07-25,sbs,2025-11-09
60493924,58,Masculino,Lima,Nuevo,2024-08-23,sbs,2025-11-09
75029451,32,Otro,Chiclayo,Nuevo,2023-06-05,sbs,2025-11-09
95197752,70,Masculino,Arequipa,Nuevo,2023-07-23,sbs,2025-11-09
75859451,23,Otro,Chiclayo,Nuevo,2023-03-10,sbs,2025-11-09
66124397,53,Otro,Chiclayo,Recurrente,2023-02-09,sbs,2025-11-09
41503019,62,Femenino,Cusco,Nuevo,2024-08-20,sbs,2025-11-09
50278816,58,Femenino,Arequipa,Nuevo,2023-07-04,sbs,2025-11-09
90241009,32,Femenino,Arequipa,Nuevo,2024-02-06,sbs,2025-11-09
25081699,40,Otro,Arequipa,Nuevo,2023-08-13,sbs,2025-11-09
43204963,66,Femenino,Arequipa,Recurrente,2023-11-30,sbs,2025-11-09
98665957,60,Femenino,Lima,Nuevo,2023-11-23,sbs,2025-11-09
75655873,25,Femenino,Arequipa,Recurrente,2024-05-10,sbs,2025-11-09
78113806,56,Femenino,Chiclayo,Nuevo,2023-10-02,sbs,2025-11-09
45112062,31,Femenino,Lima,Nuevo,2023-11-27,sbs,2025-11-09
67069281,61,Femenino,Arequipa,Nuevo,2024-03-28,sbs,2025-11-09
55612761,43,Femenino,Lima,Nuevo,2023-08-13,sbs,2025-11-09
86840413,58,Masculino,Piura,Nuevo,2023-08-15,sbs,2025-11-09
92316265,28,Otro,Chiclayo,Recurrente,2023-04-23,sbs,2025-11-09
12834368,57,Femenino,Chiclayo,Nuevo,2023-01-21,sbs,2025-11-09
57338677,69,Femenino,Lima,Recurrente,2023-12-08,sbs,2025-11-09
38247918,67,Otro,Lima,Recurrente,2024-06-15,sbs,2025-11-09
63086639,41,Otro,Chiclayo,Recurrente,2024-07-02,sbs,2025-11-09
54493460,63,Masculino,Piura,Recurrente,2024-01-18,sbs,2025-11-09
14841900,44,Masculino,Cusco,Recurrente,2023-01-14,sbs,2025-11-09
15675419,19,Otro,Lima,Nuevo,2024-05-11,sbs,2025-11-09
14533608,28,Femenino,Piura,Nuevo,2023-09-11,sbs,2025-11-09
97949650,35,Otro,Lima,Recurrente,2024-01-22,sbs,2025-11-09
19917380,43,Masculino,Piura,Recurrente,2023-03-20,sbs,2025-11-09
91184526,50,Otro,Arequipa,Nuevo,2024-07-08,sbs,2025-11-09
91294547,27,Masculino,Cusco,Recurrente,2023-07-18,sbs,2025-11-09
50554420,37,Femenino,Arequipa,Nuevo,2023-01-24,sbs,2025-11-09
73270284,35,Femenino,Chiclayo,Nuevo,2024-08-13,sbs,2025-11-09
85295643,42,Femenino,Arequipa,Nuevo,2024-02-21,sbs,2025-11-09
77993829,35,Femenino,Piura,Recurrente,2024-06-30,sbs,2025-11-09
60028002,33,Femenino,Lima,Recurrente,2024-02-08,sbs,2025-11-09
13340930,66,Otro,Lima,Nuevo,2024-08-14,sbs,2025-11-09
24622813,43,Masculino,Arequipa,Nuevo,2024-07-30,sbs,2025-11-09
22802899,59,Femenino,Piura,Nuevo,2023-03-27,sbs,2025-11-09
89646079,53,Masculino,Chiclayo,Recurrente,2024-05-16,sbs,2025-11-09
80250319,33,Masculino,Chiclayo,Nuevo,2024-04-29,sbs,2025-11-09
43826068,64,Otro,Chiclayo,Nuevo,2024-05-20,sbs,2025-11-09
53143346,44,Femenino,Piura,Recurrente,2023-02-07,sbs,2025-11-09
45989798,62,Otro,Cusco,Nuevo,2023-01-06,sbs,2025-11-09
77084096,62,Masculino,Cusco,Recurrente,2024-07-12,sbs,2025-11-09
79045775,38,Otro,Chiclayo,Nuevo,2024-05-09,sbs,2025-11-09
20402470,53,Otro,Lima,Recurrente,2024-03-11,sbs,2025-11-09
32306580,42,Masculino,Lima,Nuevo,2023-05-05,sbs,2025-11-09
76462542,30,Femenino,Lima,Nuevo,2024-03-10,sbs,2025-11-09
66122786,28,Otro,Cusco,Nuevo,2024-07-14,sbs,2025-11-09
46387450,43,Masculino,Piura,Nuevo,2023-10-29,sbs,2025-11-09
97271147,51,Femenino,Cusco,Recurrente,2024-07-31,sbs,2025-11-09
92409660,28,Masculino,Piura,Nuevo,2023-07-29,sbs,2025-11-09
72126724,63,Femenino,Cusco,Nuevo,2024-04-28,sbs,2025-11-09
11318177,31,Femenino,Chiclayo,Nuevo,2024-04-30,sbs,2025-11-09
10751945,38,Femenino,Chiclayo,Nuevo,2023-03-10,sbs,2025-11-09
82173099,37,Otro,Chiclayo,Nuevo,2023-04-07,sbs,2025-11-09
89786327,47,Femenino,Lima,Nuevo,2024-04-24,sbs,2025-11-09
56299404,28,Masculino,Piura,Nuevo,2023-08-20,sbs,2025-11-09
88446018,58,Masculino,Chiclayo,Nuevo,2024-03-12,sbs,2025-11-09
44191883,64,Femenino,Piura,Nuevo,2024-02-17,sbs,2025-11-09
23821242,53,Otro,Chiclayo,Nuevo,2023-06-06,sbs,2025-11-09
23733443,64,Masculino,Piura,Nuevo,2024-07-31,sbs,2025-11-09
54313350,26,Otro,Cusco,Nuevo,2024-01-28,sbs,2025-11-09
38092671,54,Otro,Cusco,Nuevo,2024-04-29,sbs,2025-11-09
92533661,28,Masculino,Chiclayo,Recurrente,2023-04-04,sbs,2025-11-09
53397675,27,Masculino,Chiclayo,Nuevo,2023-01-01,sbs,2025-11-09
67096991,22,Masculino,Chiclayo,Nuevo,2024-03-26,sbs,2025-11-09
42315990,60,Femenino,Piura,Nuevo,2023-05-01,sbs,2025-11-09
57646170,53,Femenino,Arequipa,Recurrente,2024-04-30,sbs,2025-11-09
32295753,37,Otro,Piura,Nuevo,2023-08-08,sbs,2025-11-09
69276832,58,Femenino,Chiclayo,Recurrente,2024-07-27,sbs,2025-11-09
68440193,49,Otro,Piura,Recurrente,2024-07-25,sbs,2025-11-09
72555645,59,Femenino,Chiclayo,Nuevo,2024-01-10,sbs,2025-11-09
92808874,67,Otro,Piura,Recurrente,2023-08-07,sbs,2025-11-09
36284674,53,Masculino,Arequipa,Nuevo,2023-01-11,sbs,2025-11-09
51659934,46,Femenino,Cusco,Nuevo,2024-08-23,sbs,2025-11-09
11744092,39,Masculino,Piura,Recurrente,2024-05-29,sbs,2025-11-09
63458116,56,Femenino,Lima,Nuevo,2024-05-05,sbs,2025-11-09
86796822,20,Otro,Piura,Nuevo,2023-02-28,sbs,2025-11-09
75807017,70,Masculino,Arequipa,Recurrente,2024-04-10,sbs,2025-11-09
59597995,29,Femenino,Cusco,Recurrente,2023-02-09,sbs,2025-11-09
27669523,19,Otro,Chiclayo,Recurrente,2023-07-01,sbs,2025-11-09
52176116,23,Femenino,Lima,Nuevo,2023-03-05,sbs,2025-11-09
97926734,24,Otro,Piura,Recurrente,2023-07-18,sbs,2025-11-09
32711457,57,Otro,Lima,Nuevo,2023-11-21,sbs,2025-11-09
65885406,55,Otro,Piura,Nuevo,2024-02-17,sbs,2025-11-09
29798986,60,Otro,Lima,Nuevo,2024-05-28,sbs,2025-11-09
46980400,64,Femenino,Lima,Nuevo,2023-02-15,sbs,2025-11-09
51763795,56,Masculino,Cusco,Nuevo,2023-01-04,sbs,2025-11-09
86258924,35,Otro,Piura,Nuevo,2024-04-22,sbs,2025-11-09
25604379,62,Masculino,Cusco,Recurrente,2023-04-01,sbs,2025-11-09
32727871,23,Masculino,Lima,Nuevo,2023-01-21,sbs,2025-11-09
20908536,68,Masculino,Chiclayo,Nuevo,2024-04-16,sbs,2025-11-09
27815365,64,Masculino,Piura,Recurrente,2023-07-15,sbs,2025-11-09
47441833,37,Masculino,Arequipa,Recurrente,2023-07-02,sbs,2025-11-09
46614518,26,Otro,Piura,Nuevo,2023-07-12,sbs,2025-11-09
45506648,30,Masculino,Piura,Nuevo,2024-03-26,sbs,2025-11-09
96144415,23,Femenino,Piura,Nuevo,2023-12-24,sbs,2025-11-09
61765186,51,Femenino,Chiclayo,Nuevo,2024-08-22,sbs,2025-11-09
56563019,27,Otro,Cusco,Nuevo,2024-03-20,sbs,2025-11-09
84036002,59,Otro,Piura,Nuevo,2024-05-30,sbs,2025-11-09
44656876,65,Femenino,Lima,Nuevo,2023-08-04,sbs,2025-11-09
79394567,31,Femenino,Piura,Nuevo,2023-04-29,sbs,2025-11-09
88761749,60,Otro,Chiclayo,Nuevo,2024-04-23,sbs,2025-11-09
53268043,38,Femenino,Cusco,Nuevo,2023-02-04,sbs,2025-11-09
31307131,62,Masculino,Piura,Recurrente,2023-01-09,sbs,2025-11-09
35113682,44,Femenino,Piura,Nuevo,2023-04-13,sbs,2025-11-09
12919231,40,Femenino,Chiclayo,Nuevo,2023-07-10,sbs,2025-11-09
63597632,46,Otro,Arequipa,Nuevo,2024-03-21,sbs,2025-11-09
74767783,48,Masculino,Piura,Recurrente,2023-12-12,sbs,2025-11-09
78043121,61,Femenino,Piura,Nuevo,2023-08-28,sbs,2025-11-09
63787771,24,Femenino,Arequipa,Recurrente,2024-08-14,sbs,2025-11-09
90108005,55,Masculino,Chiclayo,Nuevo,2023-11-04,sbs,2025-11-09
28729977,62,Otro,Chiclayo,Recurrente,2024-08-04,sbs,2025-11-09
22133101,26,Otro,Piura,Recurrente,2023-02-25,sbs,2025-11-09
71819038,37,Masculino,Piura,Nuevo,2023-06-19,sbs,2025-11-09
50437430,18,Otro,Chiclayo,Nuevo,2023-06-26,sbs,2025-11-09
68592599,37,Masculino,Chiclayo,Nuevo,2023-07-28,sbs,2025-11-09
83796808,18,Femenino,Chiclayo,Nuevo,2024-04-27,sbs,2025-11-09
72207767,61,Femenino,Chiclayo,Recurrente,2024-01-21,sbs,2025-11-09
27921592,63,Masculino,Lima,Nuevo,2023-11-22,sbs,2025-11-09
90119779,43,Femenino,Piura,Recurrente,2024-03-10,sbs,2025-11-09
13609956,43,Otro,Lima,Nuevo,2024-08-23,sbs,2025-11-09
58624457,32,Otro,Chiclayo,Recurrente,2024-01-13,sbs,2025-11-09
20370954,39,Otro,Lima,Nuevo,2024-02-12,sbs,2025-11-09
38351125,59,Masculino,Chiclayo,Nuevo,2023-02-15,sbs,2025-11-09
67138006,37,Femenino,Lima,Nuevo,2023-07-04,sbs,2025-11-09
14674355,27,Femenino,Piura,Nuevo,2024-05-07,sbs,2025-11-09
24284867,34,Femenino,Chiclayo,Nuevo,2024-06-13,sbs,2025-11-09
98029193,47,Masculino,Piura,Recurrente,2023-04-14,sbs,2025-11-09
78044419,43,Masculino,Chiclayo,Nuevo,2024-08-11,sbs,2025-11-09
66701227,42,Otro,Arequipa,Nuevo,2024-02-16,sbs,2025-11-09
91018658,67,Masculino,Piura,Nuevo,2023-04-29,sbs,2025-11-09
54971462,69,Femenino,Cusco,Nuevo,2024-04-29,sbs,2025-11-09
81365126,52,Femenino,Lima,Recurrente,2024-03-10,sbs,2025-11-09
89208997,66,Femenino,Lima,Nuevo,2023-12-12,sbs,2025-11-09
68369685,34,Masculino,Cusco,Recurrente,2024-04-10,sbs,2025-11-09
71773805,21,Femenino,Piura,Nuevo,2024-05-16,sbs,2025-11-09
67136827,41,Masculino,Cusco,Recurrente,2023-09-16,sbs,2025-11-09
82846470,39,Otro,Piura,Recurrente,2023-01-25,sbs,2025-11-09
69964474,35,Masculino,Piura,Nuevo,2023-01-18,sbs,2025-11-09
14914026,38,Femenino,Lima,Nuevo,2024-01-01,sbs,2025-11-09
81804498,52,Otro,Arequipa,Nuevo,2023-03-28,sbs,2025-11-09
46869104,24,Masculino,Chiclayo,Nuevo,2024-03-17,sbs,2025-11-09
86379051,40,Femenino,Cusco,Nuevo,2024-06-20,sbs,2025-11-09
29696511,47,Masculino,Lima,Nuevo,2023-02-09,sbs,2025-11-09
55335089,56,Otro,Lima,Nuevo,2023-03-22,sbs,2025-11-09
34686713,58,Otro,Piura,Nuevo,2023-01-23,sbs,2025-11-09
25626356,65,Femenino,Lima,Recurrente,2024-03-19,sbs,2025-11-09
92621946,68,Masculino,Cusco,Nuevo,2023-11-07,sbs,2025-11-09
60229157,50,Otro,Chiclayo,Recurrente,2023-02-20,sbs,2025-11-09
46881253,54,Femenino,Chiclayo,Recurrente,2024-03-23,sbs,2025-11-09
91151067,65,Otro,Chiclayo,Nuevo,2023-02-16,sbs,2025-11-09
37801369,43,Masculino,Piura,Nuevo,2024-02-21,sbs,2025-11-09
90407082,19,Femenino,Chiclayo,Nuevo,2024-04-18,sbs,2025-11-09
12425706,68,Otro,Piura,Nuevo,2023-08-19,sbs,2025-11-09
91781029,63,Femenino,Chiclayo,Nuevo,2023-10-22,sbs,2025-11-09
82673252,70,Femenino,Cusco,Nuevo,2023-12-03,sbs,2025-11-09
52901731,42,Femenino,Cusco,Nuevo,2023-12-15,sbs,2025-11-09
38271272,40,Femenino,Chiclayo,Nuevo,2024-05-25,sbs,2025-11-09
64081453,52,Otro,Chiclayo,Recurrente,2023-09-19,sbs,2025-11-09
85339864,20,Otro,Cusco,Recurrente,2024-05-13,sbs,2025-11-09
59552038,40,Masculino,Chiclayo,Recurrente,2024-06-26,sbs,2025-11-09
13968089,37,Femenino,Piura,Nuevo,2024-04-23,sbs,2025-11-09
85818579,27,Otro,Cusco,Nuevo,2023-12-27,sbs,2025-11-09
84684043,45,Femenino,Lima,Recurrente,2023-10-18,sbs,2025-11-09
27676124,65,Femenino,Chiclayo,Nuevo,2024-07-04,sbs,2025-11-09
38360899,42,Otro,Lima,Nuevo,2023-08-12,sbs,2025-11-09
63836946,25,Otro,Piura,Nuevo,2023-06-12,sbs,2025-11-09
90429777,53,Femenino,Piura,Recurrente,2024-03-04,sbs,2025-11-09
77418191,35,Femenino,Piura,Nuevo,2023-11-22,sbs,2025-11-09
76415389,52,Otro,Arequipa,Nuevo,2024-02-18,sbs,2025-11-09
31067861,66,Femenino,Piura,Recurrente,2024-04-05,sbs,2025-11-09
72279909,29,Femenino,Piura,Nuevo,2023-12-09,sbs,2025-11-09
66139192,59,Masculino,Lima,Nuevo,2024-03-04,sbs,2025-11-09
91833362,44,Masculino,Lima,Nuevo,2023-05-22,sbs,2025-11-09
13064676,57,Otro,Lima,Nuevo,2024-02-23,sbs,2025-11-09
22209308,38,Otro,Chiclayo,Nuevo,2024-04-28,sbs,2025-11-09
84095884,41,Masculino,Cusco,Recurrente,2024-02-03,sbs,2025-11-09
33516421,50,Masculino,Chiclayo,Nuevo,2023-09-03,sbs,2025-11-09
18699029,48,Otro,Chiclayo,Nuevo,2023-10-28,sbs,2025-11-09
90966708,19,Masculino,Cusco,Nuevo,2023-09-08,sbs,2025-11-09
96084467,46,Masculino,Chiclayo,Recurrente,2024-05-27,sbs,2025-11-09
42865016,25,Otro,Piura,Recurrente,2023-06-13,sbs,2025-11-09
64538931,47,Otro,Lima,Nuevo,2023-02-03,sbs,2025-11-09
44900534,51,Femenino,Arequipa,Nuevo,2024-03-03,sbs,2025-11-09
13183661,63,Otro,Lima,Recurrente,2024-06-30,sbs,2025-11-09
15356154,46,Femenino,Lima,Nuevo,2024-02-12,sbs,2025-11-09
67524179,41,Femenino,Cusco,Nuevo,2024-03-26,sbs,2025-11-09
87821046,68,Masculino,Lima,Nuevo,2023-09-26,sbs,2025-11-09
29052219,66,Masculino,Chiclayo,Nuevo,2023-12-14,sbs,2025-11-09
96172555,33,Femenino,Chiclayo,Nuevo,2023-12-04,sbs,2025-11-09
42846895,62,Masculino,Arequipa,Recurrente,2024-05-18,sbs,2025-11-09
54380596,66,Femenino,Piura,Nuevo,2024-03-31,sbs,2025-11-09
28793298,68,Femenino,Piura,Nuevo,2023-02-06,sbs,2025-11-09
85636982,27,Otro,Piura,Nuevo,2024-01-15,sbs,2025-11-09
86187341,41,Otro,Piura,Nuevo,2023-06-12,sbs,2025-11-09
30728758,58,Femenino,Arequipa,Recurrente,2023-10-29,sbs,2025-11-09
61570031,65,Otro,Chiclayo,Nuevo,2023-10-27,sbs,2025-11-09
88279855,34,Otro,Chiclayo,Nuevo,2023-08-05,sbs,2025-11-09
78262003,37,Masculino,Cusco,Nuevo,2024-01-08,sbs,2025-11-09
56199559,65,Otro,Arequipa,Nuevo,2023-06-24,sbs,2025-11-09
80241159,59,Masculino,Cusco,Recurrente,2023-11-18,sbs,2025-11-09
74699989,41,Femenino,Arequipa,Nuevo,2024-06-21,sbs,2025-11-09
55951720,29,Femenino,Arequipa,Nuevo,2023-03-08,sbs,2025-11-09
91690443,32,Femenino,Chiclayo,Nuevo,2023-10-12,sbs,2025-11-09
76946493,67,Otro,Lima,Nuevo,2024-01-01,sbs,2025-11-09
40651479,47,Otro,Lima,Recurrente,2024-06-20,sbs,2025-11-09
94074257,65,Masculino,Piura,Recurrente,2024-02-13,sbs,2025-11-09
81773449,24,Femenino,Cusco,Nuevo,2024-07-20,sbs,2025-11-09
69946046,65,Otro,Lima,Recurrente,2023-02-27,sbs,2025-11-09
97349865,54,Otro,Chiclayo,Nuevo,2023-07-07,sbs,2025-11-09
84084918,33,Masculino,Arequipa,Nuevo,2023-09-30,sbs,2025-11-09
27790417,35,Masculino,Chiclayo,Recurrente,2023-03-07,sbs,2025-11-09
88608288,51,Femenino,Lima,Nuevo,2023-09-07,sbs,2025-11-09
16856217,66,Otro,Arequipa,Nuevo,2024-07-03,sbs,2025-11-09
69310555,38,Otro,Lima,Nuevo,2023-04-30,sbs,2025-11-09
90301630,23,Femenino,Chiclayo,Nuevo,2023-08-09,sbs,2025-11-09
24968484,49,Femenino,Cusco,Nuevo,2024-03-16,sbs,2025-11-09
10066454,64,Femenino,Chiclayo,Nuevo,2024-04-12,sbs,2025-11-09
54109233,34,Femenino,Cusco,Nuevo,2023-06-30,sbs,2025-11-09
45460310,50,Femenino,Cusco,Nuevo,2023-11-03,sbs,2025-11-09
77519876,52,Masculino,Piura,Nuevo,2024-07-28,sbs,2025-11-09
75441939,37,Otro,Arequipa,Nuevo,2023-07-06,sbs,2025-11-09
33997481,18,Femenino,Cusco,Nuevo,2023-06-17,sbs,2025-11-09
55960407,22,Femenino,Piura,Nuevo,2024-03-29,sbs,2025-11-09
24591037,58,Otro,Cusco,Recurrente,2023-07-18,sbs,2025-11-09
52951801,66,Masculino,Chiclayo,Nuevo,2023-11-09,sbs,2025-11-09
91809287,67,Otro,Arequipa,Nuevo,2023-11-04,sbs,2025-11-09
63182430,31,Otro,Chiclayo,Nuevo,2023-07-16,sbs,2025-11-09
53712198,68,Masculino,Chiclayo,Nuevo,2023-06-10,sbs,2025-11-09
40698761,51,Femenino,Cusco,Recurrente,2023-10-03,sbs,2025-11-09
54791430,34,Femenino,Piura,Nuevo,2023-11-10,sbs,2025-11-09
85603021,64,Femenino,Piura,Nuevo,2024-03-11,sbs,2025-11-09
17423236,43,Femenino,Lima,Recurrente,2024-02-18,sbs,2025-11-09
12614510,44,Femenino,Chiclayo,Recurrente,2023-10-08,sbs,2025-11-09
49566968,70,Otro,Chiclayo,Nuevo,2023-09-20,sbs,2025-11-09
53712718,41,Masculino,Piura,Nuevo,2024-01-27,sbs,2025-11-09
69069644,53,Otro,Chiclayo,Recurrente,2024-05-30,sbs,2025-11-09
74381921,35,Masculino,Lima,Nuevo,2023-11-30,sbs,2025-11-09
98505617,64,Otro,Arequipa,Recurrente,2023-02-17,sbs,2025-11-09
60334193,42,Otro,Arequipa,Nuevo,2024-08-23,sbs,2025-11-09
82195140,21,Masculino,Lima,Nuevo,2023-10-10,sbs,2025-11-09
19930603,41,Femenino,Piura,Nuevo,2023-05-18,sbs,2025-11-09
89162732,38,Otro,Arequipa,Recurrente,2023-06-04,sbs,2025-11-09
42913766,37,Otro,Chiclayo,Nuevo,2024-03-24,sbs,2025-11-09
84715577,38,Otro,Cusco,Recurrente,2023-09-24,sbs,2025-11-09
52139163,51,Femenino,Lima,Nuevo,2023-03-11,sbs,2025-11-09
40558998,41,Femenino,Chiclayo,Nuevo,2024-04-24,sbs,2025-11-09
44273540,47,Femenino,Piura,Nuevo,2023-09-23,sbs,2025-11-09
67355386,56,Otro,Lima,Nuevo,2024-02-25,sbs,2025-11-09
78754597,43,Femenino,Lima,Recurrente,2023-03-03,sbs,2025-11-09
77674129,41,Masculino,Cusco,Nuevo,2023-02-02,sbs,2025-11-09
54795511,69,Femenino,Cusco,Nuevo,2024-08-11,sbs,2025-11-09
25077338,58,Masculino,Lima,Nuevo,2024-07-25,sbs,2025-11-09
87030941,52,Masculino,Cusco,Recurrente,2023-03-31,sbs,2025-11-09
47160179,47,Otro,Chiclayo,Recurrente,2024-03-17,sbs,2025-11-09
34383847,47,Femenino,Chiclayo,Recurrente,2023-03-16,sbs,2025-11-09
12883470,59,Otro,Piura,Nuevo,2024-03-18,sbs,2025-11-09
12532910,43,Otro,Piura,Nuevo,2024-02-04,sbs,2025-11-09
39915787,18,Masculino,Piura,Nuevo,2023-09-23,sbs,2025-11-09
87099818,55,Otro,Piura,Nuevo,2023-07-25,sbs,2025-11-09
37668202,40,Otro,Cusco,Nuevo,2023-06-01,sbs,2025-11-09
27089076,37,Masculino,Lima,Nuevo,2023-02-10,sbs,2025-11-09
40884016,52,Femenino,Lima,Nuevo,2023-11-19,sbs,2025-11-09
46383465,60,Masculino,Chiclayo,Nuevo,2024-03-10,sbs,2025-11-09
26523557,32,Masculino,Piura,Nuevo,2024-03-26,sbs,2025-11-09
61058647,42,Masculino,Arequipa,Recurrente,2023-08-02,sbs,2025-11-09
61070501,21,Femenino,Arequipa,Nuevo,2023-07-30,sbs,2025-11-09
87618586,55,Masculino,Lima,Recurrente,2024-06-02,sbs,2025-11-09
26154220,64,Otro,Lima,Nuevo,2023-08-03,sbs,2025-11-09
65717519,49,Otro,Cusco,Nuevo,2023-11-21,sbs,2025-11-09
74153249,30,Masculino,Lima,Recurrente,2024-01-04,sbs,2025-11-09
10973829,34,Otro,Lima,Recurrente,2023-01-17,sbs,2025-11-09
57604491,42,Femenino,Arequipa,Recurrente,2023-04-13,sbs,2025-11-09
40784021,41,Femenino,Lima,Nuevo,2023-11-04,sbs,2025-11-09
46871774,62,Masculino,Arequipa,Recurrente,2023-01-17,sbs,2025-11-09
33804639,64,Otro,Piura,Nuevo,2023-09-12,sbs,2025-11-09
73057193,54,Masculino,Chiclayo,Nuevo,2023-05-24,sbs,2025-11-09
98711501,66,Masculino,Lima,Nuevo,2023-08-03,sbs,2025-11-09
66269326,36,Femenino,Cusco,Nuevo,2023-06-11,sbs,2025-11-09
58998598,29,Masculino,Cusco,Recurrente,2023-07-05,sbs,2025-11-09
64177562,25,Masculino,Lima,Nuevo,2023-11-10,sbs,2025-11-09
13466848,58,Femenino,Piura,Nuevo,2023-01-30,sbs,2025-11-09
64714435,39,Masculino,Arequipa,Nuevo,2023-05-28,sbs,2025-11-09
32782148,20,Otro,Arequipa,Recurrente,2024-06-21,sbs,2025-11-09
22364660,28,Masculino,Lima,Nuevo,2023-08-17,sbs,2025-11-09
65710670,44,Masculino,Lima,Recurrente,2024-04-20,sbs,2025-11-09
51799545,52,Femenino,Chiclayo,Recurrente,2023-01-01,sbs,2025-11-09
59067682,48,Femenino,Piura,Nuevo,2024-07-06,sbs,2025-11-09
36345208,57,Otro,Lima,Nuevo,2024-08-07,sbs,2025-11-09
40273055,26,Masculino,Cusco,Nuevo,2023-05-27,sbs,2025-11-09
92545856,60,Masculino,Lima,Recurrente,2023-10-17,sbs,2025-11-09
54107402,24,Masculino,Chiclayo,Nuevo,2023-11-05,sbs,2025-11-09
45799340,63,Femenino,Cusco,Nuevo,2024-08-14,sbs,2025-11-09
87761531,66,Masculino,Piura,Nuevo,2023-05-29,sbs,2025-11-09
34450775,65,Masculino,Arequipa,Nuevo,2023-07-22,sbs,2025-11-09
31727864,18,Masculino,Lima,Recurrente,2023-09-01,sbs,2025-11-09
56157714,43,Femenino,Lima,Nuevo,2024-05-10,sbs,2025-11-09
70826614,30,Otro,Cusco,Nuevo,2023-08-08,sbs,2025-11-09
97974419,57,Femenino,Cusco,Nuevo,2023-10-14,sbs,2025-11-09
44263695,67,Otro,Piura,Nuevo,2023-07-10,sbs,2025-11-09
99659144,39,Femenino,Cusco,Nuevo,2023-04-09,sbs,2025-11-09
67245809,39,Otro,Piura,Nuevo,2024-01-10,sbs,2025-11-09
71395676,59,Masculino,Cusco,Nuevo,2023-08-21,sbs,2025-11-09
56657336,25,Masculino,Cusco,Recurrente,2023-05-10,sbs,2025-11-09
77742871,37,Femenino,Arequipa,Nuevo,2023-03-26,sbs,2025-11-09
12244018,29,Femenino,Cusco,Nuevo,2023-08-16,sbs,2025-11-09
85548877,30,Otro,Piura,Nuevo,2023-06-05,sbs,2025-11-09
82404720,51,Otro,Lima,Recurrente,2024-01-07,sbs,2025-11-09
23440304,32,Otro,Cusco,Nuevo,2023-06-12,sbs,2025-11-09
82587841,61,Masculino,Cusco,Nuevo,2023-06-05,sbs,2025-11-09
49795077,57,Femenino,Chiclayo,Nuevo,2024-02-15,sbs,2025-11-09
53207543,42,Otro,Arequipa,Recurrente,2024-04-24,sbs,2025-11-09
84592492,26,Otro,Piura,Nuevo,2023-09-15,sbs,2025-11-09
17948672,60,Femenino,Chiclayo,Recurrente,2023-03-10,sbs,2025-11-09
42542841,66,Femenino,Chiclayo,Nuevo,2023-06-14,sbs,2025-11-09
43362943,43,Masculino,Arequipa,Nuevo,2023-07-18,sbs,2025-11-09
28849582,40,Masculino,Chiclayo,Recurrente,2023-10-10,sbs,2025-11-09
37626181,43,Masculino,Cusco,Recurrente,2023-06-05,sbs,2025-11-09
95464025,46,Masculino,Piura,Recurrente,2023-01-12,sbs,2025-11-09
41162829,25,Otro,Piura,Nuevo,2024-04-27,sbs,2025-11-09
91877605,60,Femenino,Piura,Recurrente,2024-07-08,sbs,2025-11-09
46521017,47,Masculino,Lima,Recurrente,2023-12-16,sbs,2025-11-09
67164749,20,Femenino,Piura,Nuevo,2024-04-22,sbs,2025-11-09
80174304,55,Masculino,Arequipa,Recurrente,2023-08-19,sbs,2025-11-09
42385743,24,Masculino,Cusco,Recurrente,2024-01-07,sbs,2025-11-09
47608285,60,Femenino,Arequipa,Nuevo,2023-04-18,sbs,2025-11-09
54134771,64,Otro,Piura,Recurrente,2024-06-04,sbs,2025-11-09
11734913,44,Otro,Piura,Recurrente,2023-03-27,sbs,2025-11-09
39714212,24,Otro,Arequipa,Nuevo,2024-05-21,sbs,2025-11-09
85251955,55,Femenino,Piura,Nuevo,2024-05-14,sbs,2025-11-09
15650731,56,Otro,Arequipa,Nuevo,2024-01-27,sbs,2025-11-09
87259150,56,Masculino,Cusco,Recurrente,2023-04-11,sbs,2025-11-09
62847572,24,Masculino,Chiclayo,Nuevo,2024-03-07,sbs,2025-11-09
71839874,63,Otro,Lima,Nuevo,2024-03-26,sbs,2025-11-09
99800835,54,Otro,Lima,Recurrente,2024-03-18,sbs,2025-11-09
23261275,19,Masculino,Cusco,Nuevo,2023-12-03,sbs,2025-11-09
58128991,36,Femenino,Lima,Recurrente,2023-09-17,sbs,2025-11-09
47128982,70,Otro,Piura,Nuevo,2023-09-12,sbs,2025-11-09
31554308,46,Masculino,Piura,Nuevo,2023-09-27,sbs,2025-11-09
56780131,31,Otro,Cusco,Nuevo,2024-02-15,sbs,2025-11-09
57218427,67,Masculino,Arequipa,Recurrente,2023-12-08,sbs,2025-11-09
23596009,57,Otro,Chiclayo,Nuevo,2023-11-10,sbs,2025-11-09
95828882,64,Masculino,Arequipa,Nuevo,2024-05-24,sbs,2025-11-09
57055917,29,Femenino,Chiclayo,Nuevo,2024-05-12,sbs,2025-11-09
53320084,39,Femenino,Piura,Recurrente,2023-06-22,sbs,2025-11-09
96209085,19,Masculino,Chiclayo,Nuevo,2024-06-02,sbs,2025-11-09
93009769,53,Femenino,Cusco,Nuevo,2024-02-12,sbs,2025-11-09
45348929,62,Masculino,Chiclayo,Nuevo,2024-02-19,sbs,2025-11-09
27855290,27,Otro,Piura,Nuevo,2024-02-11,sbs,2025-11-09
53464571,42,Masculino,Piura,Nuevo,2023-03-26,sbs,2025-11-09
99593195,32,Femenino,Lima,Nuevo,2023-06-08,sbs,2025-11-09
42930552,35,Masculino,Arequipa,Nuevo,2023-08-13,sbs,2025-11-09
42706202,32,Femenino,Chiclayo,Nuevo,2023-10-31,sbs,2025-11-09
84668321,19,Otro,Arequipa,Recurrente,2024-02-29,sbs,2025-11-09
87966489,53,Otro,Chiclayo,Nuevo,2024-06-15,sbs,2025-11-09
45096899,43,Otro,Cusco,Recurrente,2024-02-01,sbs,2025-11-09
41501680,63,Femenino,Piura,Nuevo,2024-01-09,sbs,2025-11-09
53172816,38,Otro,Piura,Nuevo,2023-05-18,sbs,2025-11-09
27282502,70,Otro,Chiclayo,Recurrente,2024-08-15,sbs,2025-11-09
91079800,24,Otro,Arequipa,Nuevo,2023-04-18,sbs,2025-11-09
40059912,32,Otro,Piura,Recurrente,2024-07-21,sbs,2025-11-09
93054727,47,Femenino,Cusco,Recurrente,2024-04-16,sbs,2025-11-09
12968249,46,Femenino,Cusco,Nuevo,2023-06-25,sbs,2025-11-09
73971718,53,Femenino,Cusco,Recurrente,2023-12-22,sbs,2025-11-09
47056223,63,Masculino,Lima,Recurrente,2023-03-08,sbs,2025-11-09
67825027,54,Femenino,Lima,Recurrente,2024-05-17,sbs,2025-11-09
51584044,63,Masculino,Arequipa,Nuevo,2024-04-07,sbs,2025-11-09
78176556,52,Otro,Piura,Nuevo,2024-08-06,sbs,2025-11-09
52205917,44,Masculino,Cusco,Recurrente,2024-08-23,sbs,2025-11-09
88845892,18,Otro,Lima,Recurrente,2024-01-02,sbs,2025-11-09
31636866,25,Masculino,Cusco,Nuevo,2024-02-28,sbs,2025-11-09
34325365,64,Masculino,Chiclayo,Recurrente,2023-07-03,sbs,2025-11-09
21959568,19,Otro,Arequipa,Recurrente,2023-12-06,sbs,2025-11-09
64703681,24,Femenino,Cusco,Recurrente,2024-02-01,sbs,2025-11-09
34560448,42,Otro,Arequipa,Nuevo,2023-12-18,sbs,2025-11-09
43824764,24,Femenino,Piura,Nuevo,2024-03-16,sbs,2025-11-09
40419133,49,Masculino,Chiclayo,Nuevo,2023-07-25,sbs,2025-11-09
80312275,40,Otro,Lima,Nuevo,2023-04-07,sbs,2025-11-09
17938468,34,Masculino,Cusco,Nuevo,2024-07-24,sbs,2025-11-09
11688255,61,Femenino,Lima,Nuevo,2024-06-25,sbs,2025-11-09
85613530,18,Femenino,Arequipa,Nuevo,2024-08-04,sbs,2025-11-09
34398998,41,Masculino,Chiclayo,Nuevo,2024-05-25,sbs,2025-11-09
90492828,52,Masculino,Piura,Nuevo,2023-06-08,sbs,2025-11-09
78092509,41,Otro,Chiclayo,Recurrente,2023-07-01,sbs,2025-11-09
26144121,27,Femenino,Lima,Nuevo,2024-07-04,sbs,2025-11-09
89202730,69,Femenino,Piura,Nuevo,2023-07-04,sbs,2025-11-09
92301184,51,Masculino,Lima,Nuevo,2023-06-08,sbs,2025-11-09
25620477,39,Femenino,Cusco,Recurrente,2024-04-03,sbs,2025-11-09
28975887,60,Otro,Lima,Nuevo,2024-01-10,sbs,2025-11-09
58093085,33,Femenino,Chiclayo,Recurrente,2023-02-12,sbs,2025-11-09
22207568,21,Femenino,Cusco,Nuevo,2024-06-16,sbs,2025-11-09
87186842,60,Otro,Piura,Recurrente,2024-07-30,sbs,2025-11-09
96328642,62,Otro,Cusco,Nuevo,2024-07-13,sbs,2025-11-09
49320311,30,Femenino,Piura,Nuevo,2023-07-22,sbs,2025-11-09
75829144,58,Femenino,Arequipa,Nuevo,2023-03-26,sbs,2025-11-09
91827614,19,Femenino,Lima,Nuevo,2024-05-10,sbs,2025-11-09
17397482,42,Femenino,Arequipa,Recurrente,2023-10-22,sbs,2025-11-09
88848869,51,Masculino,Chiclayo,Recurrente,2023-11-11,sbs,2025-11-09
16436549,65,Otro,Cusco,Nuevo,2023-11-18,sbs,2025-11-09
35265012,52,Masculino,Lima,Recurrente,2024-01-30,sbs,2025-11-09
78232914,40,Otro,Lima,Recurrente,2024-03-20,sbs,2025-11-09
38788785,51,Masculino,Cusco,Nuevo,2023-02-15,sbs,2025-11-09
19792992,24,Femenino,Chiclayo,Recurrente,2023-11-24,sbs,2025-11-09
16071188,63,Masculino,Arequipa,Nuevo,2023-01-16,sbs,2025-11-09
42264248,42,Masculino,Lima,Recurrente,2023-01-05,sbs,2025-11-09
59899973,60,Femenino,Chiclayo,Recurrente,2023-08-22,sbs,2025-11-09
93451717,43,Masculino,Chiclayo,Nuevo,2023-09-10,sbs,2025-11-09
37498028,60,Femenino,Arequipa,Recurrente,2023-11-14,sbs,2025-11-09
65819457,59,Otro,Piura,Nuevo,2023-01-11,sbs,2025-11-09
75527308,70,Femenino,Arequipa,Nuevo,2023-07-14,sbs,2025-11-09
15610213,34,Otro,Lima,Nuevo,2024-02-09,sbs,2025-11-09
19465618,62,Femenino,Chiclayo,Recurrente,2023-08-17,sbs,2025-11-09
18925521,58,Masculino,Lima,Nuevo,2024-05-15,sbs,2025-11-09
63446108,29,Otro,Piura,Nuevo,2023-09-20,sbs,2025-11-09
45097827,36,Otro,Piura,Nuevo,2024-08-06,sbs,2025-11-09
21610244,24,Masculino,Arequipa,Recurrente,2023-07-26,sbs,2025-11-09
72942341,53,Femenino,Chiclayo,Nuevo,2023-02-06,sbs,2025-11-09
34760262,48,Masculino,Lima,Nuevo,2024-02-02,sbs,2025-11-09
68801935,23,Otro,Lima,Nuevo,2024-01-15,sbs,2025-11-09
98969812,65,Masculino,Arequipa,Nuevo,2023-02-12,sbs,2025-11-09
86343225,50,Masculino,Chiclayo,Recurrente,2023-02-14,sbs,2025-11-09
33559104,18,Masculino,Piura,Recurrente,2023-09-14,sbs,2025-11-09
62520989,40,Femenino,Chiclayo,Recurrente,2023-02-27,sbs,2025-11-09
34691117,42,Masculino,Piura,Nuevo,2023-08-19,sbs,2025-11-09
13397006,58,Masculino,Piura,Recurrente,2024-03-25,sbs,2025-11-09
84739562,46,Masculino,Chiclayo,Nuevo,2023-10-22,sbs,2025-11-09
24947264,28,Masculino,Cusco,Recurrente,2023-02-28,sbs,2025-11-09
93025237,61,Masculino,Arequipa,Nuevo,2023-01-18,sbs,2025-11-09
23930806,64,Masculino,Piura,Nuevo,2023-05-27,sbs,2025-11-09
17840669,61,Masculino,Lima,Nuevo,2024-07-30,sbs,2025-11-09
94327199,70,Femenino,Cusco,Nuevo,2023-08-18,sbs,2025-11-09
86704340,20,Otro,Cusco,Nuevo,2024-05-02,sbs,2025-11-09
70353847,59,Femenino,Piura,Recurrente,2024-02-01,sbs,2025-11-09
95456101,65,Masculino,Arequipa,Nuevo,2023-12-20,sbs,2025-11-09
40043274,47,Femenino,Chiclayo,Nuevo,2024-01-04,sbs,2025-11-09
44522269,27,Femenino,Chiclayo,Recurrente,2024-02-02,sbs,2025-11-09
29325175,28,Femenino,Lima,Nuevo,2023-11-04,sbs,2025-11-09
40465492,20,Femenino,Arequipa,Recurrente,2024-07-08,sbs,2025-11-09
66524541,43,Masculino,Piura,Nuevo,2024-02-20,sbs,2025-11-09
72212219,44,Femenino,Arequipa,Nuevo,2024-02-02,sbs,2025-11-09
81126909,41,Femenino,Piura,Recurrente,2023-05-17,sbs,2025-11-09
36119029,31,Masculino,Chiclayo,Recurrente,2024-08-05,sbs,2025-11-09
83578898,64,Otro,Cusco,Nuevo,2024-04-19,sbs,2025-11-09
62724691,66,Femenino,Piura,Nuevo,2023-08-07,sbs,2025-11-09
50308304,27,Femenino,Lima,Nuevo,2024-04-08,sbs,2025-11-09
55323065,67,Otro,Arequipa,Nuevo,2023-08-11,sbs,2025-11-09
34201500,53,Masculino,Arequipa,Recurrente,2024-03-18,sbs,2025-11-09
46684386,46,Masculino,Chiclayo,Nuevo,2023-06-26,sbs,2025-11-09
87184473,65,Otro,Cusco,Recurrente,2024-02-16,sbs,2025-11-09
42977091,68,Masculino,Chiclayo,Nuevo,2024-04-24,sbs,2025-11-09
94300224,65,Masculino,Arequipa,Nuevo,2024-06-27,sbs,2025-11-09
12881127,20,Otro,Lima,Recurrente,2023-03-29,sbs,2025-11-09
57874974,18,Masculino,Piura,Recurrente,2023-11-17,sbs,2025-11-09
18861468,30,Otro,Chiclayo,Recurrente,2023-11-11,sbs,2025-11-09
73765142,41,Otro,Piura,Nuevo,2024-04-02,sbs,2025-11-09
85415271,39,Otro,Chiclayo,Nuevo,2023-04-14,sbs,2025-11-09
92985330,28,Masculino,Chiclayo,Nuevo,2024-06-29,sbs,2025-11-09
47746670,44,Masculino,Cusco,Nuevo,2024-04-25,sbs,2025-11-09
69713989,62,Masculino,Lima,Recurrente,2023-05-31,sbs,2025-11-09
60918146,24,Masculino,Chiclayo,Recurrente,2024-04-29,sbs,2025-11-09
69181497,48,Masculino,Lima,Nuevo,2024-01-07,sbs,2025-11-09
76003853,55,Otro,Chiclayo,Nuevo,2023-01-21,sbs,2025-11-09
59656286,60,Otro,Piura,Recurrente,2023-03-29,sbs,2025-11-09
30063671,22,Masculino,Chiclayo,Nuevo,2024-02-08,sbs,2025-11-09
49238480,25,Otro,Chiclayo,Recurrente,2023-11-25,sbs,2025-11-09
12141515,63,Masculino,Piura,Nuevo,2024-05-21,sbs,2025-11-09
43918937,57,Otro,Arequipa,Recurrente,2024-01-09,sbs,2025-11-09
75714214,30,Otro,Piura,Recurrente,2023-01-25,sbs,2025-11-09
45314481,38,Masculino,Lima,Nuevo,2023-11-10,sbs,2025-11-09
98504582,46,Femenino,Piura,Nuevo,2024-04-14,sbs,2025-11-09
86994349,23,Femenino,Cusco,Nuevo,2023-01-11,sbs,2025-11-09
61005009,19,Femenino,Arequipa,Nuevo,2024-04-26,sbs,2025-11-09
59230243,42,Masculino,Piura,Recurrente,2023-12-10,sbs,2025-11-09
27762391,69,Otro,Arequipa,Nuevo,2023-12-17,sbs,2025-11-09
47801233,40,Otro,Piura,Nuevo,2024-05-15,sbs,2025-11-09
99418882,35,Masculino,Arequipa,Recurrente,2023-03-28,sbs,2025-11-09
24367955,38,Otro,Lima,Nuevo,2023-05-12,sbs,2025-11-09
86760300,33,Masculino,Chiclayo,Nuevo,2023-06-07,sbs,2025-11-09
11804855,69,Masculino,Lima,Recurrente,2023-01-10,sbs,2025-11-09
94037259,65,Femenino,Cusco,Nuevo,2024-08-19,sbs,2025-11-09
92217107,47,Otro,Piura,Recurrente,2023-04-19,sbs,2025-11-09
34907429,25,Masculino,Chiclayo,Nuevo,2023-03-25,sbs,2025-11-09
38215122,23,Otro,Lima,Nuevo,2023-08-27,sbs,2025-11-09
35855513,21,Otro,Lima,Nuevo,2024-06-26,sbs,2025-11-09
72976361,48,Masculino,Arequipa,Nuevo,2023-07-10,sbs,2025-11-09
69393536,36,Otro,Cusco,Recurrente,2023-03-04,sbs,2025-11-09
45334373,29,Otro,Lima,Nuevo,2023-07-22,sbs,2025-11-09
20170987,27,Otro,Cusco,Recurrente,2023-05-07,sbs,2025-11-09
31800123,30,Masculino,Piura,Recurrente,2023-08-22,sbs,2025-11-09
78002009,43,Otro,Cusco,Nuevo,2024-02-27,sbs,2025-11-09
42315695,58,Femenino,Chiclayo,Nuevo,2023-12-20,sbs,2025-11-09
18677624,51,Masculino,Piura,Nuevo,2023-06-15,sbs,2025-11-09
93194239,21,Masculino,Arequipa,Nuevo,2023-03-03,sbs,2025-11-09
11610470,66,Femenino,Lima,Recurrente,2024-04-01,sbs,2025-11-09
91269754,65,Otro,Lima,Nuevo,2024-01-06,sbs,2025-11-09
70503600,61,Masculino,Cusco,Nuevo,2023-11-23,sbs,2025-11-09
75644207,40,Otro,Arequipa,Nuevo,2023-11-04,sbs,2025-11-09
15731027,38,Otro,Chiclayo,Nuevo,2023-06-24,sbs,2025-11-09
53535905,62,Femenino,Arequipa,Nuevo,2024-04-17,sbs,2025-11-09
70690090,68,Femenino,Arequipa,Recurrente,2024-04-20,sbs,2025-11-09
28714249,27,Masculino,Arequipa,Nuevo,2023-01-26,sbs,2025-11-09
63609010,68,Femenino,Arequipa,Recurrente,2023-06-02,sbs,2025-11-09
30272064,41,Masculino,Arequipa,Recurrente,2023-06-26,sbs,2025-11-09
73389452,55,Masculino,Chiclayo,Nuevo,2024-02-05,sbs,2025-11-09
62644474,27,Femenino,Piura,Nuevo,2024-05-24,sbs,2025-11-09
75301591,28,Femenino,Cusco,Nuevo,2023-07-14,sbs,2025-11-09
75409954,56,Otro,Arequipa,Nuevo,2023-06-13,sbs,2025-11-09
53390242,60,Masculino,Piura,Recurrente,2023-03-10,sbs,2025-11-09
79627150,63,Femenino,Cusco,Nuevo,2023-08-29,sbs,2025-11-09
94759650,49,Masculino,Arequipa,Nuevo,2023-11-12,sbs,2025-11-09
92091154,28,Femenino,Piura,Recurrente,2024-03-15,sbs,2025-11-09
60110818,25,Otro,Chiclayo,Nuevo,2023-12-16,sbs,2025-11-09
18472493,69,Otro,Chiclayo,Nuevo,2024-04-29,sbs,2025-11-09
53781905,19,Femenino,Piura,Nuevo,2023-08-03,sbs,2025-11-09
47652279,62,Masculino,Piura,Nuevo,2024-05-02,sbs,2025-11-09
27063481,53,Femenino,Cusco,Recurrente,2023-07-19,sbs,2025-11-09
89568937,38,Otro,Cusco,Recurrente,2023-08-23,sbs,2025-11-09
12603460,57,Masculino,Chiclayo,Nuevo,2024-04-26,sbs,2025-11-09
93699114,38,Otro,Lima,Nuevo,2023-06-01,sbs,2025-11-09
18982581,38,Masculino,Cusco,Nuevo,2023-09-30,sbs,2025-11-09
29204323,46,Femenino,Chiclayo,Recurrente,2023-10-10,sbs,2025-11-09
53917970,41,Masculino,Arequipa,Nuevo,2023-01-04,sbs,2025-11-09
52954460,40,Otro,Arequipa,Nuevo,2023-10-07,sbs,2025-11-09
96683389,49,Femenino,Cusco,Recurrente,2023-07-24,sbs,2025-11-09
36164817,30,Otro,Cusco,Nuevo,2023-03-04,sbs,2025-11-09
66772934,51,Otro,Piura,Nuevo,2024-01-21,sbs,2025-11-09
49742322,62,Masculino,Piura,Nuevo,2023-05-28,sbs,2025-11-09
29812515,19,Masculino,Arequipa,Nuevo,2024-04-21,sbs,2025-11-09
52156045,46,Otro,Arequipa,Nuevo,2024-03-30,sbs,2025-11-09
48220213,24,Femenino,Arequipa,Nuevo,2024-04-09,sbs,2025-11-09
26631582,28,Otro,Chiclayo,Nuevo,2023-01-18,sbs,2025-11-09
52314652,21,Femenino,Cusco,Nuevo,2023-05-26,sbs,2025-11-09
96748718,64,Femenino,Cusco,Nuevo,2024-03-20,sbs,2025-11-09
96385345,38,Femenino,Chiclayo,Nuevo,2023-02-05,sbs,2025-11-09
78680335,36,Femenino,Cusco,Recurrente,2023-02-10,sbs,2025-11-09
28778595,21,Otro,Chiclayo,Nuevo,2023-03-11,sbs,2025-11-09
22329160,27,Masculino,Cusco,Nuevo,2023-08-29,sbs,2025-11-09
56113600,66,Femenino,Piura,Nuevo,2024-02-27,sbs,2025-11-09
80421269,66,Masculino,Arequipa,Nuevo,2023-03-05,sbs,2025-11-09
22008959,44,Otro,Arequipa,Recurrente,2024-07-15,sbs,2025-11-09
40520595,70,Masculino,Arequipa,Nuevo,2023-09-25,sbs,2025-11-09
74249118,33,Masculino,Cusco,Nuevo,2023-08-19,sbs,2025-11-09
28478172,20,Masculino,Chiclayo,Recurrente,2023-06-06,sbs,2025-11-09
12584460,50,Femenino,Piura,Nuevo,2024-02-10,sbs,2025-11-09
83823922,50,Femenino,Arequipa,Nuevo,2024-02-29,sbs,2025-11-09
40803772,22,Masculino,Chiclayo,Nuevo,2023-08-02,sbs,2025-11-09
88058777,55,Femenino,Lima,Nuevo,2023-03-24,sbs,2025-11-09
81971570,41,Otro,Chiclayo,Nuevo,2023-06-05,sbs,2025-11-09
60237773,18,Otro,Cusco,Nuevo,2024-07-23,sbs,2025-11-09
54893916,50,Femenino,Chiclayo,Recurrente,2023-09-20,sbs,2025-11-09
70619406,30,Femenino,Piura,Nuevo,2023-10-20,sbs,2025-11-09
64450900,19,Femenino,Cusco,Recurrente,2024-06-08,sbs,2025-11-09
37592908,31,Masculino,Lima,Nuevo,2023-04-20,sbs,2025-11-09
89625763,30,Otro,Piura,Recurrente,2023-08-08,sbs,2025-11-09
86080861,70,Femenino,Piura,Nuevo,2023-08-24,sbs,2025-11-09
39047877,34,Masculino,Cusco,Nuevo,2023-01-13,sbs,2025-11-09
53937353,29,Femenino,Chiclayo,Nuevo,2024-02-02,sbs,2025-11-09
74448074,47,Femenino,Cusco,Recurrente,2024-05-18,sbs,2025-11-09
20425244,53,Otro,Piura,Recurrente,2023-09-12,sbs,2025-11-09
11504836,57,Masculino,Lima,Recurrente,2023-02-21,sbs,2025-11-09
31406009,35,Masculino,Piura,Nuevo,2024-08-04,sbs,2025-11-09
66796333,24,Masculino,Piura,Nuevo,2023-07-15,sbs,2025-11-09
49925737,65,Femenino,Lima,Nuevo,2023-01-23,sbs,2025-11-09
71327790,67,Masculino,Lima,Nuevo,2023-09-27,sbs,2025-11-09
73955393,69,Masculino,Lima,Recurrente,2023-02-01,sbs,2025-11-09
71101892,29,Masculino,Lima,Nuevo,2023-08-29,sbs,2025-11-09
85595538,55,Otro,Cusco,Nuevo,2023-01-24,sbs,2025-11-09
60657129,48,Masculino,Chiclayo,Nuevo,2024-02-12,sbs,2025-11-09
65354646,19,Masculino,Arequipa,Nuevo,2024-04-21,sbs,2025-11-09
47691414,29,Masculino,Cusco,Recurrente,2023-03-06,sbs,2025-11-09
13276640,63,Femenino,Arequipa,Nuevo,2023-10-01,sbs,2025-11-09
10261534,60,Femenino,Chiclayo,Nuevo,2024-04-03,sbs,2025-11-09
85020246,59,Masculino,Cusco,Recurrente,2024-03-21,sbs,2025-11-09
48455675,62,Femenino,Chiclayo,Recurrente,2023-02-18,sbs,2025-11-09
83093732,41,Masculino,Cusco,Nuevo,2024-04-28,sbs,2025-11-09
29554945,28,Femenino,Piura,Recurrente,2024-07-07,sbs,2025-11-09
63925890,38,Otro,Piura,Nuevo,2024-08-17,sbs,2025-11-09
76372099,41,Femenino,Piura,Recurrente,2023-06-01,sbs,2025-11-09
21602526,61,Otro,Arequipa,Nuevo,2024-03-18,sbs,2025-11-09
96632730,56,Femenino,Chiclayo,Nuevo,2024-01-03,sbs,2025-11-09
15738577,47,Femenino,Cusco,Recurrente,2023-06-18,sbs,2025-11-09
94919213,39,Otro,Chiclayo,Nuevo,2024-07-07,sbs,2025-11-09
63197220,65,Masculino,Cusco,Nuevo,2023-07-30,sbs,2025-11-09
15634248,23,Femenino,Lima,Recurrente,2024-07-11,sbs,2025-11-09
99206059,51,Masculino,Cusco,Nuevo,2024-07-17,sbs,2025-11-09
75656627,28,Otro,Chiclayo,Recurrente,2023-12-09,sbs,2025-11-09
80212115,25,Femenino,Piura,Nuevo,2024-02-09,sbs,2025-11-09
24284340,60,Femenino,Chiclayo,Nuevo,2024-02-22,sbs,2025-11-09
10080009,32,Otro,Arequipa,Nuevo,2023-07-12,sbs,2025-11-09
51145240,68,Otro,Lima,Nuevo,2023-03-15,sbs,2025-11-09
95664279,33,Femenino,Piura,Recurrente,2024-07-08,sbs,2025-11-09
26250483,24,Masculino,Lima,Nuevo,2023-10-30,sbs,2025-11-09
25965592,31,Masculino,Lima,Nuevo,2024-04-08,sbs,2025-11-09
56059442,45,Femenino,Arequipa,Nuevo,2023-11-04,sbs,2025-11-09
95257731,42,Femenino,Chiclayo,Nuevo,2024-05-04,sbs,2025-11-09
77108172,57,Otro,Lima,Recurrente,2023-02-02,sbs,2025-11-09
61506760,38,Femenino,Lima,Nuevo,2024-04-29,sbs,2025-11-09
75808087,66,Otro,Lima,Nuevo,2023-12-26,sbs,2025-11-09
73736212,19,Femenino,Lima,Recurrente,2023-03-30,sbs,2025-11-09
71026948,34,Otro,Lima,Nuevo,2023-04-07,sbs,2025-11-09
14609325,42,Otro,Piura,Nuevo,2024-04-25,sbs,2025-11-09
39065567,38,Femenino,Cusco,Recurrente,2024-04-07,sbs,2025-11-09
89648700,57,Femenino,Lima,Nuevo,2023-05-12,sbs,2025-11-09
34324718,61,Masculino,Cusco,Nuevo,2024-05-29,sbs,2025-11-09
97738439,47,Femenino,Cusco,Nuevo,2024-07-02,sbs,2025-11-09
75914192,64,Masculino,Piura,Nuevo,2024-06-13,sbs,2025-11-09
48961615,29,Femenino,Piura,Recurrente,2023-02-10,sbs,2025-11-09
20310693,56,Femenino,Arequipa,Nuevo,2023-06-08,sbs,2025-11-09
97761151,30,Femenino,Arequipa,Nuevo,2024-02-01,sbs,2025-11-09
55643477,29,Femenino,Lima,Nuevo,2023-08-17,sbs,2025-11-09
25581274,61,Otro,Arequipa,Nuevo,2024-03-31,sbs,2025-11-09
13178034,24,Masculino,Chiclayo,Nuevo,2024-07-30,sbs,2025-11-09
12756510,46,Femenino,Piura,Recurrente,2024-03-16,sbs,2025-11-09
66186841,63,Otro,Piura,Nuevo,2023-04-19,sbs,2025-11-09
18984340,48,Masculino,Piura,Nuevo,2024-03-08,sbs,2025-11-09
73703158,22,Masculino,Piura,Recurrente,2024-01-02,sbs,2025-11-09
26241805,43,Otro,Chiclayo,Recurrente,2023-05-21,sbs,2025-11-09
69874812,19,Masculino,Lima,Nuevo,2023-07-21,sbs,2025-11-09
18968278,60,Otro,Piura,Nuevo,2024-05-04,sbs,2025-11-09
85117177,68,Otro,Chiclayo,Nuevo,2023-04-29,sbs,2025-11-09
62440176,20,Masculino,Chiclayo,Nuevo,2023-05-17,sbs,2025-11-09
25133395,18,Femenino,Lima,Nuevo,2023-01-13,sbs,2025-11-09
50714161,51,Otro,Piura,Nuevo,2023-01-10,sbs,2025-11-09
38663679,69,Masculino,Piura,Recurrente,2024-05-06,sbs,2025-11-09
23293865,30,Otro,Arequipa,Nuevo,2023-08-08,sbs,2025-11-09
19518525,29,Femenino,Cusco,Nuevo,2024-07-08,sbs,2025-11-09
19126002,27,Otro,Chiclayo,Recurrente,2023-05-29,sbs,2025-11-09
94146588,48,Otro,Lima,Nuevo,2023-09-10,sbs,2025-11-09
64544939,66,Femenino,Piura,Recurrente,2023-09-26,sbs,2025-11-09
13713165,21,Femenino,Lima,Recurrente,2024-02-09,sbs,2025-11-09
27089453,30,Otro,Piura,Nuevo,2023-08-19,sbs,2025-11-09
42392187,48,Otro,Cusco,Recurrente,2023-06-11,sbs,2025-11-09
68081584,56,Otro,Piura,Nuevo,2023-03-18,sbs,2025-11-09
29537240,56,Masculino,Arequipa,Nuevo,2023-03-28,sbs,2025-11-09
47692831,67,Otro,Lima,Nuevo,2024-02-07,sbs,2025-11-09
91241436,47,Otro,Piura,Nuevo,2024-07-02,sbs,2025-11-09
89129551,38,Femenino,Arequipa,Nuevo,2024-01-31,sbs,2025-11-09
28423710,62,Otro,Cusco,Nuevo,2024-08-10,sbs,2025-11-09
81503033,48,Femenino,Lima,Recurrente,2023-12-17,sbs,2025-11-09
46406719,51,Otro,Lima,Nuevo,2023-10-02,sbs,2025-11-09
42133709,36,Otro,Cusco,Nuevo,2023-11-28,sbs,2025-11-09
54962735,54,Masculino,Piura,Recurrente,2023-07-16,sbs,2025-11-09
99883548,51,Otro,Arequipa,Nuevo,2024-03-10,sbs,2025-11-09
49596283,60,Masculino,Cusco,Recurrente,2023-05-23,sbs,2025-11-09
53103015,30,Otro,Piura,Recurrente,2024-07-20,sbs,2025-11-09
49119248,31,Femenino,Cusco,Nuevo,2023-05-01,sbs,2025-11-09
34572290,58,Masculino,Chiclayo,Nuevo,2023-12-12,sbs,2025-11-09
46338173,59,Femenino,Piura,Nuevo,2024-05-10,sbs,2025-11-09
91333763,54,Femenino,Cusco,Nuevo,2023-09-18,sbs,2025-11-09
62758434,22,Femenino,Lima,Recurrente,2024-07-17,sbs,2025-11-09
76445238,18,Masculino,Chiclayo,Recurrente,2023-09-18,sbs,2025-11-09
86162338,47,Otro,Cusco,Recurrente,2024-06-07,sbs,2025-11-09
94303862,44,Masculino,Piura,Nuevo,2024-03-13,sbs,2025-11-09
52029205,49,Otro,Lima,Nuevo,2024-02-01,sbs,2025-11-09
15507572,25,Masculino,Chiclayo,Nuevo,2023-02-25,sbs,2025-11-09
27102306,22,Femenino,Lima,Nuevo,2023-10-02,sbs,2025-11-09
18036942,68,Masculino,Arequipa,Nuevo,2024-08-03,sbs,2025-11-09
48143081,18,Masculino,Piura,Recurrente,2023-10-11,sbs,2025-11-09
45800669,45,Masculino,Chiclayo,Nuevo,2024-08-07,sbs,2025-11-09
88399260,53,Femenino,Chiclayo,Nuevo,2024-07-20,sbs,2025-11-09
37265151,38,Masculino,Chiclayo,Recurrente,2024-01-28,sbs,2025-11-09
86670571,52,Otro,Lima,Recurrente,2023-04-04,sbs,2025-11-09
22842443,65,Otro,Piura,Recurrente,2023-05-08,sbs,2025-11-09
33292561,33,Femenino,Chiclayo,Nuevo,2023-06-19,sbs,2025-11-09
68410653,32,Femenino,Lima,Nuevo,2023-11-12,sbs,2025-11-09
23470978,55,Otro,Arequipa,Nuevo,2023-08-26,sbs,2025-11-09
92551005,23,Femenino,Arequipa,Nuevo,2024-01-29,sbs,2025-11-09
37531916,66,Femenino,Lima,Nuevo,2023-10-06,sbs,2025-11-09
55941216,61,Femenino,Arequipa,Recurrente,2024-06-20,sbs,2025-11-09
69349666,38,Masculino,Arequipa,Nuevo,2024-02-02,sbs,2025-11-09
90658619,56,Masculino,Piura,Nuevo,2023-03-21,sbs,2025-11-09
37800640,62,Otro,Arequipa,Nuevo,2024-02-18,sbs,2025-11-09
49014249,31,Femenino,Piura,Nuevo,2023-09-12,sbs,2025-11-09
85606069,32,Femenino,Cusco,Recurrente,2023-01-25,sbs,2025-11-09
62193231,33,Otro,Lima,Nuevo,2023-01-23,sbs,2025-11-09
68558100,54,Femenino,Piura,Nuevo,2024-05-17,sbs,2025-11-09
56738646,64,Femenino,Arequipa,Nuevo,2023-09-19,sbs,2025-11-09
74227310,32,Femenino,Piura,Recurrente,2023-09-24,sbs,2025-11-09
90410541,28,Masculino,Chiclayo,Recurrente,2024-06-13,sbs,2025-11-09
16439568,51,Masculino,Lima,Recurrente,2024-01-09,sbs,2025-11-09
22398601,66,Masculino,Lima,Recurrente,2023-06-12,sbs,2025-11-09
80498380,57,Otro,Cusco,Nuevo,2023-03-23,sbs,2025-11-09
47381443,34,Femenino,Chiclayo,Nuevo,2024-03-22,sbs,2025-11-09
18962912,29,Masculino,Arequipa,Nuevo,2024-06-17,sbs,2025-11-09
48687319,32,Masculino,Cusco,Nuevo,2023-06-30,sbs,2025-11-09
12306103,53,Femenino,Arequipa,Recurrente,2023-08-30,sbs,2025-11-09
23624482,69,Masculino,Cusco,Recurrente,2023-03-10,sbs,2025-11-09
84281278,35,Masculino,Cusco,Nuevo,2024-04-18,sbs,2025-11-09
42970120,66,Femenino,Chiclayo,Nuevo,2023-07-11,sbs,2025-11-09
78886699,68,Masculino,Piura,Recurrente,2023-10-06,sbs,2025-11-09
62855703,70,Masculino,Cusco,Nuevo,2023-02-28,sbs,2025-11-09
42470699,26,Masculino,Lima,Nuevo,2023-05-16,sbs,2025-11-09
42989230,56,Femenino,Cusco,Recurrente,2024-04-18,sbs,2025-11-09
95917615,47,Masculino,Lima,Recurrente,2023-06-15,sbs,2025-11-09
10076959,56,Masculino,Lima,Recurrente,2023-05-20,sbs,2025-11-09
83862129,36,Femenino,Cusco,Recurrente,2024-02-09,sbs,2025-11-09
96886282,52,Otro,Arequipa,Recurrente,2024-04-22,sbs,2025-11-09
43746338,51,Femenino,Cusco,Nuevo,2024-02-19,sbs,2025-11-09
26943624,51,Femenino,Chiclayo,Nuevo,2024-05-26,sbs,2025-11-09
50056231,69,Masculino,Chiclayo,Nuevo,2024-01-12,sbs,2025-11-09
60146886,25,Otro,Arequipa,Nuevo,2023-11-03,sbs,2025-11-09
38933373,19,Femenino,Arequipa,Nuevo,2023-01-17,sbs,2025-11-09
97116877,45,Otro,Chiclayo,Nuevo,2023-05-24,sbs,2025-11-09
40477018,68,Femenino,Arequipa,Nuevo,2023-01-17,sbs,2025-11-09
59870894,46,Femenino,Arequipa,Nuevo,2024-04-21,sbs,2025-11-09
42932467,31,Femenino,Chiclayo,Nuevo,2023-02-22,sbs,2025-11-09
57050710,27,Otro,Lima,Nuevo,2023-02-24,sbs,2025-11-09
57617011,47,Femenino,Arequipa,Nuevo,2023-10-29,sbs,2025-11-09
19094010,70,Otro,Cusco,Nuevo,2024-05-05,sbs,2025-11-09
32272814,40,Femenino,Chiclayo,Nuevo,2024-06-02,sbs,2025-11-09
46186255,18,Masculino,Chiclayo,Recurrente,2024-07-29,sbs,2025-11-09
59830537,21,Masculino,Cusco,Nuevo,2024-06-17,sbs,2025-11-09
56563585,19,Femenino,Arequipa,Nuevo,2024-04-16,sbs,2025-11-09
88600742,57,Femenino,Piura,Nuevo,2024-06-13,sbs,2025-11-09
14852765,25,Femenino,Arequipa,Nuevo,2024-06-10,sbs,2025-11-09
60724233,60,Otro,Cusco,Nuevo,2023-06-07,sbs,2025-11-09
29320840,39,Otro,Arequipa,Recurrente,2023-10-01,sbs,2025-11-09
62935392,27,Masculino,Lima,Nuevo,2023-10-10,sbs,2025-11-09
36104468,32,Masculino,Lima,Nuevo,2023-05-17,sbs,2025-11-09
67299090,44,Otro,Chiclayo,Nuevo,2023-06-05,sbs,2025-11-09
10076098,53,Otro,Piura,Recurrente,2023-08-04,sbs,2025-11-09
18870325,22,Masculino,Lima,Nuevo,2024-05-09,sbs,2025-11-09
25332633,32,Femenino,Chiclayo,Recurrente,2024-05-20,sbs,2025-11-09
92785273,23,Otro,Arequipa,Recurrente,2023-12-17,sbs,2025-11-09
87449461,64,Femenino,Arequipa,Recurrente,2023-09-22,sbs,2025-11-09
80693706,53,Otro,Piura,Nuevo,2023-12-01,sbs,2025-11-09
89705240,27,Otro,Cusco,Nuevo,2023-10-13,sbs,2025-11-09
74880308,67,Masculino,Chiclayo,Recurrente,2024-03-20,sbs,2025-11-09
16883566,35,Femenino,Cusco,Nuevo,2024-02-19,sbs,2025-11-09
84492729,55,Femenino,Piura,Nuevo,2023-06-01,sbs,2025-11-09
23233496,32,Masculino,Chiclayo,Nuevo,2023-06-06,sbs,2025-11-09
66276356,62,Otro,Cusco,Nuevo,2024-02-14,sbs,2025-11-09
93625448,54,Femenino,Piura,Nuevo,2023-06-16,sbs,2025-11-09
68468386,48,Otro,Lima,Recurrente,2023-02-28,sbs,2025-11-09
54799978,43,Femenino,Chiclayo,Nuevo,2023-02-01,sbs,2025-11-09
63196481,41,Masculino,Piura,Nuevo,2024-05-18,sbs,2025-11-09
48449029,55,Masculino,Arequipa,Nuevo,2023-08-29,sbs,2025-11-09
89650979,33,Otro,Chiclayo,Nuevo,2023-12-01,sbs,2025-11-09
30138866,42,Masculino,Lima,Nuevo,2023-01-09,sbs,2025-11-09
16893126,52,Femenino,Arequipa,Recurrente,2023-06-05,sbs,2025-11-09
59226631,18,Femenino,Chiclayo,Nuevo,2023-10-26,sbs,2025-11-09
15426400,61,Otro,Piura,Recurrente,2023-03-31,sbs,2025-11-09
21052264,28,Femenino,Piura,Nuevo,2024-08-19,sbs,2025-11-09
32808207,20,Otro,Lima,Recurrente,2023-07-16,sbs,2025-11-09
92602298,43,Femenino,Lima,Nuevo,2023-10-26,sbs,2025-11-09
72053763,51,Masculino,Cusco,Nuevo,2023-03-08,sbs,2025-11-09
22901033,56,Femenino,Chiclayo,Nuevo,2024-06-11,sbs,2025-11-09
62800378,49,Otro,Chiclayo,Recurrente,2023-02-02,sbs,2025-11-09
58150867,39,Otro,Chiclayo,Recurrente,2024-04-08,sbs,2025-11-09
66098929,50,Femenino,Piura,Recurrente,2024-02-15,sbs,2025-11-09
42303694,69,Masculino,Piura,Recurrente,2023-08-04,sbs,2025-11-09
88877489,47,Masculino,Chiclayo,Nuevo,2023-03-02,sbs,2025-11-09
30042306,25,Masculino,Lima,Recurrente,2023-05-10,sbs,2025-11-09
87748344,64,Masculino,Piura,Recurrente,2023-11-24,sbs,2025-11-09
96477961,33,Otro,Arequipa,Nuevo,2023-05-06,sbs,2025-11-09
38155104,60,Otro,Cusco,Recurrente,2023-11-06,sbs,2025-11-09
35701165,48,Otro,Lima,Nuevo,2024-02-05,sbs,2025-11-09
62285733,40,Masculino,Lima,Nuevo,2023-09-16,sbs,2025-11-09
53430116,29,Femenino,Arequipa,Recurrente,2024-02-12,sbs,2025-11-09
98369598,46,Masculino,Piura,Recurrente,2024-03-08,sbs,2025-11-09
43635013,38,Otro,Chiclayo,Nuevo,2023-06-18,sbs,2025-11-09
29886742,44,Masculino,Arequipa,Recurrente,2023-12-09,sbs,2025-11-09
47294047,20,Masculino,Chiclayo,Nuevo,2024-05-22,sbs,2025-11-09
94763590,30,Otro,Chiclayo,Nuevo,2023-01-10,sbs,2025-11-09
55255509,41,Otro,Piura,Recurrente,2024-01-17,sbs,2025-11-09
37073491,18,Masculino,Arequipa,Recurrente,2024-05-28,sbs,2025-11-09
46701305,31,Masculino,Piura,Recurrente,2024-06-01,sbs,2025-11-09
68376344,51,Femenino,Cusco,Recurrente,2023-07-21,sbs,2025-11-09
48949083,67,Otro,Lima,Nuevo,2024-07-14,sbs,2025-11-09
64671752,52,Femenino,Lima,Nuevo,2023-01-19,sbs,2025-11-09
72215698,55,Otro,Lima,Nuevo,2024-03-03,sbs,2025-11-09
70300178,56,Otro,Chiclayo,Recurrente,2023-08-17,sbs,2025-11-09
44110350,34,Femenino,Lima,Recurrente,2024-08-16,sbs,2025-11-09
39769617,43,Femenino,Lima,Nuevo,2023-02-11,sbs,2025-11-09
16410742,70,Femenino,Chiclayo,Nuevo,2024-03-16,sbs,2025-11-09
65935917,22,Femenino,Cusco,Recurrente,2024-07-13,sbs,2025-11-09
76657301,19,Otro,Piura,Recurrente,2023-02-22,sbs,2025-11-09
25552030,55,Masculino,Cusco,Recurrente,2023-10-22,sbs,2025-11-09
83157151,33,Femenino,Cusco,Recurrente,2023-07-01,sbs,2025-11-09
54127410,59,Masculino,Lima,Recurrente,2023-03-23,sbs,2025-11-09
44654107,59,Masculino,Arequipa,Nuevo,2023-05-13,sbs,2025-11-09
31724678,28,Otro,Piura,Recurrente,2024-03-01,sbs,2025-11-09
51539369,45,Masculino,Chiclayo,Nuevo,2023-10-23,sbs,2025-11-09
30880066,52,Otro,Cusco,Nuevo,2023-03-20,sbs,2025-11-09
34021010,25,Masculino,Chiclayo,Nuevo,2023-10-04,sbs,2025-11-09
72451136,25,Femenino,Piura,Nuevo,2024-07-01,sbs,2025-11-09
21176055,50,Masculino,Arequipa,Recurrente,2023-10-12,sbs,2025-11-09
83189524,40,Masculino,Piura,Nuevo,2023-07-13,sbs,2025-11-09
18513830,34,Otro,Lima,Recurrente,2023-03-30,sbs,2025-11-09
36061115,28,Masculino,Piura,Nuevo,2024-07-01,sbs,2025-11-09
68035954,48,Otro,Piura,Nuevo,2024-02-03,sbs,2025-11-09
93359286,24,Otro,Arequipa,Nuevo,2023-07-14,sbs,2025-11-09
40434030,58,Femenino,Cusco,Recurrente,2023-03-10,sbs,2025-11-09
53246831,60,Femenino,Cusco,Recurrente,2024-02-01,sbs,2025-11-09
70788473,59,Femenino,Chiclayo,Recurrente,2023-02-07,sbs,2025-11-09
97069298,30,Masculino,Cusco,Nuevo,2024-01-17,sbs,2025-11-09
21438741,39,Femenino,Lima,Recurrente,2024-04-19,sbs,2025-11-09
89575745,26,Masculino,Cusco,Nuevo,2023-04-30,sbs,2025-11-09
55728427,26,Femenino,Arequipa,Nuevo,2024-07-18,sbs,2025-11-09
43022604,25,Otro,Lima,Recurrente,2023-11-21,sbs,2025-11-09
17370298,37,Otro,Arequipa,Nuevo,2023-04-20,sbs,2025-11-09
30540246,37,Otro,Chiclayo,Recurrente,2024-01-24,sbs,2025-11-09
58826428,35,Femenino,Arequipa,Recurrente,2024-06-27,sbs,2025-11-09
13051069,22,Femenino,Piura,Recurrente,2024-02-21,sbs,2025-11-09
28444834,19,Femenino,Piura,Nuevo,2023-04-06,sbs,2025-11-09
25216825,51,Otro,Cusco,Recurrente,2024-01-07,sbs,2025-11-09
34510701,24,Femenino,Piura,Nuevo,2023-05-07,sbs,2025-11-09
16587232,54,Masculino,Cusco,Recurrente,2023-08-26,sbs,2025-11-09
83677009,35,Femenino,Cusco,Recurrente,2023-03-23,sbs,2025-11-09
98301804,54,Otro,Cusco,Nuevo,2024-07-19,sbs,2025-11-09
51861461,37,Masculino,Arequipa,Recurrente,2023-02-11,sbs,2025-11-09
28373284,44,Masculino,Piura,Nuevo,2023-02-23,sbs,2025-11-09
15707588,22,Masculino,Cusco,Nuevo,2024-05-03,sbs,2025-11-09
31314707,48,Femenino,Arequipa,Nuevo,2023-09-28,sbs,2025-11-09
34847621,55,Otro,Chiclayo,Nuevo,2023-06-22,sbs,2025-11-09
73124701,59,Otro,Lima,Nuevo,2023-01-18,sbs,2025-11-09
42022542,31,Otro,Chiclayo,Nuevo,2024-06-05,sbs,2025-11-09
35172528,44,Masculino,Cusco,Recurrente,2024-08-13,sbs,2025-11-09
92310089,49,Otro,Chiclayo,Nuevo,2023-08-05,sbs,2025-11-09
56206851,60,Femenino,Chiclayo,Recurrente,2023-10-27,sbs,2025-11-09
48609441,26,Femenino,Cusco,Nuevo,2024-08-15,sbs,2025-11-09
66401535,35,Masculino,Cusco,Recurrente,2023-05-08,sbs,2025-11-09
64431323,34,Otro,Cusco,Nuevo,2023-04-28,sbs,2025-11-09
34744102,55,Masculino,Piura,Recurrente,2024-08-13,sbs,2025-11-09
27776946,70,Otro,Cusco,Nuevo,2023-09-12,sbs,2025-11-09
19690419,63,Masculino,Chiclayo,Recurrente,2023-02-17,sbs,2025-11-09
25114735,61,Femenino,Chiclayo,Recurrente,2023-10-11,sbs,2025-11-09
65479681,54,Masculino,Chiclayo,Recurrente,2023-01-15,sbs,2025-11-09
96968167,24,Femenino,Chiclayo,Nuevo,2023-05-31,sbs,2025-11-09
60831560,68,Masculino,Piura,Nuevo,2024-02-25,sbs,2025-11-09
95235179,60,Otro,Piura,Nuevo,2023-07-26,sbs,2025-11-09
75755054,27,Masculino,Arequipa,Nuevo,2023-09-06,sbs,2025-11-09
68155654,49,Femenino,Arequipa,Nuevo,2023-01-04,sbs,2025-11-09
71572062,47,Masculino,Lima,Recurrente,2023-03-03,sbs,2025-11-09
28884147,51,Femenino,Chiclayo,Nuevo,2023-10-22,sbs,2025-11-09
73516387,36,Femenino,Chiclayo,Nuevo,2023-01-15,sbs,2025-11-09
50694236,68,Otro,Lima,Nuevo,2023-12-23,sbs,2025-11-09
73999739,59,Masculino,Arequipa,Nuevo,2023-10-10,sbs,2025-11-09
27916286,42,Femenino,Chiclayo,Nuevo,2024-03-24,sbs,2025-11-09
78410468,19,Masculino,Arequipa,Nuevo,2024-07-18,sbs,2025-11-09
80065443,59,Masculino,Lima,Nuevo,2024-01-15,sbs,2025-11-09
51636644,34,Otro,Lima,Nuevo,2024-06-12,sbs,2025-11-09
42376774,65,Femenino,Lima,Nuevo,2023-04-20,sbs,2025-11-09
92355208,36,Femenino,Chiclayo,Recurrente,2024-07-23,sbs,2025-11-09
10452426,54,Otro,Chiclayo,Nuevo,2024-06-25,sbs,2025-11-09
66334691,27,Masculino,Piura,Recurrente,2024-07-21,sbs,2025-11-09
24558091,54,Femenino,Lima,Nuevo,2023-07-11,sbs,2025-11-09
88677406,64,Femenino,Arequipa,Nuevo,2023-10-06,sbs,2025-11-09
85701752,30,Otro,Arequipa,Recurrente,2024-08-01,sbs,2025-11-09
42867782,40,Masculino,Arequipa,Nuevo,2023-07-20,sbs,2025-11-09
81469059,38,Masculino,Piura,Nuevo,2023-09-04,sbs,2025-11-09
12205381,39,Femenino,Chiclayo,Nuevo,2024-07-29,sbs,2025-11-09
41045155,62,Masculino,Lima,Nuevo,2023-05-21,sbs,2025-11-09
19744739,44,Masculino,Chiclayo,Nuevo,2024-07-01,sbs,2025-11-09
39626168,24,Otro,Cusco,Nuevo,2023-05-19,sbs,2025-11-09
44421014,65,Masculino,Chiclayo,Nuevo,2023-02-07,sbs,2025-11-09
96304579,18,Otro,Arequipa,Nuevo,2023-10-15,sbs,2025-11-09
92110921,55,Femenino,Chiclayo,Nuevo,2023-08-31,sbs,2025-11-09
94437310,25,Masculino,Piura,Recurrente,2024-07-03,sbs,2025-11-09
82621876,66,Masculino,Lima,Nuevo,2023-10-11,sbs,2025-11-09
39039152,28,Otro,Lima,Recurrente,2024-05-16,sbs,2025-11-09
88232723,68,Femenino,Piura,Nuevo,2024-05-30,sbs,2025-11-09
57902263,32,Otro,Piura,Nuevo,2023-12-24,sbs,2025-11-09
23087728,66,Femenino,Cusco,Recurrente,2023-01-28,sbs,2025-11-09
33094606,58,Otro,Lima,Recurrente,2023-07-17,sbs,2025-11-09
36287354,70,Masculino,Chiclayo,Recurrente,2023-07-03,sbs,2025-11-09
18224212,70,Masculino,Chiclayo,Nuevo,2024-04-16,sbs,2025-11-09
25821079,60,Femenino,Chiclayo,Nuevo,2023-02-02,sbs,2025-11-09
67958238,64,Otro,Chiclayo,Nuevo,2023-11-03,sbs,2025-11-09
73582971,27,Otro,Lima,Recurrente,2023-06-12,sbs,2025-11-09
33500952,42,Masculino,Chiclayo,Nuevo,2024-06-29,sbs,2025-11-09
38425325,61,Femenino,Lima,Nuevo,2023-06-11,sbs,2025-11-09
32305534,22,Masculino,Arequipa,Nuevo,2023-08-23,sbs,2025-11-09
89414336,35,Otro,Cusco,Recurrente,2024-06-27,sbs,2025-11-09
98653040,55,Femenino,Arequipa,Nuevo,2024-06-29,sbs,2025-11-09
47470286,54,Masculino,Arequipa,Nuevo,2024-03-31,sbs,2025-11-09
36342866,38,Femenino,Cusco,Nuevo,2023-01-21,sbs,2025-11-09
22217134,43,Femenino,Arequipa,Recurrente,2024-04-21,sbs,2025-11-09
81610914,55,Masculino,Chiclayo,Recurrente,2023-08-24,sbs,2025-11-09
28148672,25,Otro,Arequipa,Nuevo,2024-08-17,sbs,2025-11-09
26968753,21,Otro,Chiclayo,Nuevo,2023-08-26,sbs,2025-11-09
19955322,33,Masculino,Cusco,Recurrente,2024-07-10,sbs,2025-11-09
82150950,33,Otro,Cusco,Nuevo,2024-06-21,sbs,2025-11-09
33932371,23,Femenino,Piura,Nuevo,2023-05-20,sbs,2025-11-09
28751884,20,Femenino,Arequipa,Recurrente,2023-07-30,sbs,2025-11-09
19587874,69,Masculino,Lima,Nuevo,2024-03-28,sbs,2025-11-09
71860844,45,Otro,Cusco,Nuevo,2023-11-26,sbs,2025-11-09
14021179,28,Otro,Piura,Recurrente,2023-12-12,sbs,2025-11-09
14073160,20,Masculino,Lima,Recurrente,2023-01-25,sbs,2025-11-09
20880118,23,Femenino,Chiclayo,Recurrente,2024-08-22,sbs,2025-11-09
68918771,23,Otro,Chiclayo,Nuevo,2023-04-11,sbs,2025-11-09
30102493,68,Otro,Piura,Nuevo,2023-01-27,sbs,2025-11-09
96651909,40,Femenino,Arequipa,Recurrente,2024-05-31,sbs,2025-11-09
29856655,36,Femenino,Piura,Nuevo,2024-07-12,sbs,2025-11-09
75919584,56,Otro,Cusco,Nuevo,2023-10-22,sbs,2025-11-09
77298838,51,Masculino,Chiclayo,Nuevo,2023-10-23,sbs,2025-11-09
78067673,57,Masculino,Piura,Nuevo,2023-02-11,sbs,2025-11-09
10375217,45,Femenino,Lima,Nuevo,2023-02-20,sbs,2025-11-09
21903576,60,Femenino,Chiclayo,Nuevo,2023-12-16,sbs,2025-11-09
64382788,41,Otro,Cusco,Nuevo,2023-06-03,sbs,2025-11-09
46159501,42,Otro,Lima,Nuevo,2023-06-02,sbs,2025-11-09
59151960,50,Masculino,Piura,Nuevo,2023-02-20,sbs,2025-11-09
84161109,37,Masculino,Cusco,Nuevo,2023-02-12,sbs,2025-11-09
42264580,63,Masculino,Arequipa,Nuevo,2023-08-01,sbs,2025-11-09
12280944,44,Otro,Cusco,Nuevo,2023-12-30,sbs,2025-11-09
18148595,67,Otro,Cusco,Nuevo,2023-03-08,sbs,2025-11-09
80944243,35,Masculino,Lima,Recurrente,2023-09-16,sbs,2025-11-09
93963712,25,Otro,Cusco,Recurrente,2023-09-25,sbs,2025-11-09
76900453,64,Femenino,Chiclayo,Nuevo,2024-04-30,sbs,2025-11-09
80910084,33,Otro,Chiclayo,Nuevo,2023-07-12,sbs,2025-11-09
18795362,59,Masculino,Arequipa,Nuevo,2023-06-08,sbs,2025-11-09
32933935,27,Otro,Arequipa,Nuevo,2023-10-30,sbs,2025-11-09
12779565,51,Otro,Piura,Nuevo,2023-06-12,sbs,2025-11-09
67832948,33,Femenino,Chiclayo,Nuevo,2024-06-25,sbs,2025-11-09
21028439,31,Masculino,Piura,Recurrente,2023-09-15,sbs,2025-11-09
31028161,47,Masculino,Arequipa,Nuevo,2024-02-04,sbs,2025-11-09
35043563,40,Femenino,Piura,Recurrente,2023-02-13,sbs,2025-11-09
49437611,43,Masculino,Piura,Nuevo,2023-07-11,sbs,2025-11-09
60636474,30,Otro,Lima,Recurrente,2024-04-26,sbs,2025-11-09
87270408,37,Femenino,Piura,Recurrente,2024-06-09,sbs,2025-11-09
40315274,70,Otro,Cusco,Recurrente,2023-01-24,sbs,2025-11-09
79625031,64,Masculino,Piura,Nuevo,2024-05-27,sbs,2025-11-09
72502873,29,Femenino,Piura,Recurrente,2023-05-18,sbs,2025-11-09
15038665,57,Otro,Lima,Recurrente,2023-12-15,sbs,2025-11-09
42053489,36,Otro,Lima,Recurrente,2023-10-26,sbs,2025-11-09
36082385,31,Masculino,Chiclayo,Recurrente,2023-12-30,sbs,2025-11-09
62978421,51,Femenino,Cusco,Nuevo,2023-05-06,sbs,2025-11-09
22693626,64,Masculino,Chiclayo,Recurrente,2023-04-03,sbs,2025-11-09
83065167,63,Otro,Arequipa,Nuevo,2023-05-07,sbs,2025-11-09
94674420,21,Otro,Chiclayo,Nuevo,2023-04-04,sbs,2025-11-09
96440006,61,Masculino,Arequipa,Nuevo,2024-02-19,sbs,2025-11-09
20313372,38,Masculino,Lima,Recurrente,2023-02-05,sbs,2025-11-09
62256420,23,Otro,Cusco,Nuevo,2023-12-02,sbs,2025-11-09
80393718,24,Femenino,Cusco,Recurrente,2024-07-19,sbs,2025-11-09
13945762,18,Masculino,Chiclayo,Nuevo,2023-01-28,sbs,2025-11-09
83784912,55,Masculino,Piura,Recurrente,2023-04-25,sbs,2025-11-09
60639157,26,Otro,Cusco,Recurrente,2023-09-08,sbs,2025-11-09
90003444,39,Femenino,Arequipa,Nuevo,2023-10-18,sbs,2025-11-09
62581326,25,Otro,Arequipa,Recurrente,2023-08-07,sbs,2025-11-09
20234362,41,Otro,Piura,Nuevo,2023-03-01,sbs,2025-11-09
95803846,37,Otro,Lima,Recurrente,2024-06-22,sbs,2025-11-09
40312280,67,Otro,Piura,Nuevo,2023-10-27,sbs,2025-11-09
88726359,32,Femenino,Cusco,Nuevo,2023-01-28,sbs,2025-11-09
38935409,26,Femenino,Chiclayo,Nuevo,2023-06-11,sbs,2025-11-09
70571378,56,Otro,Cusco,Nuevo,2023-09-03,sbs,2025-11-09
44245294,35,Femenino,Piura,Nuevo,2023-04-05,sbs,2025-11-09
64659891,20,Otro,Piura,Nuevo,2024-07-02,sbs,2025-11-09
41896662,65,Masculino,Piura,Nuevo,2023-12-12,sbs,2025-11-09
79704534,49,Femenino,Arequipa,Nuevo,2023-02-17,sbs,2025-11-09
12411735,62,Masculino,Lima,Recurrente,2024-03-12,sbs,2025-11-09
58495831,20,Masculino,Lima,Nuevo,2023-07-28,sbs,2025-11-09
61846177,42,Femenino,Cusco,Nuevo,2023-01-28,sbs,2025-11-09
23414490,27,Otro,Arequipa,Nuevo,2023-08-06,sbs,2025-11-09
16986310,29,Masculino,Piura,Recurrente,2023-12-31,sbs,2025-11-09
86778111,70,Femenino,Cusco,Nuevo,2024-03-22,sbs,2025-11-09
96456474,24,Femenino,Arequipa,Nuevo,2024-07-28,sbs,2025-11-09
48976938,27,Otro,Chiclayo,Recurrente,2023-09-28,sbs,2025-11-09
10665587,65,Masculino,Lima,Nuevo,2024-07-21,sbs,2025-11-09
50055973,68,Otro,Arequipa,Recurrente,2023-12-17,sbs,2025-11-09
28320085,33,Femenino,Cusco,Recurrente,2024-06-25,sbs,2025-11-09
92477940,44,Masculino,Chiclayo,Nuevo,2024-01-19,sbs,2025-11-09
70603852,64,Masculino,Lima,Nuevo,2024-01-15,sbs,2025-11-09
78102004,62,Otro,Lima,Nuevo,2023-02-18,sbs,2025-11-09
48354650,41,Otro,Cusco,Recurrente,2023-10-24,sbs,2025-11-09
44258271,54,Masculino,Lima,Recurrente,2024-04-08,sbs,2025-11-09
93721739,55,Masculino,Arequipa,Recurrente,2024-08-09,sbs,2025-11-09
98150338,58,Femenino,Cusco,Nuevo,2024-01-20,sbs,2025-11-09
22033247,36,Otro,Cusco,Recurrente,2024-04-12,sbs,2025-11-09
87749589,51,Femenino,Chiclayo,Nuevo,2024-01-10,sbs,2025-11-09
85878633,42,Otro,Cusco,Nuevo,2023-12-05,sbs,2025-11-09
86434517,24,Femenino,Lima,Recurrente,2023-11-14,sbs,2025-11-09
34824185,57,Masculino,Chiclayo,Recurrente,2023-04-21,sbs,2025-11-09
64252439,67,Masculino,Piura,Recurrente,2024-03-16,sbs,2025-11-09
84881217,54,Otro,Lima,Nuevo,2023-01-24,sbs,2025-11-09
66063235,48,Masculino,Arequipa,Nuevo,2024-04-13,sbs,2025-11-09
51540622,19,Otro,Arequipa,Nuevo,2023-08-10,sbs,2025-11-09
53725194,53,Otro,Chiclayo,Nuevo,2023-08-14,sbs,2025-11-09
79821206,60,Otro,Cusco,Recurrente,2023-09-07,sbs,2025-11-09
10412348,26,Otro,Cusco,Recurrente,2023-10-19,sbs,2025-11-09
91873755,40,Femenino,Lima,Recurrente,2024-08-02,sbs,2025-11-09
64523392,45,Femenino,Lima,Nuevo,2023-05-31,sbs,2025-11-09
98706994,55,Femenino,Cusco,Recurrente,2024-03-20,sbs,2025-11-09
56267189,35,Masculino,Cusco,Nuevo,2024-01-23,sbs,2025-11-09
12004286,44,Otro,Lima,Recurrente,2023-08-10,sbs,2025-11-09
35539836,53,Femenino,Arequipa,Nuevo,2023-05-30,sbs,2025-11-09
43813544,69,Otro,Piura,Nuevo,2023-05-04,sbs,2025-11-09
88867841,30,Femenino,Arequipa,Nuevo,2023-09-04,sbs,2025-11-09
13953262,68,Femenino,Cusco,Nuevo,2023-02-11,sbs,2025-11-09
68283799,28,Femenino,Chiclayo,Nuevo,2024-06-10,sbs,2025-11-09
25674475,56,Femenino,Arequipa,Nuevo,2023-02-26,sbs,2025-11-09
99699727,66,Femenino,Cusco,Nuevo,2023-03-25,sbs,2025-11-09
16431196,30,Otro,Piura,Recurrente,2023-01-27,sbs,2025-11-09
20751435,22,Femenino,Cusco,Nuevo,2023-10-13,sbs,2025-11-09
17291181,36,Otro,Cusco,Nuevo,2023-11-26,sbs,2025-11-09
36293187,47,Femenino,Chiclayo,Recurrente,2024-06-18,sbs,2025-11-09
59440584,55,Femenino,Arequipa,Nuevo,2023-02-21,sbs,2025-11-09
69142981,32,Otro,Piura,Nuevo,2024-05-22,sbs,2025-11-09
70267126,46,Otro,Piura,Nuevo,2023-03-01,sbs,2025-11-09
27452167,26,Otro,Arequipa,Recurrente,2024-02-26,sbs,2025-11-09
76047752,56,Masculino,Piura,Nuevo,2023-04-05,sbs,2025-11-09
31605270,64,Otro,Arequipa,Recurrente,2023-02-18,sbs,2025-11-09
13051449,54,Otro,Cusco,Nuevo,2023-09-27,sbs,2025-11-09
36634065,43,Otro,Cusco,Nuevo,2023-07-19,sbs,2025-11-09
52171230,30,Femenino,Chiclayo,Nuevo,2023-05-16,sbs,2025-11-09
24591250,40,Otro,Chiclayo,Nuevo,2024-02-15,sbs,2025-11-09
32048331,47,Otro,Lima,Nuevo,2023-07-29,sbs,2025-11-09
60979859,61,Masculino,Lima,Nuevo,2023-01-01,sbs,2025-11-09
99876603,25,Masculino,Arequipa,Nuevo,2024-06-09,sbs,2025-11-09
56300448,38,Masculino,Arequipa,Nuevo,2024-08-10,sbs,2025-11-09
99640817,42,Masculino,Chiclayo,Nuevo,2023-03-18,sbs,2025-11-09
32641668,52,Femenino,Piura,Nuevo,2023-02-20,sbs,2025-11-09
49462227,55,Femenino,Lima,Nuevo,2024-02-10,sbs,2025-11-09
17100134,50,Masculino,Lima,Nuevo,2023-10-19,sbs,2025-11-09
63466917,33,Femenino,Chiclayo,Recurrente,2023-04-15,sbs,2025-11-09
77063002,48,Otro,Lima,Recurrente,2024-04-19,sbs,2025-11-09
11880862,60,Otro,Chiclayo,Recurrente,2023-03-18,sbs,2025-11-09
34480241,28,Otro,Lima,Recurrente,2024-07-03,sbs,2025-11-09
33034395,24,Otro,Chiclayo,Nuevo,2024-03-05,sbs,2025-11-09
91402258,54,Otro,Piura,Recurrente,2024-05-18,sbs,2025-11-09
82391660,46,Masculino,Arequipa,Recurrente,2023-08-26,sbs,2025-11-09
64817898,33,Masculino,Cusco,Nuevo,2023-11-23,sbs,2025-11-09
13076093,19,Femenino,Chiclayo,Nuevo,2024-04-05,sbs,2025-11-09
64060403,49,Otro,Cusco,Nuevo,2024-03-14,sbs,2025-11-09
64044021,61,Masculino,Arequipa,Nuevo,2023-03-04,sbs,2025-11-09
12075251,49,Masculino,Arequipa,Nuevo,2023-05-31,sbs,2025-11-09
98437475,41,Masculino,Arequipa,Nuevo,2023-03-28,sbs,2025-11-09
31369764,28,Masculino,Chiclayo,Nuevo,2023-12-02,sbs,2025-11-09
82353357,23,Femenino,Piura,Nuevo,2023-12-10,sbs,2025-11-09
19779395,46,Masculino,Piura,Nuevo,2023-06-03,sbs,2025-11-09
28621916,51,Otro,Chiclayo,Nuevo,2024-08-07,sbs,2025-11-09
84829928,38,Otro,Arequipa,Recurrente,2023-02-10,sbs,2025-11-09
48762628,55,Otro,Piura,Nuevo,2024-07-08,sbs,2025-11-09
15071837,68,Otro,Lima,Recurrente,2023-05-10,sbs,2025-11-09
98894223,39,Masculino,Cusco,Recurrente,2023-08-24,sbs,2025-11-09
78096871,52,Femenino,Cusco,Recurrente,2023-09-14,sbs,2025-11-09
91836571,36,Otro,Chiclayo,Nuevo,2023-12-12,sbs,2025-11-09
56543939,50,Otro,Lima,Nuevo,2023-10-18,sbs,2025-11-09
97890180,46,Otro,Cusco,Nuevo,2023-02-06,sbs,2025-11-09
83010270,46,Masculino,Piura,Recurrente,2023-08-29,sbs,2025-11-09
98144370,43,Femenino,Arequipa,Nuevo,2024-07-06,sbs,2025-11-09
20467889,29,Masculino,Cusco,Nuevo,2024-01-25,sbs,2025-11-09
76098362,57,Masculino,Arequipa,Nuevo,2024-06-28,sbs,2025-11-09
68581283,42,Otro,Chiclayo,Recurrente,2024-08-11,sbs,2025-11-09
52965279,50,Femenino,Chiclayo,Recurrente,2023-05-13,sbs,2025-11-09
96343023,51,Otro,Chiclayo,Nuevo,2023-02-09,sbs,2025-11-09
93912944,52,Femenino,Cusco,Nuevo,2023-07-10,sbs,2025-11-09
14012808,68,Masculino,Piura,Nuevo,2023-10-03,sbs,2025-11-09
71288572,60,Femenino,Arequipa,Nuevo,2023-12-06,sbs,2025-11-09
47526885,54,Masculino,Lima,Recurrente,2023-06-21,sbs,2025-11-09
43716263,52,Masculino,Piura,Recurrente,2023-10-02,sbs,2025-11-09
36321069,29,Otro,Arequipa,Nuevo,2024-02-08,sbs,2025-11-09
95087196,26,Femenino,Cusco,Nuevo,2023-09-10,sbs,2025-11-09
62530853,26,Otro,Cusco,Recurrente,2023-10-03,sbs,2025-11-09
23838198,32,Masculino,Cusco,Recurrente,2024-08-09,sbs,2025-11-09
35045268,39,Femenino,Chiclayo,Nuevo,2023-12-02,sbs,2025-11-09
62220968,52,Femenino,Arequipa,Nuevo,2023-12-18,sbs,2025-11-09
39832632,28,Otro,Chiclayo,Nuevo,2023-08-15,sbs,2025-11-09
23719833,39,Otro,Cusco,Recurrente,2024-01-14,sbs,2025-11-09
59557403,32,Otro,Lima,Nuevo,2024-02-05,sbs,2025-11-09
84985418,41,Masculino,Arequipa,Nuevo,2024-01-31,sbs,2025-11-09
48561390,38,Masculino,Cusco,Nuevo,2024-05-14,sbs,2025-11-09
94305879,70,Femenino,Chiclayo,Nuevo,2023-11-10,sbs,2025-11-09
25193029,57,Masculino,Cusco,Recurrente,2023-03-18,sbs,2025-11-09
80000261,48,Otro,Arequipa,Nuevo,2023-07-23,sbs,2025-11-09
21544089,63,Femenino,Cusco,Nuevo,2023-02-08,sbs,2025-11-09
49413034,41,Masculino,Arequipa,Nuevo,2023-11-30,sbs,2025-11-09
24391123,47,Masculino,Piura,Recurrente,2023-07-27,sbs,2025-11-09
66302151,31,Otro,Chiclayo,Nuevo,2023-08-08,sbs,2025-11-09
70039194,48,Otro,Cusco,Nuevo,2024-03-12,sbs,2025-11-09
30090581,38,Masculino,Lima,Recurrente,2023-09-30,sbs,2025-11-09
14723415,62,Otro,Lima,Nuevo,2023-03-31,sbs,2025-11-09
26376401,67,Femenino,Chiclayo,Nuevo,2024-06-25,sbs,2025-11-09
91211357,62,Otro,Cusco,Nuevo,2023-03-03,sbs,2025-11-09
27418225,64,Masculino,Arequipa,Nuevo,2024-01-05,sbs,2025-11-09
63981512,33,Otro,Cusco,Nuevo,2023-12-23,sbs,2025-11-09
65845729,28,Masculino,Piura,Nuevo,2024-03-14,sbs,2025-11-09
82331933,21,Femenino,Cusco,Nuevo,2024-04-05,sbs,2025-11-09
76130666,46,Femenino,Piura,Recurrente,2023-05-22,sbs,2025-11-09
82658694,63,Femenino,Cusco,Nuevo,2023-10-14,sbs,2025-11-09
52590946,58,Femenino,Cusco,Nuevo,2024-01-08,sbs,2025-11-09
27300241,68,Otro,Cusco,Nuevo,2024-05-29,sbs,2025-11-09
54599850,37,Otro,Lima,Recurrente,2024-03-14,sbs,2025-11-09
30930333,19,Masculino,Lima,Recurrente,2023-02-13,sbs,2025-11-09
96884510,69,Femenino,Piura,Nuevo,2024-08-23,sbs,2025-11-09
53752119,32,Masculino,Chiclayo,Nuevo,2023-04-29,sbs,2025-11-09
74495536,38,Masculino,Chiclayo,Nuevo,2023-12-15,sbs,2025-11-09
84564128,20,Otro,Chiclayo,Nuevo,2024-03-11,sbs,2025-11-09
79767584,65,Masculino,Lima,Nuevo,2023-10-19,sbs,2025-11-09
29337067,51,Otro,Arequipa,Nuevo,2024-05-17,sbs,2025-11-09
49281259,49,Otro,Chiclayo,Nuevo,2024-03-27,sbs,2025-11-09
59163162,59,Femenino,Chiclayo,Recurrente,2023-05-13,sbs,2025-11-09
38071746,50,Otro,Chiclayo,Recurrente,2023-10-22,sbs,2025-11-09
82929177,22,Otro,Chiclayo,Recurrente,2023-06-27,sbs,2025-11-09
26951084,69,Masculino,Chiclayo,Nuevo,2023-03-06,sbs,2025-11-09
94142699,30,Otro,Chiclayo,Recurrente,2023-01-08,sbs,2025-11-09
22059594,37,Otro,Lima,Nuevo,2023-01-09,sbs,2025-11-09
37374649,51,Masculino,Arequipa,Nuevo,2023-06-13,sbs,2025-11-09
32153862,63,Otro,Arequipa,Nuevo,2024-06-29,sbs,2025-11-09
99275902,67,Femenino,Arequipa,Nuevo,2023-03-31,sbs,2025-11-09
72312114,47,Masculino,Chiclayo,Recurrente,2024-05-06,sbs,2025-11-09
74939013,38,Femenino,Piura,Nuevo,2023-09-30,sbs,2025-11-09
53679044,26,Femenino,Chiclayo,Recurrente,2023-02-03,sbs,2025-11-09
61326574,27,Otro,Lima,Nuevo,2024-04-09,sbs,2025-11-09
17126486,60,Otro,Chiclayo,Recurrente,2024-02-06,sbs,2025-11-09
33561787,53,Masculino,Arequipa,Recurrente,2024-04-25,sbs,2025-11-09
85763872,22,Femenino,Chiclayo,Nuevo,2023-08-11,sbs,2025-11-09
53731170,59,Otro,Chiclayo,Recurrente,2023-01-30,sbs,2025-11-09
92518294,29,Masculino,Chiclayo,Nuevo,2024-08-03,sbs,2025-11-09
67324398,31,Otro,Arequipa,Recurrente,2023-04-14,sbs,2025-11-09
41711899,69,Femenino,Cusco,Nuevo,2023-11-07,sbs,2025-11-09
53634520,53,Otro,Chiclayo,Nuevo,2023-06-20,sbs,2025-11-09
37271231,59,Femenino,Chiclayo,Recurrente,2024-07-07,sbs,2025-11-09
75646323,38,Otro,Piura,Nuevo,2023-05-06,sbs,2025-11-09
39375700,64,Otro,Arequipa,Recurrente,2024-05-19,sbs,2025-11-09
86644190,28,Femenino,Piura,Nuevo,2023-01-21,sbs,2025-11-09
92035598,39,Femenino,Piura,Nuevo,2024-05-25,sbs,2025-11-09
91014816,63,Otro,Lima,Nuevo,2024-04-02,sbs,2025-11-09
33398252,70,Otro,Arequipa,Nuevo,2024-08-07,sbs,2025-11-09
99485713,46,Masculino,Chiclayo,Nuevo,2023-09-10,sbs,2025-11-09
38754429,56,Femenino,Cusco,Recurrente,2023-04-26,sbs,2025-11-09
79651607,49,Otro,Piura,Nuevo,2024-07-25,sbs,2025-11-09
28081314,33,Masculino,Chiclayo,Nuevo,2023-04-11,sbs,2025-11-09
83548560,68,Femenino,Arequipa,Recurrente,2023-02-25,sbs,2025-11-09
84384809,30,Masculino,Lima,Recurrente,2023-09-29,sbs,2025-11-09
86359325,49,Otro,Arequipa,Nuevo,2024-06-02,sbs,2025-11-09
99569919,46,Femenino,Chiclayo,Recurrente,2024-01-17,sbs,2025-11-09
62928192,50,Femenino,Chiclayo,Nuevo,2024-07-01,sbs,2025-11-09
41713949,21,Masculino,Chiclayo,Nuevo,2023-11-06,sbs,2025-11-09
53048207,42,Otro,Lima,Recurrente,2024-08-10,sbs,2025-11-09
38192623,25,Femenino,Lima,Nuevo,2023-06-16,sbs,2025-11-09
96290143,64,Otro,Lima,Nuevo,2023-06-02,sbs,2025-11-09
22411792,54,Masculino,Cusco,Recurrente,2023-01-25,sbs,2025-11-09
35884060,37,Masculino,Arequipa,Nuevo,2024-06-07,sbs,2025-11-09
65778794,21,Otro,Chiclayo,Recurrente,2024-08-13,sbs,2025-11-09
22472749,48,Masculino,Chiclayo,Recurrente,2024-05-26,sbs,2025-11-09
30372558,56,Masculino,Chiclayo,Nuevo,2023-06-04,sbs,2025-11-09
65044235,25,Masculino,Chiclayo,Nuevo,2024-04-16,sbs,2025-11-09
25560384,47,Otro,Chiclayo,Nuevo,2023-04-02,sbs,2025-11-09
15617162,25,Femenino,Arequipa,Nuevo,2023-07-05,sbs,2025-11-09
98814242,25,Otro,Lima,Nuevo,2023-12-18,sbs,2025-11-09
93614156,65,Otro,Arequipa,Recurrente,2023-07-22,sbs,2025-11-09
35829473,65,Otro,Chiclayo,Nuevo,2024-08-08,sbs,2025-11-09
98628961,45,Femenino,Piura,Nuevo,2023-01-14,sbs,2025-11-09
30083236,29,Femenino,Piura,Recurrente,2023-04-17,sbs,2025-11-09
13048008,66,Femenino,Chiclayo,Nuevo,2023-10-19,sbs,2025-11-09
55252261,68,Otro,Arequipa,Nuevo,2023-05-24,sbs,2025-11-09
90037153,18,Otro,Piura,Recurrente,2023-06-03,sbs,2025-11-09
59221290,36,Femenino,Chiclayo,Nuevo,2023-07-18,sbs,2025-11-09
97933602,40,Otro,Arequipa,Recurrente,2023-03-09,sbs,2025-11-09
88310524,18,Masculino,Cusco,Nuevo,2023-05-12,sbs,2025-11-09
25924978,49,Masculino,Lima,Nuevo,2024-04-09,sbs,2025-11-09
83778810,27,Femenino,Chiclayo,Nuevo,2024-01-03,sbs,2025-11-09
38455850,38,Otro,Piura,Nuevo,2023-05-14,sbs,2025-11-09
13442087,19,Femenino,Lima,Recurrente,2023-06-09,sbs,2025-11-09
92443394,27,Femenino,Lima,Nuevo,2024-01-06,sbs,2025-11-09
18094532,28,Femenino,Chiclayo,Nuevo,2023-10-12,sbs,2025-11-09
67877622,28,Otro,Cusco,Nuevo,2023-03-29,sbs,2025-11-09
26976230,45,Otro,Lima,Nuevo,2023-05-14,sbs,2025-11-09
31286722,36,Otro,Lima,Nuevo,2023-09-25,sbs,2025-11-09
14346370,70,Otro,Lima,Nuevo,2023-10-20,sbs,2025-11-09
64430657,33,Masculino,Lima,Nuevo,2024-01-07,sbs,2025-11-09
93605083,49,Otro,Arequipa,Nuevo,2023-11-12,sbs,2025-11-09
59924941,22,Femenino,Arequipa,Nuevo,2023-12-23,sbs,2025-11-09
74366996,36,Femenino,Chiclayo,Recurrente,2023-09-15,sbs,2025-11-09
24839143,24,Masculino,Piura,Nuevo,2023-01-03,sbs,2025-11-09
26460035,20,Otro,Lima,Recurrente,2024-06-10,sbs,2025-11-09
84335596,20,Masculino,Lima,Recurrente,2024-02-27,sbs,2025-11-09
75630349,32,Masculino,Arequipa,Nuevo,2023-04-03,sbs,2025-11-09
79370691,28,Femenino,Cusco,Nuevo,2023-01-14,sbs,2025-11-09
89557206,24,Otro,Piura,Nuevo,2023-06-01,sbs,2025-11-09
72203922,19,Otro,Lima,Recurrente,2023-03-04,sbs,2025-11-09
23645439,23,Masculino,Cusco,Nuevo,2024-04-08,sbs,2025-11-09
20698169,33,Masculino,Arequipa,Recurrente,2023-12-07,sbs,2025-11-09
76039568,21,Femenino,Piura,Recurrente,2023-10-10,sbs,2025-11-09
13327277,37,Masculino,Arequipa,Nuevo,2023-07-21,sbs,2025-11-09
80883378,19,Otro,Arequipa,Nuevo,2024-06-28,sbs,2025-11-09
90015279,61,Femenino,Arequipa,Nuevo,2024-03-15,sbs,2025-11-09
10733725,34,Femenino,Lima,Nuevo,2024-07-28,sbs,2025-11-09
68985501,39,Masculino,Chiclayo,Nuevo,2023-06-10,sbs,2025-11-09
20594263,34,Femenino,Arequipa,Nuevo,2023-06-02,sbs,2025-11-09
73753876,40,Otro,Lima,Nuevo,2023-05-22,sbs,2025-11-09
65674053,19,Masculino,Lima,Recurrente,2024-02-17,sbs,2025-11-09
19101470,45,Masculino,Piura,Recurrente,2023-01-26,sbs,2025-11-09
99461018,68,Masculino,Lima,Nuevo,2024-05-12,sbs,2025-11-09
88593150,47,Masculino,Piura,Nuevo,2023-09-26,sbs,2025-11-09
94701395,33,Otro,Cusco,Nuevo,2024-07-30,sbs,2025-11-09
99618476,62,Femenino,Cusco,Nuevo,2023-09-13,sbs,2025-11-09
44295540,63,Masculino,Piura,Recurrente,2023-02-13,sbs,2025-11-09
96783043,57,Otro,Cusco,Nuevo,2023-11-01,sbs,2025-11-09
76145774,56,Femenino,Arequipa,Recurrente,2024-06-25,sbs,2025-11-09
26143430,58,Masculino,Lima,Nuevo,2024-03-25,sbs,2025-11-09
23697646,70,Femenino,Arequipa,Nuevo,2023-10-27,sbs,2025-11-09
48474186,44,Femenino,Lima,Nuevo,2024-05-11,sbs,2025-11-09
41312845,21,Femenino,Arequipa,Nuevo,2023-09-12,sbs,2025-11-09
99889840,29,Femenino,Arequipa,Nuevo,2024-06-11,sbs,2025-11-09
91946119,55,Otro,Piura,Nuevo,2023-04-27,sbs,2025-11-09
32165081,46,Masculino,Lima,Recurrente,2023-09-28,sbs,2025-11-09
16842526,45,Otro,Chiclayo,Nuevo,2024-04-23,sbs,2025-11-09
21948440,50,Femenino,Cusco,Recurrente,2023-04-19,sbs,2025-11-09
94667848,44,Masculino,Chiclayo,Recurrente,2023-01-29,sbs,2025-11-09
21232457,69,Otro,Piura,Nuevo,2024-07-12,sbs,2025-11-09
88478843,33,Femenino,Cusco,Nuevo,2024-05-31,sbs,2025-11-09
13008243,46,Masculino,Lima,Nuevo,2024-03-31,sbs,2025-11-09
98783194,64,Otro,Cusco,Nuevo,2023-10-24,sbs,2025-11-09
44901404,50,Masculino,Lima,Recurrente,2024-02-13,sbs,2025-11-09
70571298,37,Otro,Chiclayo,Nuevo,2023-05-04,sbs,2025-11-09
86650083,40,Otro,Cusco,Recurrente,2023-08-27,sbs,2025-11-09
82356744,46,Otro,Piura,Nuevo,2023-01-12,sbs,2025-11-09
66208717,29,Masculino,Lima,Nuevo,2023-02-17,sbs,2025-11-09
35355653,48,Femenino,Arequipa,Recurrente,2023-07-04,sbs,2025-11-09
22281419,42,Otro,Lima,Nuevo,2024-02-17,sbs,2025-11-09
77066497,66,Otro,Lima,Recurrente,2024-06-07,sbs,2025-11-09
85120173,61,Otro,Piura,Recurrente,2024-03-09,sbs,2025-11-09
87657839,50,Masculino,Arequipa,Recurrente,2024-02-06,sbs,2025-11-09
40781126,60,Femenino,Lima,Nuevo,2023-12-30,sbs,2025-11-09
87977109,63,Masculino,Piura,Recurrente,2023-04-01,sbs,2025-11-09
84067785,45,Masculino,Piura,Nuevo,2024-05-21,sbs,2025-11-09
84918674,59,Masculino,Chiclayo,Nuevo,2024-07-20,sbs,2025-11-09
87985029,32,Femenino,Arequipa,Nuevo,2024-04-16,sbs,2025-11-09
91167742,69,Otro,Arequipa,Nuevo,2023-02-16,sbs,2025-11-09
61503459,44,Otro,Piura,Recurrente,2024-01-21,sbs,2025-11-09
13438797,52,Masculino,Piura,Recurrente,2024-03-15,sbs,2025-11-09
69585481,35,Femenino,Cusco,Nuevo,2023-03-08,sbs,2025-11-09
29104510,18,Masculino,Cusco,Nuevo,2024-01-31,sbs,2025-11-09
46939031,28,Femenino,Cusco,Recurrente,2024-02-21,sbs,2025-11-09
39796682,52,Otro,Chiclayo,Nuevo,2024-08-10,sbs,2025-11-09
40595207,35,Otro,Arequipa,Nuevo,2024-05-28,sbs,2025-11-09
63041305,57,Masculino,Arequipa,Nuevo,2023-09-22,sbs,2025-11-09
19146919,48,Masculino,Cusco,Nuevo,2024-08-12,sbs,2025-11-09
50251854,45,Masculino,Cusco,Recurrente,2023-04-02,sbs,2025-11-09
58016004,22,Masculino,Lima,Nuevo,2023-09-12,sbs,2025-11-09
64677550,60,Otro,Chiclayo,Recurrente,2023-07-29,sbs,2025-11-09
10056964,24,Masculino,Chiclayo,Nuevo,2024-02-22,sbs,2025-11-09
53113090,39,Masculino,Chiclayo,Nuevo,2023-09-18,sbs,2025-11-09
32222880,53,Otro,Lima,Nuevo,2023-01-23,sbs,2025-11-09
26719412,41,Femenino,Piura,Nuevo,2023-09-26,sbs,2025-11-09
35937389,57,Masculino,Arequipa,Nuevo,2023-02-02,sbs,2025-11-09
65887036,62,Femenino,Piura,Nuevo,2024-08-03,sbs,2025-11-09
18768924,43,Masculino,Arequipa,Recurrente,2024-05-10,sbs,2025-11-09
86938242,67,Otro,Chiclayo,Recurrente,2024-07-05,sbs,2025-11-09
63781664,66,Otro,Lima,Nuevo,2023-01-03,sbs,2025-11-09
69438450,47,Otro,Chiclayo,Nuevo,2023-03-23,sbs,2025-11-09
40396847,35,Femenino,Cusco,Recurrente,2023-04-18,sbs,2025-11-09
45571248,38,Otro,Chiclayo,Recurrente,2024-01-21,sbs,2025-11-09
88083792,52,Femenino,Cusco,Recurrente,2023-09-12,sbs,2025-11-09
78011234,43,Otro,Cusco,Nuevo,2023-11-16,sbs,2025-11-09
53933035,42,Otro,Piura,Recurrente,2023-04-03,sbs,2025-11-09
24850652,39,Otro,Piura,Recurrente,2023-02-20,sbs,2025-11-09
17863558,25,Otro,Chiclayo,Recurrente,2023-07-04,sbs,2025-11-09
15971136,61,Femenino,Piura,Nuevo,2024-01-26,sbs,2025-11-09
18303664,40,Masculino,Lima,Nuevo,2024-03-08,sbs,2025-11-09
63000670,32,Otro,Cusco,Recurrente,2024-07-22,sbs,2025-11-09
23422888,31,Femenino,Piura,Nuevo,2023-05-09,sbs,2025-11-09
60866227,50,Otro,Piura,Nuevo,2023-02-27,sbs,2025-11-09
50417354,49,Masculino,Lima,Nuevo,2024-08-09,sbs,2025-11-09
43583658,69,Masculino,Piura,Nuevo,2024-08-17,sbs,2025-11-09
46771858,29,Masculino,Piura,Recurrente,2024-01-20,sbs,2025-11-09
76773782,68,Otro,Cusco,Nuevo,2024-03-17,sbs,2025-11-09
31720358,44,Masculino,Piura,Recurrente,2023-09-26,sbs,2025-11-09
75770619,18,Femenino,Piura,Nuevo,2024-01-08,sbs,2025-11-09
86666528,66,Femenino,Piura,Nuevo,2023-01-30,sbs,2025-11-09
77970791,46,Femenino,Piura,Recurrente,2023-07-16,sbs,2025-11-09
59597432,69,Otro,Lima,Nuevo,2023-09-06,sbs,2025-11-09
66201522,34,Femenino,Arequipa,Recurrente,2023-07-08,sbs,2025-11-09
94909357,39,Otro,Piura,Nuevo,2024-02-11,sbs,2025-11-09
11228910,39,Otro,Cusco,Nuevo,2023-02-24,sbs,2025-11-09
25893296,62,Otro,Arequipa,Nuevo,2023-07-11,sbs,2025-11-09
67469612,29,Masculino,Piura,Nuevo,2024-04-07,sbs,2025-11-09
52413505,48,Otro,Arequipa,Nuevo,2023-05-18,sbs,2025-11-09
33740098,57,Masculino,Arequipa,Nuevo,2023-03-22,sbs,2025-11-09
43715633,35,Otro,Lima,Nuevo,2024-05-30,sbs,2025-11-09
82054847,52,Otro,Arequipa,Recurrente,2023-01-07,sbs,2025-11-09
74585618,18,Masculino,Arequipa,Nuevo,2024-02-10,sbs,2025-11-09
33204789,63,Femenino,Cusco,Nuevo,2023-03-23,sbs,2025-11-09
46667896,54,Otro,Piura,Nuevo,2023-01-14,sbs,2025-11-09
95710642,46,Masculino,Arequipa,Recurrente,2023-06-18,sbs,2025-11-09
32095445,69,Femenino,Lima,Nuevo,2023-04-24,sbs,2025-11-09
55922639,21,Masculino,Cusco,Nuevo,2024-05-05,sbs,2025-11-09
81442747,32,Femenino,Piura,Recurrente,2024-01-31,sbs,2025-11-09
59458666,21,Femenino,Cusco,Nuevo,2023-06-22,sbs,2025-11-09
84825320,34,Otro,Chiclayo,Nuevo,2023-05-07,sbs,2025-11-09
58590733,62,Masculino,Cusco,Nuevo,2023-09-17,sbs,2025-11-09
44153671,69,Femenino,Lima,Nuevo,2024-03-15,sbs,2025-11-09
55437962,37,Otro,Piura,Nuevo,2024-04-23,sbs,2025-11-09
24952346,65,Masculino,Chiclayo,Recurrente,2023-03-20,sbs,2025-11-09
48314592,26,Masculino,Chiclayo,Recurrente,2024-04-03,sbs,2025-11-09
93321027,67,Otro,Cusco,Recurrente,2024-05-18,sbs,2025-11-09
37686424,64,Masculino,Arequipa,Nuevo,2024-02-12,sbs,2025-11-09
75670749,33,Otro,Piura,Nuevo,2023-06-20,sbs,2025-11-09
82329391,28,Masculino,Chiclayo,Recurrente,2024-07-22,sbs,2025-11-09
57463440,42,Otro,Chiclayo,Recurrente,2024-05-01,sbs,2025-11-09
91435334,63,Masculino,Cusco,Nuevo,2023-03-10,sbs,2025-11-09
54151097,68,Femenino,Chiclayo,Recurrente,2023-09-19,sbs,2025-11-09
53620722,63,Otro,Chiclayo,Nuevo,2023-08-24,sbs,2025-11-09
93769170,64,Otro,Cusco,Recurrente,2023-10-01,sbs,2025-11-09
14800151,32,Femenino,Chiclayo,Recurrente,2023-01-13,sbs,2025-11-09
69128491,62,Otro,Lima,Nuevo,2024-02-10,sbs,2025-11-09
67040474,48,Otro,Piura,Nuevo,2023-03-10,sbs,2025-11-09
45118439,40,Masculino,Piura,Nuevo,2024-01-04,sbs,2025-11-09
81817250,34,Femenino,Lima,Recurrente,2023-08-04,sbs,2025-11-09
70443135,41,Otro,Lima,Nuevo,2023-08-11,sbs,2025-11-09
42336213,63,Otro,Lima,Nuevo,2023-11-25,sbs,2025-11-09
77422829,59,Otro,Lima,Nuevo,2024-04-12,sbs,2025-11-09
93496702,50,Otro,Piura,Recurrente,2024-01-31,sbs,2025-11-09
79054009,54,Otro,Arequipa,Recurrente,2024-06-24,sbs,2025-11-09
74591054,67,Masculino,Cusco,Nuevo,2023-11-19,sbs,2025-11-09
46807983,55,Otro,Chiclayo,Recurrente,2023-04-18,sbs,2025-11-09
14889442,46,Otro,Chiclayo,Nuevo,2023-08-27,sbs,2025-11-09
43907858,69,Masculino,Cusco,Nuevo,2024-01-26,sbs,2025-11-09
97066702,29,Femenino,Chiclayo,Recurrente,2024-07-24,sbs,2025-11-09
41979677,32,Otro,Arequipa,Nuevo,2023-08-30,sbs,2025-11-09
77104727,54,Masculino,Chiclayo,Recurrente,2024-07-16,sbs,2025-11-09
38197836,19,Femenino,Chiclayo,Recurrente,2024-08-03,sbs,2025-11-09
84765427,29,Otro,Cusco,Recurrente,2024-08-14,sbs,2025-11-09
12000224,31,Masculino,Chiclayo,Nuevo,2023-04-30,sbs,2025-11-09
18459845,29,Masculino,Chiclayo,Recurrente,2023-01-17,sbs,2025-11-09
25383275,62,Otro,Arequipa,Nuevo,2024-01-24,sbs,2025-11-09
74538117,20,Masculino,Cusco,Recurrente,2024-07-25,sbs,2025-11-09
49657541,63,Femenino,Lima,Nuevo,2023-03-27,sbs,2025-11-09
18282820,30,Femenino,Arequipa,Recurrente,2023-10-23,sbs,2025-11-09
97224832,64,Masculino,Cusco,Nuevo,2023-11-23,sbs,2025-11-09
74771844,33,Otro,Lima,Nuevo,2023-02-18,sbs,2025-11-09
52260040,35,Femenino,Cusco,Nuevo,2023-07-19,sbs,2025-11-09
14680066,37,Femenino,Cusco,Nuevo,2023-04-11,sbs,2025-11-09
34478552,18,Masculino,Lima,Nuevo,2024-02-18,sbs,2025-11-09
68724936,18,Femenino,Piura,Recurrente,2024-01-24,sbs,2025-11-09
68507072,22,Femenino,Lima,Recurrente,2023-02-17,sbs,2025-11-09
19908724,45,Otro,Arequipa,Nuevo,2023-04-05,sbs,2025-11-09
21615436,18,Otro,Arequipa,Recurrente,2023-11-03,sbs,2025-11-09
69998135,63,Masculino,Chiclayo,Recurrente,2023-01-02,sbs,2025-11-09
93028933,52,Femenino,Lima,Nuevo,2023-10-03,sbs,2025-11-09
85389807,48,Masculino,Cusco,Nuevo,2024-01-12,sbs,2025-11-09
49487002,66,Masculino,Arequipa,Nuevo,2023-07-27,sbs,2025-11-09
85779559,53,Masculino,Arequipa,Nuevo,2024-08-04,sbs,2025-11-09
12070527,57,Femenino,Chiclayo,Nuevo,2024-04-15,sbs,2025-11-09
79798454,51,Masculino,Cusco,Nuevo,2024-07-22,sbs,2025-11-09
92458705,58,Otro,Lima,Nuevo,2024-05-11,sbs,2025-11-09
34241075,22,Femenino,Lima,Nuevo,2024-03-15,sbs,2025-11-09
13137155,41,Femenino,Lima,Nuevo,2024-01-22,sbs,2025-11-09
27810833,62,Otro,Chiclayo,Nuevo,2023-03-31,sbs,2025-11-09
87485535,45,Otro,Piura,Nuevo,2024-06-18,sbs,2025-11-09
84262134,53,Masculino,Arequipa,Nuevo,2023-03-22,sbs,2025-11-09
71872428,18,Otro,Piura,Recurrente,2023-03-16,sbs,2025-11-09
71816745,41,Femenino,Cusco,Nuevo,2023-05-01,sbs,2025-11-09
75535530,49,Femenino,Piura,Recurrente,2023-05-22,sbs,2025-11-09
22961673,36,Femenino,Cusco,Nuevo,2023-03-18,sbs,2025-11-09
91678422,52,Otro,Cusco,Nuevo,2023-04-05,sbs,2025-11-09
45738306,63,Otro,Arequipa,Recurrente,2024-03-22,sbs,2025-11-09
54864614,29,Masculino,Chiclayo,Nuevo,2024-05-03,sbs,2025-11-09
59182925,50,Otro,Lima,Nuevo,2023-09-28,sbs,2025-11-09
49412831,35,Masculino,Lima,Recurrente,2023-12-21,sbs,2025-11-09
26967677,41,Femenino,Lima,Nuevo,2024-06-01,sbs,2025-11-09
76698823,18,Otro,Chiclayo,Nuevo,2024-01-11,sbs,2025-11-09
18505287,18,Otro,Cusco,Nuevo,2023-02-20,sbs,2025-11-09
65030442,58,Femenino,Chiclayo,Recurrente,2023-12-17,sbs,2025-11-09
47372406,35,Masculino,Arequipa,Nuevo,2023-05-20,sbs,2025-11-09
92010594,48,Masculino,Cusco,Nuevo,2024-07-27,sbs,2025-11-09
75159326,38,Otro,Piura,Nuevo,2023-04-02,sbs,2025-11-09
70750160,51,Otro,Cusco,Nuevo,2023-09-26,sbs,2025-11-09
62275935,33,Masculino,Chiclayo,Recurrente,2023-03-16,sbs,2025-11-09
57168440,52,Femenino,Lima,Nuevo,2023-03-02,sbs,2025-11-09
59902352,53,Otro,Lima,Nuevo,2024-08-11,sbs,2025-11-09
98172626,18,Otro,Chiclayo,Recurrente,2023-04-22,sbs,2025-11-09
58684436,23,Femenino,Chiclayo,Nuevo,2023-02-14,sbs,2025-11-09
36791143,32,Femenino,Lima,Recurrente,2023-05-20,sbs,2025-11-09
89678144,20,Masculino,Arequipa,Nuevo,2024-03-16,sbs,2025-11-09
44416872,38,Otro,Lima,Nuevo,2024-05-10,sbs,2025-11-09
51910609,62,Otro,Lima,Recurrente,2024-08-10,sbs,2025-11-09
96685825,53,Otro,Piura,Recurrente,2023-08-21,sbs,2025-11-09
86918079,27,Otro,Cusco,Nuevo,2024-07-22,sbs,2025-11-09
47450576,31,Femenino,Piura,Nuevo,2023-09-21,sbs,2025-11-09
93806250,48,Masculino,Arequipa,Recurrente,2023-04-01,sbs,2025-11-09
37136755,68,Otro,Cusco,Recurrente,2024-04-30,sbs,2025-11-09
14767638,69,Femenino,Cusco,Nuevo,2023-03-14,sbs,2025-11-09
99118938,34,Femenino,Lima,Nuevo,2024-07-28,sbs,2025-11-09
72850412,57,Femenino,Chiclayo,Recurrente,2023-03-12,sbs,2025-11-09
42474862,36,Masculino,Piura,Nuevo,2024-06-20,sbs,2025-11-09
46642579,39,Masculino,Arequipa,Nuevo,2024-02-20,sbs,2025-11-09
36005508,52,Femenino,Lima,Recurrente,2024-04-03,sbs,2025-11-09
50208372,55,Otro,Chiclayo,Recurrente,2023-09-15,sbs,2025-11-09
52670431,52,Otro,Chiclayo,Nuevo,2023-07-01,sbs,2025-11-09
64477927,69,Masculino,Arequipa,Recurrente,2023-11-02,sbs,2025-11-09
69796155,26,Otro,Lima,Nuevo,2023-02-24,sbs,2025-11-09
58332620,70,Femenino,Piura,Recurrente,2024-02-07,sbs,2025-11-09
63293282,46,Otro,Piura,Nuevo,2024-01-08,sbs,2025-11-09
89734272,28,Masculino,Cusco,Nuevo,2023-01-10,sbs,2025-11-09
24380105,20,Otro,Piura,Recurrente,2023-11-29,sbs,2025-11-09
41349369,20,Femenino,Piura,Recurrente,2023-04-15,sbs,2025-11-09
62063088,24,Masculino,Lima,Nuevo,2024-06-03,sbs,2025-11-09
69751747,24,Otro,Lima,Nuevo,2023-10-30,sbs,2025-11-09
32574091,61,Femenino,Lima,Recurrente,2023-07-01,sbs,2025-11-09
41381157,58,Masculino,Arequipa,Recurrente,2024-01-15,sbs,2025-11-09
21098866,38,Femenino,Lima,Recurrente,2023-01-01,sbs,2025-11-09
85952511,60,Masculino,Chiclayo,Nuevo,2023-11-18,sbs,2025-11-09
16814758,40,Masculino,Lima,Nuevo,2024-03-03,sbs,2025-11-09
56576842,23,Femenino,Lima,Nuevo,2023-07-07,sbs,2025-11-09
14293708,69,Otro,Cusco,Nuevo,2023-12-14,sbs,2025-11-09
23407419,46,Femenino,Lima,Recurrente,2024-05-19,sbs,2025-11-09
89854240,66,Femenino,Chiclayo,Recurrente,2024-04-19,sbs,2025-11-09
96424580,53,Masculino,Piura,Recurrente,2024-01-10,sbs,2025-11-09
48633985,19,Masculino,Lima,Nuevo,2024-02-07,sbs,2025-11-09
37281556,61,Otro,Chiclayo,Recurrente,2023-01-13,sbs,2025-11-09
26919017,62,Otro,Lima,Nuevo,2023-12-23,sbs,2025-11-09
18644892,20,Masculino,Arequipa,Nuevo,2023-10-19,sbs,2025-11-09
39713306,22,Otro,Piura,Nuevo,2023-04-07,sbs,2025-11-09
83208168,59,Femenino,Cusco,Nuevo,2023-06-28,sbs,2025-11-09
55696789,40,Femenino,Chiclayo,Recurrente,2024-08-03,sbs,2025-11-09
17962450,27,Masculino,Piura,Nuevo,2023-02-04,sbs,2025-11-09
96453037,44,Femenino,Cusco,Recurrente,2023-01-14,sbs,2025-11-09
17890635,19,Femenino,Cusco,Nuevo,2024-07-14,sbs,2025-11-09
45268115,22,Otro,Arequipa,Recurrente,2024-05-03,sbs,2025-11-09
45843633,20,Otro,Chiclayo,Recurrente,2024-05-27,sbs,2025-11-09
98880638,62,Otro,Chiclayo,Recurrente,2023-08-12,sbs,2025-11-09
40202787,30,Otro,Piura,Nuevo,2024-01-19,sbs,2025-11-09
31095743,19,Masculino,Arequipa,Nuevo,2024-01-22,sbs,2025-11-09
11483668,39,Femenino,Lima,Nuevo,2023-12-23,sbs,2025-11-09
44239462,22,Femenino,Chiclayo,Recurrente,2023-11-17,sbs,2025-11-09
82106986,26,Femenino,Chiclayo,Nuevo,2024-04-15,sbs,2025-11-09
98783880,34,Masculino,Cusco,Nuevo,2023-07-11,sbs,2025-11-09
51300844,54,Otro,Chiclayo,Nuevo,2023-08-15,sbs,2025-11-09
86680961,39,Masculino,Lima,Nuevo,2023-02-02,sbs,2025-11-09
57804260,20,Otro,Arequipa,Recurrente,2023-02-17,sbs,2025-11-09
78509660,33,Masculino,Cusco,Nuevo,2024-02-28,sbs,2025-11-09
21863001,34,Masculino,Lima,Nuevo,2023-04-30,sbs,2025-11-09
92713862,42,Femenino,Arequipa,Nuevo,2023-05-20,sbs,2025-11-09
54839860,18,Femenino,Piura,Recurrente,2024-04-12,sbs,2025-11-09
70552007,66,Otro,Cusco,Recurrente,2024-07-10,sbs,2025-11-09
51833635,38,Otro,Chiclayo,Nuevo,2024-03-09,sbs,2025-11-09
66248001,28,Femenino,Lima,Nuevo,2023-09-04,sbs,2025-11-09
71414425,60,Masculino,Lima,Recurrente,2023-05-25,sbs,2025-11-09
72001039,41,Femenino,Cusco,Nuevo,2023-09-19,sbs,2025-11-09
25372552,47,Masculino,Cusco,Nuevo,2024-03-31,sbs,2025-11-09
10821305,23,Femenino,Chiclayo,Nuevo,2024-07-17,sbs,2025-11-09
23284153,29,Masculino,Arequipa,Recurrente,2023-06-22,sbs,2025-11-09
26709159,59,Otro,Chiclayo,Nuevo,2024-06-21,sbs,2025-11-09
85905949,51,Otro,Arequipa,Recurrente,2024-01-10,sbs,2025-11-09
68590128,24,Femenino,Lima,Recurrente,2024-05-30,sbs,2025-11-09
20945862,31,Otro,Piura,Nuevo,2024-07-17,sbs,2025-11-09
73142083,64,Otro,Piura,Nuevo,2024-04-19,sbs,2025-11-09
15966926,28,Otro,Lima,Nuevo,2024-06-13,sbs,2025-11-09
81803531,63,Masculino,Piura,Recurrente,2024-05-05,sbs,2025-11-09
83482715,66,Otro,Cusco,Recurrente,2023-03-10,sbs,2025-11-09
74369730,42,Otro,Chiclayo,Nuevo,2024-08-18,sbs,2025-11-09
17169970,29,Otro,Piura,Nuevo,2023-11-15,sbs,2025-11-09
31812203,60,Masculino,Cusco,Nuevo,2024-05-03,sbs,2025-11-09
82028558,18,Masculino,Chiclayo,Nuevo,2023-10-29,sbs,2025-11-09
17940265,26,Otro,Chiclayo,Nuevo,2023-06-09,sbs,2025-11-09
97890289,34,Masculino,Piura,Nuevo,2023-10-13,sbs,2025-11-09
24724522,31,Otro,Chiclayo,Recurrente,2024-06-21,sbs,2025-11-09
11370078,22,Femenino,Piura,Nuevo,2023-07-20,sbs,2025-11-09
16805868,61,Masculino,Lima,Nuevo,2023-08-01,sbs,2025-11-09
27526755,35,Otro,Chiclayo,Nuevo,2023-05-15,sbs,2025-11-09
23856023,63,Femenino,Arequipa,Nuevo,2023-05-11,sbs,2025-11-09
77556899,33,Femenino,Chiclayo,Nuevo,2023-05-14,sbs,2025-11-09
44019584,23,Femenino,Piura,Recurrente,2024-02-21,sbs,2025-11-09
56229195,43,Masculino,Lima,Recurrente,2023-02-28,sbs,2025-11-09
71326503,63,Otro,Chiclayo,Recurrente,2024-03-26,sbs,2025-11-09
92021157,47,Femenino,Arequipa,Recurrente,2023-04-09,sbs,2025-11-09
97477918,52,Masculino,Chiclayo,Recurrente,2023-01-24,sbs,2025-11-09
73038907,28,Otro,Lima,Nuevo,2023-03-17,sbs,2025-11-09
88120126,37,Femenino,Cusco,Nuevo,2023-06-12,sbs,2025-11-09
45389275,65,Otro,Chiclayo,Nuevo,2023-01-30,sbs,2025-11-09
93226902,33,Otro,Cusco,Recurrente,2023-03-10,sbs,2025-11-09
37249427,42,Femenino,Chiclayo,Nuevo,2023-03-25,sbs,2025-11-09
59243476,25,Femenino,Arequipa,Nuevo,2023-02-27,sbs,2025-11-09
62781957,43,Otro,Piura,Recurrente,2024-03-03,sbs,2025-11-09
30531509,47,Masculino,Arequipa,Nuevo,2024-02-08,sbs,2025-11-09
58542593,23,Otro,Cusco,Recurrente,2024-01-06,sbs,2025-11-09
50332842,21,Femenino,Cusco,Nuevo,2023-09-18,sbs,2025-11-09
36353271,59,Masculino,Arequipa,Recurrente,2024-02-05,sbs,2025-11-09
86175658,61,Femenino,Cusco,Recurrente,2023-08-19,sbs,2025-11-09
32451247,44,Femenino,Lima,Nuevo,2024-01-21,sbs,2025-11-09
28077736,47,Masculino,Chiclayo,Recurrente,2024-01-30,sbs,2025-11-09
44323019,45,Masculino,Lima,Nuevo,2023-05-31,sbs,2025-11-09
97851680,31,Femenino,Chiclayo,Recurrente,2023-12-18,sbs,2025-11-09
23611269,53,Otro,Piura,Nuevo,2023-06-04,sbs,2025-11-09
81645549,61,Otro,Cusco,Nuevo,2023-02-10,sbs,2025-11-09
93587401,65,Femenino,Cusco,Recurrente,2023-04-11,sbs,2025-11-09
98317278,44,Masculino,Chiclayo,Recurrente,2023-03-28,sbs,2025-11-09
85122416,56,Otro,Arequipa,Nuevo,2023-07-25,sbs,2025-11-09
71865387,39,Masculino,Chiclayo,Recurrente,2023-10-16,sbs,2025-11-09
40187291,29,Femenino,Lima,Nuevo,2023-08-30,sbs,2025-11-09
42331122,33,Femenino,Chiclayo,Recurrente,2023-02-05,sbs,2025-11-09
77042862,22,Masculino,Piura,Recurrente,2024-06-25,sbs,2025-11-09
59633035,43,Masculino,Piura,Recurrente,2023-10-01,sbs,2025-11-09
46045914,47,Otro,Arequipa,Recurrente,2024-07-31,sbs,2025-11-09
95325945,49,Femenino,Arequipa,Nuevo,2023-10-02,sbs,2025-11-09
59757038,39,Masculino,Piura,Recurrente,2024-03-23,sbs,2025-11-09
61312479,54,Femenino,Piura,Nuevo,2024-05-29,sbs,2025-11-09
26974940,69,Masculino,Arequipa,Nuevo,2023-10-15,sbs,2025-11-09
81871771,23,Masculino,Piura,Nuevo,2023-01-23,sbs,2025-11-09
78188722,62,Masculino,Cusco,Nuevo,2023-11-10,sbs,2025-11-09
53365278,23,Femenino,Chiclayo,Recurrente,2023-05-27,sbs,2025-11-09
69952950,68,Femenino,Cusco,Nuevo,2023-11-06,sbs,2025-11-09
28348753,29,Masculino,Chiclayo,Nuevo,2023-10-10,sbs,2025-11-09
34372953,33,Femenino,Cusco,Recurrente,2023-09-30,sbs,2025-11-09
97330798,42,Masculino,Piura,Nuevo,2023-09-29,sbs,2025-11-09
65761575,52,Otro,Chiclayo,Nuevo,2023-06-11,sbs,2025-11-09
38654272,70,Masculino,Piura,Recurrente,2023-11-13,sbs,2025-11-09
98286472,63,Masculino,Arequipa,Nuevo,2023-08-14,sbs,2025-11-09
14024877,67,Femenino,Chiclayo,Nuevo,2023-01-19,sbs,2025-11-09
57817462,52,Otro,Lima,Nuevo,2024-06-27,sbs,2025-11-09
69946219,28,Masculino,Lima,Nuevo,2024-07-16,sbs,2025-11-09
58687226,23,Otro,Piura,Nuevo,2023-08-03,sbs,2025-11-09
68108970,70,Otro,Piura,Recurrente,2023-06-30,sbs,2025-11-09
16524247,50,Femenino,Piura,Nuevo,2024-05-25,sbs,2025-11-09
96987146,25,Femenino,Chiclayo,Nuevo,2023-06-17,sbs,2025-11-09
55826915,70,Otro,Lima,Recurrente,2024-02-25,sbs,2025-11-09
70796114,65,Masculino,Chiclayo,Recurrente,2024-04-18,sbs,2025-11-09
64591401,26,Otro,Arequipa,Nuevo,2023-11-28,sbs,2025-11-09
18314171,30,Masculino,Arequipa,Nuevo,2023-10-13,sbs,2025-11-09
82076248,59,Masculino,Piura,Recurrente,2024-03-25,sbs,2025-11-09
98353556,22,Masculino,Piura,Nuevo,2024-06-15,sbs,2025-11-09
33915102,20,Masculino,Lima,Recurrente,2024-05-10,sbs,2025-11-09
72158202,64,Masculino,Lima,Nuevo,2023-11-24,sbs,2025-11-09
40428388,60,Masculino,Lima,Nuevo,2023-11-05,sbs,2025-11-09
63418120,54,Otro,Lima,Recurrente,2023-08-11,sbs,2025-11-09
14708670,51,Otro,Lima,Nuevo,2023-06-18,sbs,2025-11-09
57119069,30,Masculino,Chiclayo,Nuevo,2023-12-21,sbs,2025-11-09
13595556,63,Masculino,Cusco,Recurrente,2023-06-30,sbs,2025-11-09
43035177,56,Otro,Chiclayo,Nuevo,2024-05-11,sbs,2025-11-09
98486242,40,Masculino,Piura,Recurrente,2023-12-27,sbs,2025-11-09
95890840,61,Masculino,Chiclayo,Nuevo,2023-06-04,sbs,2025-11-09
80090170,62,Femenino,Chiclayo,Recurrente,2023-07-14,sbs,2025-11-09
73576443,56,Otro,Chiclayo,Nuevo,2024-01-08,sbs,2025-11-09
27341287,62,Otro,Chiclayo,Recurrente,2023-08-19,sbs,2025-11-09
14665196,32,Femenino,Arequipa,Nuevo,2023-12-25,sbs,2025-11-09
71621333,48,Femenino,Lima,Recurrente,2024-07-18,sbs,2025-11-09
26212584,20,Otro,Chiclayo,Nuevo,2024-05-24,sbs,2025-11-09
61154803,66,Otro,Chiclayo,Recurrente,2023-07-24,sbs,2025-11-09
63207360,20,Masculino,Lima,Nuevo,2023-06-09,sbs,2025-11-09
85191544,24,Femenino,Cusco,Nuevo,2024-07-25,sbs,2025-11-09
99418620,58,Masculino,Lima,Recurrente,2024-05-19,sbs,2025-11-09
81690032,68,Otro,Arequipa,Recurrente,2023-09-26,sbs,2025-11-09
45253038,34,Femenino,Arequipa,Nuevo,2024-03-29,sbs,2025-11-09
30503941,26,Masculino,Chiclayo,Recurrente,2023-08-10,sbs,2025-11-09
91527632,27,Masculino,Cusco,Nuevo,2023-04-19,sbs,2025-11-09
30707513,36,Femenino,Chiclayo,Nuevo,2024-08-02,sbs,2025-11-09
64361854,63,Otro,Chiclayo,Nuevo,2023-12-29,sbs,2025-11-09
38328468,21,Femenino,Chiclayo,Recurrente,2023-12-12,sbs,2025-11-09
95286200,41,Otro,Lima,Recurrente,2023-09-06,sbs,2025-11-09
18948174,68,Otro,Arequipa,Recurrente,2023-09-08,sbs,2025-11-09
76005098,59,Masculino,Cusco,Nuevo,2024-02-11,sbs,2025-11-09
40751318,35,Masculino,Chiclayo,Nuevo,2023-11-19,sbs,2025-11-09
29930950,53,Femenino,Lima,Recurrente,2023-11-28,sbs,2025-11-09
33422977,18,Otro,Lima,Nuevo,2024-01-30,sbs,2025-11-09
99116571,43,Otro,Lima,Nuevo,2023-10-21,sbs,2025-11-09
98161045,43,Masculino,Cusco,Recurrente,2024-04-29,sbs,2025-11-09
73906952,41,Femenino,Lima,Nuevo,2023-10-11,sbs,2025-11-09
33391451,20,Femenino,Piura,Nuevo,2023-03-16,sbs,2025-11-09
45925808,58,Otro,Lima,Nuevo,2024-03-14,sbs,2025-11-09
54284913,22,Masculino,Cusco,Recurrente,2023-12-17,sbs,2025-11-09
87340546,45,Femenino,Lima,Nuevo,2023-04-04,sbs,2025-11-09
70513308,64,Femenino,Cusco,Recurrente,2023-11-25,sbs,2025-11-09
74043381,53,Femenino,Piura,Recurrente,2023-03-03,sbs,2025-11-09
68330593,69,Masculino,Chiclayo,Nuevo,2023-06-22,sbs,2025-11-09
22897516,28,Otro,Lima,Nuevo,2024-05-23,sbs,2025-11-09
37083170,26,Otro,Lima,Nuevo,2023-03-17,sbs,2025-11-09
72110248,54,Masculino,Arequipa,Recurrente,2024-02-18,sbs,2025-11-09
80225378,52,Otro,Arequipa,Nuevo,2024-08-02,sbs,2025-11-09
74944298,48,Masculino,Lima,Nuevo,2024-05-17,sbs,2025-11-09
27696823,32,Masculino,Cusco,Recurrente,2023-07-09,sbs,2025-11-09
71791460,46,Otro,Arequipa,Recurrente,2023-01-29,sbs,2025-11-09
93434765,39,Otro,Cusco,Recurrente,2024-07-01,sbs,2025-11-09
95550709,48,Otro,Cusco,Nuevo,2023-08-31,sbs,2025-11-09
37248252,31,Otro,Cusco,Recurrente,2023-11-13,sbs,2025-11-09
54132892,25,Otro,Lima,Nuevo,2024-01-27,sbs,2025-11-09
95487860,37,Masculino,Lima,Recurrente,2024-08-15,sbs,2025-11-09
31278817,39,Masculino,Chiclayo,Nuevo,2023-02-16,sbs,2025-11-09
56856138,25,Otro,Lima,Nuevo,2023-01-25,sbs,2025-11-09
95910603,49,Femenino,Piura,Recurrente,2024-07-30,sbs,2025-11-09
10159801,47,Femenino,Arequipa,Nuevo,2023-02-21,sbs,2025-11-09
51498353,26,Femenino,Cusco,Nuevo,2023-11-10,sbs,2025-11-09
86825671,52,Otro,Arequipa,Nuevo,2023-11-01,sbs,2025-11-09
66343204,46,Otro,Arequipa,Recurrente,2023-04-02,sbs,2025-11-09
14533166,70,Masculino,Arequipa,Recurrente,2024-03-12,sbs,2025-11-09
57379304,34,Femenino,Lima,Nuevo,2023-09-08,sbs,2025-11-09
89035895,38,Otro,Chiclayo,Nuevo,2023-02-08,sbs,2025-11-09
72331124,65,Femenino,Piura,Nuevo,2023-07-10,sbs,2025-11-09
97251436,46,Masculino,Lima,Recurrente,2024-08-02,sbs,2025-11-09
53096805,40,Masculino,Cusco,Recurrente,2023-08-17,sbs,2025-11-09
34058025,31,Masculino,Piura,Nuevo,2023-01-09,sbs,2025-11-09
72098857,41,Femenino,Lima,Nuevo,2023-06-14,sbs,2025-11-09
20517721,44,Otro,Chiclayo,Nuevo,2023-08-29,sbs,2025-11-09
86492934,38,Otro,Piura,Recurrente,2024-07-27,sbs,2025-11-09
65559093,66,Femenino,Cusco,Nuevo,2023-10-16,sbs,2025-11-09
45128164,60,Femenino,Chiclayo,Nuevo,2023-12-05,sbs,2025-11-09
19797079,36,Otro,Chiclayo,Nuevo,2023-09-21,sbs,2025-11-09
90997797,68,Femenino,Cusco,Nuevo,2024-08-06,sbs,2025-11-09
47015631,55,Masculino,Cusco,Nuevo,2023-09-22,sbs,2025-11-09
65018243,55,Femenino,Piura,Nuevo,2023-10-04,sbs,2025-11-09
32996510,34,Masculino,Cusco,Recurrente,2024-07-28,sbs,2025-11-09
66388658,27,Masculino,Lima,Nuevo,2024-05-27,sbs,2025-11-09
87258340,26,Otro,Arequipa,Recurrente,2023-08-12,sbs,2025-11-09
23389421,60,Otro,Cusco,Nuevo,2023-10-04,sbs,2025-11-09
69799777,33,Masculino,Lima,Recurrente,2024-08-07,sbs,2025-11-09
15818570,26,Masculino,Chiclayo,Nuevo,2024-05-05,sbs,2025-11-09
56673900,48,Femenino,Piura,Recurrente,2024-06-15,sbs,2025-11-09
88598588,30,Femenino,Arequipa,Nuevo,2024-04-28,sbs,2025-11-09
50503050,26,Masculino,Lima,Nuevo,2023-02-13,sbs,2025-11-09
18601785,35,Otro,Arequipa,Recurrente,2024-01-26,sbs,2025-11-09
13675662,27,Otro,Cusco,Nuevo,2023-02-25,sbs,2025-11-09
37385806,27,Otro,Piura,Nuevo,2023-04-28,sbs,2025-11-09
80969638,64,Femenino,Piura,Recurrente,2023-12-31,sbs,2025-11-09
55282621,63,Otro,Arequipa,Nuevo,2024-08-19,sbs,2025-11-09
67746387,58,Otro,Arequipa,Recurrente,2024-07-22,sbs,2025-11-09
45043102,69,Masculino,Cusco,Nuevo,2023-03-12,sbs,2025-11-09
53923567,63,Femenino,Cusco,Nuevo,2023-09-23,sbs,2025-11-09
82751344,43,Femenino,Chiclayo,Nuevo,2023-08-17,sbs,2025-11-09
34637969,53,Femenino,Lima,Recurrente,2023-10-31,sbs,2025-11-09
14494343,30,Femenino,Chiclayo,Recurrente,2023-05-19,sbs,2025-11-09
45584224,33,Masculino,Piura,Nuevo,2023-07-07,sbs,2025-11-09
99024698,44,Masculino,Lima,Nuevo,2023-08-26,sbs,2025-11-09
82514117,46,Otro,Cusco,Nuevo,2024-02-10,sbs,2025-11-09
28907022,19,Masculino,Cusco,Recurrente,2023-11-18,sbs,2025-11-09
30534055,54,Femenino,Arequipa,Recurrente,2023-02-21,sbs,2025-11-09
68808057,69,Otro,Lima,Nuevo,2024-05-13,sbs,2025-11-09
50546917,36,Masculino,Arequipa,Nuevo,2023-02-08,sbs,2025-11-09
59205921,31,Femenino,Lima,Nuevo,2024-07-03,sbs,2025-11-09
66656565,21,Masculino,Chiclayo,Recurrente,2023-10-15,sbs,2025-11-09
31405453,43,Femenino,Chiclayo,Nuevo,2023-12-11,sbs,2025-11-09
93699313,30,Masculino,Chiclayo,Nuevo,2023-06-06,sbs,2025-11-09
54317225,68,Masculino,Lima,Nuevo,2023-05-18,sbs,2025-11-09
40832741,43,Otro,Lima,Nuevo,2023-01-11,sbs,2025-11-09
69186422,19,Masculino,Chiclayo,Nuevo,2024-04-24,sbs,2025-11-09
71242777,22,Otro,Lima,Recurrente,2024-03-14,sbs,2025-11-09
74208166,41,Masculino,Arequipa,Recurrente,2023-05-26,sbs,2025-11-09
43436784,57,Otro,Piura,Recurrente,2023-11-19,sbs,2025-11-09
38267512,65,Masculino,Chiclayo,Nuevo,2024-01-15,sbs,2025-11-09
84642318,21,Masculino,Chiclayo,Recurrente,2024-08-18,sbs,2025-11-09
39096366,67,Femenino,Arequipa,Nuevo,2023-01-30,sbs,2025-11-09
49729133,35,Otro,Chiclayo,Nuevo,2024-07-07,sbs,2025-11-09
22195959,47,Masculino,Cusco,Recurrente,2023-01-17,sbs,2025-11-09
49282050,47,Otro,Chiclayo,Recurrente,2023-05-16,sbs,2025-11-09
44754808,21,Femenino,Lima,Nuevo,2024-02-28,sbs,2025-11-09
73926166,60,Otro,Arequipa,Recurrente,2023-04-15,sbs,2025-11-09
65555398,59,Otro,Arequipa,Nuevo,2023-09-24,sbs,2025-11-09
45394511,24,Otro,Cusco,Recurrente,2023-07-07,sbs,2025-11-09
82051154,21,Femenino,Piura,Nuevo,2023-08-21,sbs,2025-11-09
77885883,46,Masculino,Arequipa,Nuevo,2023-12-14,sbs,2025-11-09
88508415,22,Masculino,Chiclayo,Nuevo,2023-02-11,sbs,2025-11-09
47815498,68,Otro,Piura,Nuevo,2024-06-30,sbs,2025-11-09
43206194,63,Femenino,Cusco,Recurrente,2023-05-31,sbs,2025-11-09
35005684,49,Masculino,Chiclayo,Nuevo,2023-03-20,sbs,2025-11-09
26002217,24,Masculino,Lima,Nuevo,2023-02-18,sbs,2025-11-09
84195414,51,Femenino,Cusco,Nuevo,2023-12-21,sbs,2025-11-09
70990495,44,Otro,Cusco,Nuevo,2023-03-17,sbs,2025-11-09
90297666,21,Femenino,Piura,Recurrente,2023-08-19,sbs,2025-11-09
57641877,27,Femenino,Lima,Nuevo,2023-09-15,sbs,2025-11-09
76302450,29,Otro,Piura,Recurrente,2023-04-23,sbs,2025-11-09
62051034,24,Masculino,Chiclayo,Nuevo,2024-05-19,sbs,2025-11-09
34399159,65,Femenino,Chiclayo,Nuevo,2024-04-10,sbs,2025-11-09
29373250,28,Masculino,Piura,Recurrente,2023-06-03,sbs,2025-11-09
44986948,25,Femenino,Chiclayo,Nuevo,2023-11-25,sbs,2025-11-09
36212551,55,Otro,Arequipa,Recurrente,2023-07-16,sbs,2025-11-09
37159852,65,Otro,Lima,Recurrente,2023-07-20,sbs,2025-11-09
50900605,36,Femenino,Piura,Nuevo,2023-01-19,sbs,2025-11-09
54371525,50,Otro,Arequipa,Nuevo,2024-08-17,sbs,2025-11-09
11385716,18,Femenino,Arequipa,Nuevo,2023-06-20,sbs,2025-11-09
19579312,41,Otro,Arequipa,Recurrente,2023-12-24,sbs,2025-11-09
76684091,57,Femenino,Chiclayo,Recurrente,2024-04-03,sbs,2025-11-09
31469242,34,Otro,Chiclayo,Nuevo,2023-08-03,sbs,2025-11-09
34828471,56,Otro,Piura,Nuevo,2023-10-02,sbs,2025-11-09
31477248,46,Femenino,Arequipa,Nuevo,2023-06-24,sbs,2025-11-09
63602194,40,Otro,Chiclayo,Nuevo,2023-03-24,sbs,2025-11-09
13728160,40,Otro,Lima,Nuevo,2023-05-18,sbs,2025-11-09
30254713,59,Femenino,Cusco,Recurrente,2023-06-11,sbs,2025-11-09
39308629,55,Femenino,Lima,Nuevo,2024-02-25,sbs,2025-11-09
63985483,20,Masculino,Cusco,Nuevo,2024-08-18,sbs,2025-11-09
96671447,32,Femenino,Chiclayo,Nuevo,2023-06-07,sbs,2025-11-09
15737190,44,Masculino,Cusco,Recurrente,2023-07-04,sbs,2025-11-09
93685072,45,Femenino,Lima,Nuevo,2023-09-23,sbs,2025-11-09
37482786,50,Masculino,Cusco,Nuevo,2023-07-19,sbs,2025-11-09
15853153,64,Masculino,Chiclayo,Recurrente,2023-02-11,sbs,2025-11-09
31076736,35,Otro,Cusco,Recurrente,2023-08-18,sbs,2025-11-09
22664947,22,Otro,Lima,Nuevo,2023-06-05,sbs,2025-11-09
98952299,29,Masculino,Piura,Recurrente,2024-06-07,sbs,2025-11-09
82939264,25,Otro,Piura,Nuevo,2024-03-21,sbs,2025-11-09
11132274,44,Otro,Arequipa,Recurrente,2023-11-02,sbs,2025-11-09
84661566,24,Otro,Lima,Nuevo,2023-09-26,sbs,2025-11-09
27926819,52,Masculino,Arequipa,Nuevo,2023-11-09,sbs,2025-11-09
86506421,61,Masculino,Lima,Recurrente,2023-07-01,sbs,2025-11-09
42823207,50,Femenino,Arequipa,Nuevo,2024-05-06,sbs,2025-11-09
95604856,38,Otro,Piura,Recurrente,2024-02-02,sbs,2025-11-09
89966028,43,Femenino,Arequipa,Recurrente,2023-05-02,sbs,2025-11-09
25004610,45,Otro,Chiclayo,Nuevo,2023-07-04,sbs,2025-11-09
20080250,57,Masculino,Arequipa,Recurrente,2023-07-03,sbs,2025-11-09
16103166,30,Masculino,Lima,Nuevo,2023-03-07,sbs,2025-11-09
25135451,36,Masculino,Cusco,Nuevo,2023-08-11,sbs,2025-11-09
25021199,36,Otro,Arequipa,Recurrente,2024-08-04,sbs,2025-11-09
88937138,23,Femenino,Cusco,Nuevo,2024-02-21,sbs,2025-11-09
22956718,57,Otro,Cusco,Nuevo,2024-06-23,sbs,2025-11-09
83759721,59,Masculino,Cusco,Recurrente,2023-04-24,sbs,2025-11-09
65005289,19,Masculino,Chiclayo,Recurrente,2024-03-08,sbs,2025-11-09
10722446,19,Otro,Chiclayo,Recurrente,2023-03-05,sbs,2025-11-09
83010662,40,Masculino,Chiclayo,Nuevo,2023-07-18,sbs,2025-11-09
53840537,43,Masculino,Lima,Nuevo,2023-02-17,sbs,2025-11-09
41533557,69,Masculino,Piura,Nuevo,2024-06-26,sbs,2025-11-09
31721638,53,Otro,Lima,Recurrente,2024-07-20,sbs,2025-11-09
92069403,44,Otro,Chiclayo,Recurrente,2024-08-01,sbs,2025-11-09
32013599,21,Masculino,Arequipa,Nuevo,2024-03-18,sbs,2025-11-09
33798199,70,Femenino,Arequipa,Recurrente,2023-08-21,sbs,2025-11-09
37359832,53,Masculino,Cusco,Nuevo,2024-01-30,sbs,2025-11-09
77868292,31,Femenino,Arequipa,Recurrente,2023-03-27,sbs,2025-11-09
64021354,39,Otro,Lima,Recurrente,2024-07-09,sbs,2025-11-09
84108315,29,Femenino,Arequipa,Nuevo,2024-03-20,sbs,2025-11-09
30810799,37,Masculino,Lima,Recurrente,2023-07-14,sbs,2025-11-09
91708236,60,Otro,Chiclayo,Nuevo,2023-08-20,sbs,2025-11-09
56885958,27,Masculino,Cusco,Recurrente,2023-08-18,sbs,2025-11-09
80914604,29,Femenino,Cusco,Recurrente,2023-03-06,sbs,2025-11-09
76170458,48,Femenino,Lima,Nuevo,2024-05-08,sbs,2025-11-09
88114875,42,Masculino,Lima,Nuevo,2024-01-15,sbs,2025-11-09
43200403,28,Masculino,Cusco,Nuevo,2023-09-30,sbs,2025-11-09
64995923,67,Masculino,Cusco,Nuevo,2024-03-31,sbs,2025-11-09
89647594,25,Femenino,Cusco,Recurrente,2023-12-27,sbs,2025-11-09
50118830,44,Otro,Cusco,Nuevo,2024-07-08,sbs,2025-11-09
30223295,40,Otro,Arequipa,Nuevo,2023-01-18,sbs,2025-11-09
81654359,62,Femenino,Arequipa,Nuevo,2024-02-13,sbs,2025-11-09
22643416,42,Masculino,Cusco,Recurrente,2024-08-11,sbs,2025-11-09
89614817,26,Femenino,Arequipa,Nuevo,2024-06-03,sbs,2025-11-09
68405557,54,Masculino,Piura,Nuevo,2023-10-07,sbs,2025-11-09
28321214,58,Otro,Lima,Recurrente,2023-11-02,sbs,2025-11-09
29155471,55,Otro,Lima,Nuevo,2024-05-01,sbs,2025-11-09
18446205,66,Otro,Arequipa,Nuevo,2023-11-08,sbs,2025-11-09
12898255,66,Femenino,Cusco,Nuevo,2024-05-11,sbs,2025-11-09
51203973,53,Masculino,Cusco,Recurrente,2024-04-13,sbs,2025-11-09
92920642,61,Otro,Arequipa,Nuevo,2023-12-27,sbs,2025-11-09
35976666,54,Femenino,Arequipa,Nuevo,2024-06-05,sbs,2025-11-09
65157243,69,Otro,Cusco,Recurrente,2023-04-26,sbs,2025-11-09
94545592,47,Masculino,Piura,Recurrente,2024-06-15,sbs,2025-11-09
81567304,39,Masculino,Arequipa,Recurrente,2024-07-03,sbs,2025-11-09
13751973,24,Femenino,Piura,Recurrente,2024-06-30,sbs,2025-11-09
98970427,34,Femenino,Piura,Nuevo,2023-06-20,sbs,2025-11-09
32937991,58,Otro,Arequipa,Recurrente,2023-12-01,sbs,2025-11-09
15245835,25,Masculino,Chiclayo,Nuevo,2024-04-14,sbs,2025-11-09
12426412,43,Femenino,Piura,Nuevo,2023-03-04,sbs,2025-11-09
58126351,52,Masculino,Piura,Nuevo,2023-09-16,sbs,2025-11-09
86924796,51,Masculino,Chiclayo,Nuevo,2024-07-06,sbs,2025-11-09
99490648,53,Masculino,Lima,Nuevo,2023-11-09,sbs,2025-11-09
45153165,70,Otro,Cusco,Nuevo,2024-04-30,sbs,2025-11-09
11955403,65,Masculino,Cusco,Nuevo,2023-08-31,sbs,2025-11-09
10084808,27,Femenino,Piura,Recurrente,2023-02-18,sbs,2025-11-09
23666386,31,Masculino,Piura,Recurrente,2024-02-17,sbs,2025-11-09
57974300,55,Otro,Piura,Nuevo,2023-01-18,sbs,2025-11-09
35713686,42,Femenino,Lima,Nuevo,2024-08-01,sbs,2025-11-09
67981146,70,Femenino,Cusco,Recurrente,2023-10-29,sbs,2025-11-09
12618007,46,Otro,Lima,Nuevo,2024-05-06,sbs,2025-11-09
96266975,59,Masculino,Cusco,Nuevo,2024-02-29,sbs,2025-11-09
67408518,69,Masculino,Lima,Nuevo,2023-07-28,sbs,2025-11-09
49678304,41,Otro,Lima,Nuevo,2023-10-05,sbs,2025-11-09
62800537,37,Femenino,Chiclayo,Nuevo,2023-02-14,sbs,2025-11-09
63803762,48,Femenino,Piura,Recurrente,2024-07-26,sbs,2025-11-09
60711458,70,Femenino,Chiclayo,Nuevo,2023-02-09,sbs,2025-11-09
92044858,27,Masculino,Lima,Nuevo,2023-12-19,sbs,2025-11-09
33925710,56,Femenino,Arequipa,Nuevo,2024-03-11,sbs,2025-11-09
41663551,29,Masculino,Lima,Nuevo,2023-12-06,sbs,2025-11-09
44711361,31,Otro,Piura,Nuevo,2023-01-31,sbs,2025-11-09
82636467,49,Femenino,Arequipa,Recurrente,2023-11-07,sbs,2025-11-09
90635631,36,Otro,Piura,Nuevo,2023-08-17,sbs,2025-11-09
81722941,45,Femenino,Chiclayo,Nuevo,2023-08-26,sbs,2025-11-09
28411972,32,Femenino,Lima,Nuevo,2023-03-25,sbs,2025-11-09
89984645,36,Femenino,Piura,Nuevo,2023-06-20,sbs,2025-11-09
22268114,21,Masculino,Chiclayo,Nuevo,2023-07-09,sbs,2025-11-09
95001070,22,Otro,Arequipa,Nuevo,2023-05-27,sbs,2025-11-09
81950326,47,Femenino,Chiclayo,Nuevo,2023-10-05,sbs,2025-11-09
53081879,59,Otro,Chiclayo,Nuevo,2024-07-23,sbs,2025-11-09
34285978,63,Otro,Piura,Nuevo,2023-06-25,sbs,2025-11-09
28782845,55,Otro,Piura,Nuevo,2023-12-21,sbs,2025-11-09
53982040,63,Femenino,Lima,Nuevo,2024-05-29,sbs,2025-11-09
17346961,49,Femenino,Cusco,Nuevo,2023-03-10,sbs,2025-11-09
58757651,39,Masculino,Cusco,Recurrente,2023-02-18,sbs,2025-11-09
51239244,37,Otro,Lima,Nuevo,2024-04-10,sbs,2025-11-09
57864995,35,Femenino,Chiclayo,Recurrente,2023-08-08,sbs,2025-11-09
49701147,67,Masculino,Piura,Nuevo,2024-06-25,sbs,2025-11-09
86648532,25,Femenino,Lima,Nuevo,2023-11-04,sbs,2025-11-09
14918680,47,Masculino,Piura,Nuevo,2023-07-28,sbs,2025-11-09
39829291,39,Masculino,Arequipa,Nuevo,2023-02-01,sbs,2025-11-09
19213734,30,Masculino,Cusco,Nuevo,2023-03-27,sbs,2025-11-09
90648127,62,Masculino,Chiclayo,Recurrente,2024-06-17,sbs,2025-11-09
81799490,29,Femenino,Lima,Nuevo,2024-06-02,sbs,2025-11-09
74413640,29,Otro,Lima,Nuevo,2023-06-28,sbs,2025-11-09
68357188,52,Femenino,Chiclayo,Nuevo,2024-07-22,sbs,2025-11-09
69749751,29,Femenino,Lima,Nuevo,2023-05-06,sbs,2025-11-09
53947932,62,Femenino,Arequipa,Nuevo,2023-08-06,sbs,2025-11-09
16711227,64,Masculino,Arequipa,Recurrente,2024-06-08,sbs,2025-11-09
67023177,24,Otro,Cusco,Recurrente,2023-12-31,sbs,2025-11-09
76647695,61,Femenino,Chiclayo,Nuevo,2024-01-26,sbs,2025-11-09
31821826,23,Otro,Arequipa,Nuevo,2024-01-23,sbs,2025-11-09
40129718,55,Femenino,Cusco,Recurrente,2023-11-14,sbs,2025-11-09
44487584,31,Femenino,Chiclayo,Nuevo,2024-08-12,sbs,2025-11-09
17067675,42,Otro,Arequipa,Nuevo,2023-12-16,sbs,2025-11-09
14956822,57,Otro,Cusco,Nuevo,2023-01-30,sbs,2025-11-09
74382977,25,Masculino,Cusco,Nuevo,2023-12-15,sbs,2025-11-09
55685117,32,Otro,Lima,Nuevo,2023-08-28,sbs,2025-11-09
99063008,28,Masculino,Lima,Nuevo,2024-02-24,sbs,2025-11-09
62326451,51,Femenino,Piura,Nuevo,2023-10-29,sbs,2025-11-09
93114754,35,Otro,Cusco,Recurrente,2023-11-01,sbs,2025-11-09
59756143,66,Otro,Cusco,Recurrente,2024-08-19,sbs,2025-11-09
75804038,46,Masculino,Cusco,Recurrente,2024-01-15,sbs,2025-11-09
26967591,39,Otro,Cusco,Nuevo,2024-06-16,sbs,2025-11-09
34045121,51,Otro,Lima,Recurrente,2023-02-22,sbs,2025-11-09
82318275,27,Masculino,Arequipa,Recurrente,2024-04-18,sbs,2025-11-09
80976519,56,Otro,Lima,Recurrente,2023-11-03,sbs,2025-11-09
20999047,52,Masculino,Cusco,Recurrente,2024-04-07,sbs,2025-11-09
50164480,47,Masculino,Piura,Recurrente,2024-06-25,sbs,2025-11-09
67103476,34,Femenino,Lima,Recurrente,2023-07-31,sbs,2025-11-09
24067515,49,Masculino,Cusco,Recurrente,2024-06-19,sbs,2025-11-09
80888853,23,Masculino,Chiclayo,Nuevo,2023-08-03,sbs,2025-11-09
20994583,50,Femenino,Arequipa,Recurrente,2023-04-27,sbs,2025-11-09
82312564,54,Masculino,Cusco,Recurrente,2024-05-18,sbs,2025-11-09
92838528,23,Femenino,Piura,Nuevo,2023-01-24,sbs,2025-11-09
24142004,60,Otro,Cusco,Nuevo,2023-06-20,sbs,2025-11-09
29838314,46,Femenino,Cusco,Nuevo,2023-11-20,sbs,2025-11-09
60152980,53,Femenino,Arequipa,Nuevo,2023-08-15,sbs,2025-11-09
12773948,23,Otro,Piura,Recurrente,2024-07-05,sbs,2025-11-09
99783064,66,Otro,Arequipa,Recurrente,2023-01-13,sbs,2025-11-09
26312537,38,Masculino,Chiclayo,Recurrente,2023-01-21,sbs,2025-11-09
11400593,25,Otro,Chiclayo,Recurrente,2023-03-23,sbs,2025-11-09
51255009,33,Otro,Chiclayo,Recurrente,2024-04-30,sbs,2025-11-09
67256197,26,Otro,Piura,Nuevo,2023-09-07,sbs,2025-11-09
81808026,20,Otro,Lima,Recurrente,2023-12-02,sbs,2025-11-09
48038252,69,Masculino,Cusco,Recurrente,2023-02-13,sbs,2025-11-09
37727245,38,Masculino,Chiclayo,Nuevo,2024-04-17,sbs,2025-11-09
76597407,43,Masculino,Piura,Recurrente,2024-06-27,sbs,2025-11-09
20585201,31,Femenino,Arequipa,Nuevo,2024-03-26,sbs,2025-11-09
86282637,31,Otro,Piura,Nuevo,2024-02-15,sbs,2025-11-09
10954878,33,Masculino,Piura,Nuevo,2023-03-03,sbs,2025-11-09
22126246,58,Femenino,Cusco,Nuevo,2024-03-16,sbs,2025-11-09
21535774,41,Otro,Piura,Nuevo,2023-09-10,sbs,2025-11-09
88488268,59,Femenino,Arequipa,Recurrente,2023-09-03,sbs,2025-11-09
23591154,49,Otro,Chiclayo,Nuevo,2023-04-29,sbs,2025-11-09
98587007,42,Femenino,Chiclayo,Nuevo,2023-02-13,sbs,2025-11-09
71328876,26,Otro,Chiclayo,Nuevo,2023-07-06,sbs,2025-11-09
65010375,19,Masculino,Cusco,Nuevo,2024-01-23,sbs,2025-11-09
21033610,18,Femenino,Chiclayo,Nuevo,2024-06-17,sbs,2025-11-09
20273481,42,Femenino,Piura,Nuevo,2024-02-27,sbs,2025-11-09
53396592,20,Masculino,Cusco,Recurrente,2024-04-17,sbs,2025-11-09
64974875,58,Masculino,Piura,Nuevo,2023-11-03,sbs,2025-11-09
35354987,34,Masculino,Piura,Recurrente,2023-02-08,sbs,2025-11-09
38721683,60,Otro,Cusco,Nuevo,2024-05-17,sbs,2025-11-09
66669500,18,Femenino,Chiclayo,Nuevo,2023-08-02,sbs,2025-11-09
46317732,26,Otro,Lima,Nuevo,2023-09-23,sbs,2025-11-09
89453898,47,Masculino,Cusco,Recurrente,2023-08-24,sbs,2025-11-09
16026859,38,Masculino,Lima,Nuevo,2024-08-11,sbs,2025-11-09
86459518,44,Femenino,Arequipa,Nuevo,2023-01-04,sbs,2025-11-09
92364868,29,Masculino,Cusco,Nuevo,2023-10-12,sbs,2025-11-09
25017061,50,Femenino,Piura,Recurrente,2023-12-26,sbs,2025-11-09
28224724,63,Masculino,Piura,Nuevo,2024-04-09,sbs,2025-11-09
12855211,49,Masculino,Arequipa,Nuevo,2023-07-21,sbs,2025-11-09
24181221,59,Femenino,Cusco,Recurrente,2023-05-03,sbs,2025-11-09
37258959,66,Femenino,Piura,Recurrente,2023-02-05,sbs,2025-11-09
18724926,37,Masculino,Cusco,Nuevo,2024-06-19,sbs,2025-11-09
97496479,50,Femenino,Chiclayo,Nuevo,2024-03-29,sbs,2025-11-09
38782865,65,Femenino,Cusco,Nuevo,2023-08-28,sbs,2025-11-09
22655804,43,Femenino,Arequipa,Nuevo,2023-09-15,sbs,2025-11-09
56856297,32,Otro,Lima,Nuevo,2023-04-26,sbs,2025-11-09
83142099,30,Otro,Arequipa,Recurrente,2023-07-10,sbs,2025-11-09
15304180,26,Femenino,Chiclayo,Nuevo,2023-06-20,sbs,2025-11-09
21407502,34,Masculino,Chiclayo,Recurrente,2023-08-27,sbs,2025-11-09
10982850,57,Masculino,Piura,Nuevo,2023-05-18,sbs,2025-11-09
89398528,35,Femenino,Lima,Nuevo,2024-05-21,sbs,2025-11-09
46335771,63,Femenino,Lima,Nuevo,2023-06-13,sbs,2025-11-09
93400769,41,Masculino,Cusco,Nuevo,2023-03-02,sbs,2025-11-09
29353979,48,Otro,Cusco,Nuevo,2023-05-28,sbs,2025-11-09
88837038,66,Femenino,Cusco,Recurrente,2023-01-29,sbs,2025-11-09
44327434,64,Otro,Cusco,Nuevo,2024-02-04,sbs,2025-11-09
20486245,54,Femenino,Chiclayo,Nuevo,2024-01-18,sbs,2025-11-09
45569674,49,Femenino,Chiclayo,Nuevo,2023-01-15,sbs,2025-11-09
24479716,62,Otro,Chiclayo,Nuevo,2023-04-13,sbs,2025-11-09
61347932,52,Otro,Lima,Nuevo,2023-11-09,sbs,2025-11-09
16745852,51,Femenino,Lima,Recurrente,2023-08-09,sbs,2025-11-09
97617026,48,Masculino,Chiclayo,Nuevo,2024-04-04,sbs,2025-11-09
89800065,28,Masculino,Chiclayo,Recurrente,2023-02-02,sbs,2025-11-09
28192133,39,Masculino,Arequipa,Recurrente,2024-02-29,sbs,2025-11-09
88301601,22,Otro,Piura,Nuevo,2024-07-10,sbs,2025-11-09
14029896,19,Masculino,Piura,Nuevo,2023-11-17,sbs,2025-11-09
85576096,21,Masculino,Arequipa,Nuevo,2023-12-08,sbs,2025-11-09
22009163,18,Masculino,Arequipa,Nuevo,2024-04-17,sbs,2025-11-09
24650815,30,Masculino,Arequipa,Nuevo,2023-04-06,sbs,2025-11-09
73433176,31,Otro,Arequipa,Nuevo,2024-06-05,sbs,2025-11-09
26099456,22,Otro,Arequipa,Nuevo,2023-07-10,sbs,2025-11-09
64695425,19,Femenino,Piura,Recurrente,2023-10-14,sbs,2025-11-09
83438256,68,Masculino,Arequipa,Nuevo,2023-06-21,sbs,2025-11-09
44471853,69,Masculino,Arequipa,Recurrente,2024-04-10,sbs,2025-11-09
40277222,37,Masculino,Arequipa,Nuevo,2023-05-29,sbs,2025-11-09
34651384,66,Femenino,Piura,Recurrente,2023-05-15,sbs,2025-11-09
29336846,41,Masculino,Lima,Nuevo,2023-01-16,sbs,2025-11-09
21043725,39,Masculino,Chiclayo,Recurrente,2023-10-04,sbs,2025-11-09
69871522,27,Otro,Lima,Nuevo,2023-11-09,sbs,2025-11-09
37950053,69,Femenino,Chiclayo,Nuevo,2023-01-24,sbs,2025-11-09
52386800,61,Masculino,Arequipa,Nuevo,2023-12-28,sbs,2025-11-09
97448980,24,Masculino,Chiclayo,Nuevo,2023-03-22,sbs,2025-11-09
27976656,47,Otro,Piura,Recurrente,2023-01-25,sbs,2025-11-09
25025239,35,Femenino,Piura,Nuevo,2023-12-26,sbs,2025-11-09
99578903,42,Masculino,Chiclayo,Nuevo,2024-08-11,sbs,2025-11-09
32914929,25,Femenino,Cusco,Nuevo,2023-04-04,sbs,2025-11-09
91423225,69,Femenino,Cusco,Recurrente,2023-10-20,sbs,2025-11-09
67439802,69,Otro,Arequipa,Nuevo,2024-07-23,sbs,2025-11-09
60918068,68,Otro,Arequipa,Nuevo,2024-04-19,sbs,2025-11-09
71228317,21,Masculino,Cusco,Nuevo,2023-11-16,sbs,2025-11-09
98227915,34,Masculino,Cusco,Recurrente,2024-03-24,sbs,2025-11-09
75860061,53,Masculino,Cusco,Nuevo,2023-02-03,sbs,2025-11-09
50369409,36,Otro,Cusco,Nuevo,2024-03-23,sbs,2025-11-09
37058295,20,Masculino,Arequipa,Nuevo,2024-06-25,sbs,2025-11-09
40931982,43,Otro,Chiclayo,Recurrente,2023-11-30,sbs,2025-11-09
70270117,35,Otro,Piura,Nuevo,2023-10-04,sbs,2025-11-09
80837978,20,Otro,Chiclayo,Nuevo,2024-08-10,sbs,2025-11-09
11305716,44,Femenino,Piura,Nuevo,2023-06-01,sbs,2025-11-09
29915816,28,Masculino,Chiclayo,Nuevo,2024-05-18,sbs,2025-11-09
39233159,18,Femenino,Piura,Nuevo,2023-08-02,sbs,2025-11-09
60587113,18,Masculino,Lima,Nuevo,2024-06-15,sbs,2025-11-09
92166272,33,Femenino,Arequipa,Nuevo,2023-04-24,sbs,2025-11-09
22077084,18,Masculino,Cusco,Nuevo,2024-08-04,sbs,2025-11-09
13106154,25,Femenino,Lima,Nuevo,2023-01-03,sbs,2025-11-09
41554178,55,Masculino,Arequipa,Nuevo,2023-06-05,sbs,2025-11-09
88110995,26,Otro,Arequipa,Nuevo,2024-04-12,sbs,2025-11-09
62103937,61,Otro,Cusco,Recurrente,2023-02-15,sbs,2025-11-09
83499395,18,Otro,Piura,Nuevo,2023-03-26,sbs,2025-11-09
16799765,45,Femenino,Piura,Nuevo,2023-02-11,sbs,2025-11-09
43425740,19,Otro,Cusco,Nuevo,2023-08-13,sbs,2025-11-09
69816708,45,Masculino,Lima,Recurrente,2023-09-08,sbs,2025-11-09
22410699,23,Masculino,Cusco,Recurrente,2023-11-22,sbs,2025-11-09
54255086,60,Otro,Cusco,Nuevo,2023-09-23,sbs,2025-11-09
30143561,50,Masculino,Cusco,Recurrente,2023-11-13,sbs,2025-11-09
19182316,19,Masculino,Piura,Recurrente,2023-01-13,sbs,2025-11-09
65414868,41,Masculino,Piura,Recurrente,2023-10-12,sbs,2025-11-09
91498287,44,Masculino,Arequipa,Nuevo,2024-08-11,sbs,2025-11-09
64280598,56,Femenino,Piura,Nuevo,2023-10-07,sbs,2025-11-09
17859815,45,Femenino,Chiclayo,Recurrente,2023-04-08,sbs,2025-11-09
28693730,53,Masculino,Piura,Recurrente,2023-01-17,sbs,2025-11-09
28491548,63,Otro,Lima,Recurrente,2023-06-05,sbs,2025-11-09
10151477,59,Masculino,Cusco,Nuevo,2023-10-23,sbs,2025-11-09
77215850,27,Femenino,Chiclayo,Nuevo,2023-12-21,sbs,2025-11-09
72756047,22,Femenino,Piura,Recurrente,2023-05-20,sbs,2025-11-09
39832464,32,Femenino,Chiclayo,Nuevo,2023-06-13,sbs,2025-11-09
31403749,40,Femenino,Lima,Nuevo,2023-03-31,sbs,2025-11-09
54562374,57,Masculino,Cusco,Recurrente,2024-07-18,sbs,2025-11-09
94334607,24,Otro,Lima,Recurrente,2023-03-13,sbs,2025-11-09
48502327,29,Otro,Piura,Nuevo,2023-01-19,sbs,2025-11-09
72364034,60,Femenino,Lima,Recurrente,2023-03-04,sbs,2025-11-09
64814320,56,Masculino,Chiclayo,Nuevo,2024-03-12,sbs,2025-11-09
80111528,19,Masculino,Lima,Nuevo,2023-09-06,sbs,2025-11-09
36911168,27,Femenino,Lima,Nuevo,2023-06-29,sbs,2025-11-09
26789758,26,Otro,Arequipa,Nuevo,2023-04-02,sbs,2025-11-09
11547308,19,Otro,Piura,Recurrente,2024-01-19,sbs,2025-11-09
40116895,49,Otro,Arequipa,Nuevo,2023-11-29,sbs,2025-11-09
50998348,70,Otro,Piura,Nuevo,2023-02-17,sbs,2025-11-09
39361875,59,Masculino,Chiclayo,Recurrente,2024-03-05,sbs,2025-11-09
24370816,58,Femenino,Arequipa,Recurrente,2023-01-26,sbs,2025-11-09
77004252,57,Masculino,Piura,Nuevo,2024-01-10,sbs,2025-11-09
76010706,64,Otro,Chiclayo,Recurrente,2023-11-13,sbs,2025-11-09
21150024,27,Femenino,Chiclayo,Nuevo,2024-03-07,sbs,2025-11-09
23630720,49,Femenino,Cusco,Nuevo,2023-11-22,sbs,2025-11-09
62914143,65,Otro,Chiclayo,Recurrente,2023-07-07,sbs,2025-11-09
61999551,46,Masculino,Cusco,Nuevo,2024-03-04,sbs,2025-11-09
47052406,40,Otro,Arequipa,Recurrente,2023-05-14,sbs,2025-11-09
83253030,22,Otro,Arequipa,Recurrente,2024-02-23,sbs,2025-11-09
73525919,46,Otro,Piura,Recurrente,2023-10-28,sbs,2025-11-09
58533885,47,Masculino,Chiclayo,Nuevo,2023-08-01,sbs,2025-11-09
78485923,18,Masculino,Arequipa,Recurrente,2023-04-22,sbs,2025-11-09
29538668,37,Otro,Cusco,Nuevo,2023-11-05,sbs,2025-11-09
51285310,26,Masculino,Piura,Recurrente,2023-08-03,sbs,2025-11-09
83508869,21,Femenino,Arequipa,Recurrente,2024-01-23,sbs,2025-11-09
43927264,27,Masculino,Chiclayo,Nuevo,2024-03-19,sbs,2025-11-09
87152651,56,Otro,Piura,Nuevo,2023-09-20,sbs,2025-11-09
47990986,68,Masculino,Lima,Recurrente,2023-10-11,sbs,2025-11-09
36248260,59,Masculino,Lima,Nuevo,2024-05-19,sbs,2025-11-09
43430634,52,Otro,Lima,Nuevo,2024-04-19,sbs,2025-11-09
55280118,18,Otro,Arequipa,Nuevo,2023-08-19,sbs,2025-11-09
33994116,61,Otro,Piura,Nuevo,2024-05-29,sbs,2025-11-09
66341306,64,Masculino,Cusco,Nuevo,2024-08-23,sbs,2025-11-09
56616057,52,Masculino,Arequipa,Nuevo,2023-01-19,sbs,2025-11-09
59804167,24,Masculino,Lima,Nuevo,2023-06-14,sbs,2025-11-09
43169838,37,Masculino,Piura,Nuevo,2023-07-10,sbs,2025-11-09
66892740,19,Masculino,Arequipa,Nuevo,2024-06-24,sbs,2025-11-09
61680611,18,Masculino,Arequipa,Nuevo,2024-06-01,sbs,2025-11-09
24097501,21,Masculino,Chiclayo,Nuevo,2023-07-26,sbs,2025-11-09
20761833,56,Femenino,Cusco,Recurrente,2023-02-20,sbs,2025-11-09
49971921,23,Femenino,Lima,Recurrente,2023-08-03,sbs,2025-11-09
23274325,48,Masculino,Chiclayo,Nuevo,2024-05-23,sbs,2025-11-09
94602930,55,Femenino,Cusco,Nuevo,2023-04-18,sbs,2025-11-09
92790730,66,Femenino,Chiclayo,Recurrente,2023-12-30,sbs,2025-11-09
96974990,66,Masculino,Cusco,Nuevo,2024-08-18,sbs,2025-11-09
58943645,36,Otro,Arequipa,Recurrente,2023-12-03,sbs,2025-11-09
55731485,18,Otro,Lima,Nuevo,2024-03-24,sbs,2025-11-09
13037859,32,Femenino,Cusco,Nuevo,2023-05-03,sbs,2025-11-09
80140337,48,Masculino,Cusco,Nuevo,2024-03-30,sbs,2025-11-09
90362099,65,Masculino,Arequipa,Nuevo,2024-04-24,sbs,2025-11-09
24198037,66,Masculino,Chiclayo,Nuevo,2024-03-01,sbs,2025-11-09
92620334,45,Masculino,Cusco,Recurrente,2023-04-24,sbs,2025-11-09
43730822,48,Masculino,Chiclayo,Recurrente,2024-01-29,sbs,2025-11-09
55479408,48,Femenino,Lima,Nuevo,2024-05-11,sbs,2025-11-09
24232767,32,Masculino,Arequipa,Recurrente,2024-07-27,sbs,2025-11-09
59168839,18,Masculino,Piura,Nuevo,2024-07-16,sbs,2025-11-09
14224882,68,Femenino,Arequipa,Recurrente,2024-05-27,sbs,2025-11-09
36058996,18,Masculino,Piura,Recurrente,2023-10-28,sbs,2025-11-09
31779411,69,Masculino,Chiclayo,Recurrente,2023-07-10,sbs,2025-11-09
90861459,70,Masculino,Arequipa,Nuevo,2024-01-29,sbs,2025-11-09
44840452,60,Femenino,Cusco,Nuevo,2024-04-11,sbs,2025-11-09
57849601,43,Otro,Arequipa,Nuevo,2024-03-29,sbs,2025-11-09
87586461,22,Femenino,Cusco,Recurrente,2023-09-09,sbs,2025-11-09
25494104,41,Otro,Chiclayo,Nuevo,2023-02-26,sbs,2025-11-09
74470508,44,Femenino,Chiclayo,Nuevo,2023-01-05,sbs,2025-11-09
44631884,18,Masculino,Chiclayo,Nuevo,2024-06-19,sbs,2025-11-09
93215364,68,Masculino,Piura,Recurrente,2023-04-26,sbs,2025-11-09
49303639,52,Masculino,Cusco,Nuevo,2024-07-08,sbs,2025-11-09
24379674,50,Masculino,Chiclayo,Nuevo,2023-11-05,sbs,2025-11-09
12076385,65,Femenino,Cusco,Recurrente,2023-03-18,sbs,2025-11-09
19565463,38,Masculino,Lima,Nuevo,2024-01-13,sbs,2025-11-09
62094564,42,Femenino,Piura,Recurrente,2024-07-17,sbs,2025-11-09
41016159,62,Femenino,Arequipa,Recurrente,2023-09-08,sbs,2025-11-09
22175591,60,Otro,Piura,Nuevo,2024-07-17,sbs,2025-11-09
47062518,23,Masculino,Piura,Nuevo,2023-05-02,sbs,2025-11-09
75845066,49,Femenino,Piura,Recurrente,2023-06-09,sbs,2025-11-09
52957363,50,Otro,Arequipa,Recurrente,2023-05-06,sbs,2025-11-09
28363097,48,Masculino,Cusco,Nuevo,2023-04-24,sbs,2025-11-09
23217836,52,Masculino,Arequipa,Recurrente,2023-12-04,sbs,2025-11-09
76806946,26,Masculino,Cusco,Nuevo,2024-07-30,sbs,2025-11-09
60516941,50,Masculino,Piura,Nuevo,2023-06-08,sbs,2025-11-09
61452687,58,Masculino,Cusco,Nuevo,2023-08-21,sbs,2025-11-09
59635288,19,Masculino,Piura,Recurrente,2024-03-21,sbs,2025-11-09
28971196,67,Femenino,Arequipa,Recurrente,2024-04-24,sbs,2025-11-09
71833109,20,Femenino,Lima,Nuevo,2023-01-28,sbs,2025-11-09
61576393,31,Masculino,Cusco,Nuevo,2024-01-06,sbs,2025-11-09
74579455,69,Femenino,Arequipa,Nuevo,2023-08-24,sbs,2025-11-09
52687971,60,Otro,Lima,Nuevo,2024-05-13,sbs,2025-11-09
69364567,37,Masculino,Cusco,Nuevo,2023-07-10,sbs,2025-11-09
71608453,36,Masculino,Piura,Nuevo,2023-11-29,sbs,2025-11-09
33187229,60,Masculino,Arequipa,Nuevo,2024-07-30,sbs,2025-11-09
29797191,39,Femenino,Arequipa,Recurrente,2024-02-17,sbs,2025-11-09
16132843,46,Masculino,Cusco,Nuevo,2023-11-04,sbs,2025-11-09
69769778,46,Femenino,Arequipa,Nuevo,2023-01-11,sbs,2025-11-09
37719615,59,Femenino,Chiclayo,Nuevo,2023-03-11,sbs,2025-11-09
73872605,39,Masculino,Cusco,Recurrente,2024-02-15,sbs,2025-11-09
39244446,44,Otro,Chiclayo,Nuevo,2023-05-09,sbs,2025-11-09
64551046,51,Femenino,Cusco,Recurrente,2023-02-23,sbs,2025-11-09
80238223,60,Otro,Lima,Recurrente,2024-06-13,sbs,2025-11-09
59729857,43,Otro,Chiclayo,Nuevo,2023-12-09,sbs,2025-11-09
80440993,67,Masculino,Piura,Nuevo,2023-01-27,sbs,2025-11-09
21248519,56,Masculino,Arequipa,Nuevo,2024-03-04,sbs,2025-11-09
11185755,38,Otro,Arequipa,Nuevo,2023-09-21,sbs,2025-11-09
73577592,38,Masculino,Piura,Nuevo,2023-03-01,sbs,2025-11-09
56206051,50,Otro,Arequipa,Nuevo,2023-12-14,sbs,2025-11-09
13707261,34,Masculino,Arequipa,Recurrente,2024-08-23,sbs,2025-11-09
74002646,33,Otro,Piura,Nuevo,2023-07-05,sbs,2025-11-09
34194407,31,Femenino,Chiclayo,Nuevo,2023-07-31,sbs,2025-11-09
74712451,21,Otro,Chiclayo,Nuevo,2023-05-31,sbs,2025-11-09
97409137,24,Masculino,Lima,Recurrente,2024-01-15,sbs,2025-11-09
24308677,49,Femenino,Cusco,Nuevo,2024-05-18,sbs,2025-11-09
92783895,45,Masculino,Lima,Recurrente,2023-06-11,sbs,2025-11-09
64243868,52,Femenino,Lima,Nuevo,2024-07-19,sbs,2025-11-09
23900306,54,Otro,Chiclayo,Nuevo,2023-06-29,sbs,2025-11-09
35122935,45,Otro,Lima,Nuevo,2023-07-03,sbs,2025-11-09
83765130,19,Masculino,Arequipa,Recurrente,2024-08-05,sbs,2025-11-09
46055931,18,Masculino,Piura,Nuevo,2024-02-12,sbs,2025-11-09
19590240,49,Masculino,Lima,Nuevo,2023-01-26,sbs,2025-11-09
63695427,46,Femenino,Lima,Recurrente,2023-03-24,sbs,2025-11-09
14415512,30,Femenino,Lima,Recurrente,2023-01-12,sbs,2025-11-09
71584195,36,Otro,Chiclayo,Nuevo,2024-02-28,sbs,2025-11-09
25184381,29,Femenino,Piura,Nuevo,2023-08-18,sbs,2025-11-09
68147312,69,Femenino,Chiclayo,Nuevo,2024-03-30,sbs,2025-11-09
14363594,33,Otro,Lima,Nuevo,2024-07-30,sbs,2025-11-09
56948562,65,Femenino,Piura,Nuevo,2023-06-10,sbs,2025-11-09
53627471,57,Otro,Cusco,Recurrente,2024-07-17,sbs,2025-11-09
27075254,24,Otro,Cusco,Nuevo,2023-08-19,sbs,2025-11-09
34183667,47,Otro,Chiclayo,Recurrente,2024-05-20,sbs,2025-11-09
62025032,52,Masculino,Chiclayo,Recurrente,2023-05-01,sbs,2025-11-09
67611344,32,Femenino,Lima,Nuevo,2024-07-30,sbs,2025-11-09
63033833,21,Masculino,Arequipa,Recurrente,2024-04-08,sbs,2025-11-09
84217674,59,Femenino,Chiclayo,Nuevo,2023-06-20,sbs,2025-11-09
45537497,59,Femenino,Piura,Recurrente,2024-05-15,sbs,2025-11-09
10076576,57,Otro,Cusco,Nuevo,2024-04-08,sbs,2025-11-09
66196405,50,Otro,Arequipa,Nuevo,2023-01-03,sbs,2025-11-09
32769522,65,Femenino,Piura,Recurrente,2023-01-23,sbs,2025-11-09
85839021,20,Otro,Lima,Recurrente,2023-04-16,sbs,2025-11-09
59848952,28,Otro,Lima,Nuevo,2023-03-21,sbs,2025-11-09
44768842,67,Femenino,Chiclayo,Nuevo,2023-10-14,sbs,2025-11-09
31055735,52,Otro,Lima,Nuevo,2023-06-27,sbs,2025-11-09
32518072,40,Masculino,Chiclayo,Nuevo,2023-01-07,sbs,2025-11-09
97506740,33,Femenino,Lima,Nuevo,2024-01-19,sbs,2025-11-09
25236678,69,Femenino,Piura,Recurrente,2023-03-02,sbs,2025-11-09
54098683,57,Otro,Chiclayo,Recurrente,2023-10-18,sbs,2025-11-09
87966442,68,Otro,Lima,Nuevo,2024-02-19,sbs,2025-11-09
93722553,50,Otro,Cusco,Nuevo,2023-08-02,sbs,2025-11-09
43056454,30,Masculino,Chiclayo,Recurrente,2023-10-29,sbs,2025-11-09
82129095,43,Masculino,Cusco,Nuevo,2023-01-08,sbs,2025-11-09
96585128,19,Femenino,Cusco,Recurrente,2024-07-05,sbs,2025-11-09
46268695,32,Masculino,Chiclayo,Recurrente,2023-10-03,sbs,2025-11-09
90321827,23,Masculino,Cusco,Nuevo,2023-12-08,sbs,2025-11-09
17575494,43,Femenino,Cusco,Nuevo,2023-05-18,sbs,2025-11-09
36586910,25,Masculino,Chiclayo,Recurrente,2024-02-16,sbs,2025-11-09
47293092,22,Femenino,Arequipa,Nuevo,2024-01-16,sbs,2025-11-09
96022455,28,Masculino,Lima,Nuevo,2023-10-02,sbs,2025-11-09
93501427,23,Otro,Chiclayo,Recurrente,2023-12-17,sbs,2025-11-09
69906546,68,Masculino,Cusco,Nuevo,2024-02-10,sbs,2025-11-09
41154502,22,Otro,Chiclayo,Nuevo,2024-01-17,sbs,2025-11-09
73545725,64,Femenino,Chiclayo,Recurrente,2023-10-08,sbs,2025-11-09
43806025,38,Masculino,Cusco,Nuevo,2024-02-13,sbs,2025-11-09
26168609,42,Masculino,Chiclayo,Recurrente,2024-03-11,sbs,2025-11-09
98562865,46,Masculino,Lima,Nuevo,2023-06-12,sbs,2025-11-09
46303495,65,Otro,Piura,Nuevo,2023-05-21,sbs,2025-11-09
57490644,21,Masculino,Chiclayo,Recurrente,2023-03-06,sbs,2025-11-09
22628163,62,Masculino,Piura,Nuevo,2023-11-22,sbs,2025-11-09
50199913,35,Masculino,Chiclayo,Nuevo,2023-04-18,sbs,2025-11-09
75110960,33,Otro,Lima,Nuevo,2024-03-28,sbs,2025-11-09
60245981,55,Femenino,Chiclayo,Nuevo,2023-05-10,sbs,2025-11-09
22539199,62,Otro,Piura,Recurrente,2023-06-07,sbs,2025-11-09
94326656,50,Otro,Chiclayo,Recurrente,2023-09-18,sbs,2025-11-09
24691650,69,Otro,Piura,Recurrente,2024-07-06,sbs,2025-11-09
74840922,55,Masculino,Lima,Nuevo,2024-07-09,sbs,2025-11-09
87118971,49,Masculino,Arequipa,Nuevo,2024-01-27,sbs,2025-11-09
67713405,30,Masculino,Chiclayo,Recurrente,2024-07-25,sbs,2025-11-09
32270634,40,Masculino,Piura,Recurrente,2023-02-28,sbs,2025-11-09
46901435,39,Femenino,Cusco,Recurrente,2024-03-19,sbs,2025-11-09
80771894,21,Otro,Piura,Nuevo,2024-01-03,sbs,2025-11-09
68685777,51,Masculino,Cusco,Nuevo,2023-11-25,sbs,2025-11-09
12414504,63,Femenino,Chiclayo,Nuevo,2023-06-26,sbs,2025-11-09
98377293,65,Otro,Piura,Nuevo,2023-05-09,sbs,2025-11-09
